test_id,date,n,delta_mae_rub
test_00001,2024-07-01,2016,55.287826682364326
test_00001,2024-08-01,4032,145.2118155625098
test_00001,2024-09-01,6048,1102.327601095183
test_00001,2024-10-01,6048,579.0451406246735
test_00001,2024-11-01,4032,623.1331048498638
test_00001,2024-12-01,2016,6236.62858066689
test_00002,2024-11-01,2016,-97.48410909204591
test_00002,2024-12-01,4032,4742.582429271558
test_00003,2024-06-01,6048,-415.3395332627874
test_00003,2024-07-01,6048,473.1284517618943
test_00003,2024-08-01,6048,382.3167358750344
test_00003,2024-09-01,6048,1102.327601095183
test_00004,2024-10-01,6048,579.0451406246735
test_00004,2024-11-01,6048,382.9273668692273
test_00005,2024-12-01,6048,5240.597813070002
test_00006,2024-03-01,2016,1892.4803209055865
test_00006,2024-04-01,4032,-715.3636273878467
test_00006,2024-05-01,6048,-266.15114411137864
test_00007,2024-03-01,2016,1892.4803209055865
test_00007,2024-04-01,4032,-715.3636273878467
test_00007,2024-05-01,6048,-266.15114411137864
test_00007,2024-06-01,6048,-415.3395332627874
test_00007,2024-07-01,6048,473.1284517618943
test_00007,2024-08-01,6048,382.3167358750344
test_00007,2024-09-01,6048,1102.327601095183
test_00007,2024-10-01,6048,579.0451406246735
test_00007,2024-11-01,6048,382.9273668692273
test_00007,2024-12-01,6048,5240.597813070002
test_00008,2024-12-01,2016,4233.164308041541
test_00009,2024-08-01,2016,2339.69787535773
test_00009,2024-09-01,2016,-104.50852769329303
test_00010,2024-10-01,2016,149.7330890387523
test_00010,2024-11-01,2016,156.48319914196566
test_00011,2024-12-01,2016,4233.164308041541
test_00012,2024-08-01,2016,2339.69787535773
test_00012,2024-09-01,2016,-104.50852769329303
test_00012,2024-10-01,2016,149.7330890387523
test_00012,2024-11-01,2016,156.48319914196566
test_00012,2024-12-01,2016,4233.164308041541
test_00013,2024-07-01,2016,-80.71201100741833
test_00013,2024-08-01,4032,63.501974994063936
test_00013,2024-09-01,6048,227.64074564732363
test_00013,2024-10-01,6048,253.61160122962988
test_00013,2024-11-01,4032,223.80250492007985
test_00013,2024-12-01,2016,92.14012679720838
test_00014,2024-11-01,2016,115.02788510513977
test_00014,2024-12-01,4032,-0.13464305581689068
test_00015,2024-06-01,6048,-75.88713359152227
test_00015,2024-07-01,6048,25.698534403326
test_00015,2024-08-01,6048,63.358923511377675
test_00015,2024-09-01,6048,227.64074564732363
test_00016,2024-10-01,6048,253.61160122962988
test_00016,2024-11-01,6048,187.54429831509984
test_00017,2024-12-01,6048,30.623613561858196
test_00018,2024-03-01,2016,42.860750043674
test_00018,2024-04-01,4032,-283.5709188076989
test_00018,2024-05-01,6048,-98.03263351067659
test_00019,2024-03-01,2016,42.860750043674
test_00019,2024-04-01,4032,-283.5709188076989
test_00019,2024-05-01,6048,-98.03263351067659
test_00019,2024-06-01,6048,-75.88713359152227
test_00019,2024-07-01,6048,25.698534403326
test_00019,2024-08-01,6048,63.358923511377675
test_00019,2024-09-01,6048,227.64074564732363
test_00019,2024-10-01,6048,253.61160122962988
test_00019,2024-11-01,6048,187.54429831509984
test_00019,2024-12-01,6048,30.623613561858196
test_00020,2024-12-01,2016,-39.592022719129105
test_00021,2024-08-01,2016,-54.006376100856336
test_00021,2024-09-01,2016,436.65851746454473
test_00022,2024-10-01,2016,490.3257027850787
test_00022,2024-11-01,2016,295.9018721373043
test_00023,2024-12-01,2016,-39.592022719129105
test_00024,2024-08-01,2016,-54.006376100856336
test_00024,2024-09-01,2016,436.65851746454473
test_00024,2024-10-01,2016,490.3257027850787
test_00024,2024-11-01,2016,295.9018721373043
test_00024,2024-12-01,2016,-39.592022719129105
test_00025,2024-07-01,2016,3540.581477476015
test_00025,2024-08-01,4032,3636.8087897688592
test_00025,2024-09-01,6048,2884.3861328412145
test_00025,2024-10-01,6048,3763.7331366564194
test_00025,2024-11-01,4032,2958.939156437166
test_00025,2024-12-01,2016,3676.410326698636
test_00026,2024-11-01,2016,3081.7267044000173
test_00026,2024-12-01,4032,3720.067052287431
test_00027,2024-06-01,6048,3348.5062008641967
test_00027,2024-07-01,6048,3450.61439752909
test_00027,2024-08-01,6048,3581.974639314188
test_00027,2024-09-01,6048,2884.3861328412145
test_00028,2024-10-01,6048,3763.7331366564194
test_00028,2024-11-01,6048,2999.8683390914493
test_00029,2024-12-01,6048,3705.5148104244995
test_00030,2024-03-01,2016,2810.8220867786026
test_00030,2024-04-01,4032,2541.038654358185
test_00030,2024-05-01,6048,2762.542969645235
test_00031,2024-03-01,2016,2810.8220867786026
test_00031,2024-04-01,4032,2541.038654358185
test_00031,2024-05-01,6048,2762.542969645235
test_00031,2024-06-01,6048,3348.5062008641967
test_00031,2024-07-01,6048,3450.61439752909
test_00031,2024-08-01,6048,3581.974639314188
test_00031,2024-09-01,6048,2884.3861328412145
test_00031,2024-10-01,6048,3763.7331366564194
test_00031,2024-11-01,6048,2999.8683390914493
test_00031,2024-12-01,6048,3705.5148104244995
test_00032,2024-12-01,2016,2961.24565724789
test_00033,2024-08-01,2016,2370.5535301196346
test_00033,2024-09-01,2016,2418.4081389733738
test_00034,2024-10-01,2016,3059.94092634034
test_00034,2024-11-01,2016,2596.674171364188
test_00035,2024-12-01,2016,2961.24565724789
test_00036,2024-08-01,2016,2370.5535301196346
test_00036,2024-09-01,2016,2418.4081389733738
test_00036,2024-10-01,2016,3059.94092634034
test_00036,2024-11-01,2016,2596.674171364188
test_00036,2024-12-01,2016,2961.24565724789
test_00037,2024-07-01,2016,125.07655970341128
test_00037,2024-08-01,4032,68.2359839948573
test_00037,2024-09-01,6048,24.14618290849162
test_00037,2024-10-01,6048,73.86495101083041
test_00037,2024-11-01,4032,40.2907224444743
test_00037,2024-12-01,2016,91.71442329953501
test_00038,2024-11-01,2016,31.868265881537614
test_00038,2024-12-01,4032,184.49182773702395
test_00039,2024-06-01,6048,173.17465595373497
test_00039,2024-07-01,6048,157.94859135841975
test_00039,2024-08-01,6048,84.10524394526804
test_00039,2024-09-01,6048,24.14618290849162
test_00040,2024-10-01,6048,73.86495101083041
test_00040,2024-11-01,6048,37.4832369234954
test_00041,2024-12-01,6048,153.56602625786098
test_00042,2024-03-01,2016,47.69376190995885
test_00042,2024-04-01,4032,166.96227458237558
test_00042,2024-05-01,6048,200.04264119305256
test_00043,2024-03-01,2016,47.69376190995885
test_00043,2024-04-01,4032,166.96227458237558
test_00043,2024-05-01,6048,200.04264119305256
test_00043,2024-06-01,6048,173.17465595373497
test_00043,2024-07-01,6048,157.94859135841975
test_00043,2024-08-01,6048,84.10524394526804
test_00043,2024-09-01,6048,24.14618290849162
test_00043,2024-10-01,6048,73.86495101083041
test_00043,2024-11-01,6048,37.4832369234954
test_00043,2024-12-01,6048,153.56602625786098
test_00044,2024-12-01,2016,159.51201478137983
test_00045,2024-08-01,2016,182.72977297610475
test_00045,2024-09-01,2016,109.5225246399642
test_00046,2024-10-01,2016,172.9249087982291
test_00046,2024-11-01,2016,19.054382881777418
test_00047,2024-12-01,2016,159.51201478137983
test_00048,2024-08-01,2016,182.72977297610475
test_00048,2024-09-01,2016,109.5225246399642
test_00048,2024-10-01,2016,172.9249087982291
test_00048,2024-11-01,2016,19.054382881777418
test_00048,2024-12-01,2016,159.51201478137983
test_00049,2024-07-01,2016,191.17110960954622
test_00049,2024-08-01,4032,136.4479780381514
test_00049,2024-09-01,6048,119.03809764203208
test_00049,2024-10-01,6048,278.26433790004967
test_00049,2024-11-01,4032,67.41776449342784
test_00049,2024-12-01,2016,59.565806139635846
test_00050,2024-11-01,2016,62.17148938422371
test_00050,2024-12-01,4032,299.27811881118834
test_00051,2024-06-01,6048,223.64670045493466
test_00051,2024-07-01,6048,704.556693319937
test_00051,2024-08-01,6048,194.98342244841294
test_00051,2024-09-01,6048,119.03809764203208
test_00052,2024-10-01,6048,278.26433790004967
test_00052,2024-11-01,6048,65.66900612369314
test_00053,2024-12-01,6048,219.3740145873375
test_00054,2024-03-01,2016,80.43297668269504
test_00054,2024-04-01,4032,66.83289175064783
test_00054,2024-05-01,6048,184.86069605763055
test_00055,2024-03-01,2016,80.43297668269504
test_00055,2024-04-01,4032,66.83289175064783
test_00055,2024-05-01,6048,184.86069605763055
test_00055,2024-06-01,6048,223.64670045493466
test_00055,2024-07-01,6048,704.556693319937
test_00055,2024-08-01,6048,194.98342244841294
test_00055,2024-09-01,6048,119.03809764203208
test_00055,2024-10-01,6048,278.26433790004967
test_00055,2024-11-01,6048,65.66900612369314
test_00055,2024-12-01,6048,219.3740145873375
test_00056,2024-12-01,2016,699.1807668506603
test_00057,2024-08-01,2016,29.436115652453164
test_00057,2024-09-01,2016,-13.016492155083926
test_00058,2024-10-01,2016,1003.498395617664
test_00058,2024-11-01,2016,78.38732441060472
test_00059,2024-12-01,2016,699.1807668506603
test_00060,2024-08-01,2016,29.436115652453164
test_00060,2024-09-01,2016,-13.016492155083926
test_00060,2024-10-01,2016,1003.498395617664
test_00060,2024-11-01,2016,78.38732441060472
test_00060,2024-12-01,2016,699.1807668506603
test_00061,2024-07-01,2016,251.26635276895576
test_00061,2024-08-01,4032,320.8833963929657
test_00061,2024-09-01,6048,311.33631499857546
test_00061,2024-10-01,6048,356.950011186996
test_00061,2024-11-01,4032,257.2232734775242
test_00061,2024-12-01,2016,230.01141661880388
test_00062,2024-11-01,2016,464.3891118294962
test_00062,2024-12-01,4032,391.05436691364105
test_00063,2024-06-01,6048,363.9665119213954
test_00063,2024-07-01,6048,569.6332899855596
test_00063,2024-08-01,6048,283.72867439723353
test_00063,2024-09-01,6048,311.33631499857546
test_00064,2024-10-01,6048,356.950011186996
test_00064,2024-11-01,6048,326.2785529281815
test_00065,2024-12-01,6048,337.3733834820286
test_00066,2024-03-01,2016,1265.2085253007651
test_00066,2024-04-01,4032,327.47963392933656
test_00066,2024-05-01,6048,332.96105008922143
test_00067,2024-03-01,2016,1265.2085253007651
test_00067,2024-04-01,4032,327.47963392933656
test_00067,2024-05-01,6048,332.96105008922143
test_00067,2024-06-01,6048,363.9665119213954
test_00067,2024-07-01,6048,569.6332899855596
test_00067,2024-08-01,6048,283.72867439723353
test_00067,2024-09-01,6048,311.33631499857546
test_00067,2024-10-01,6048,356.950011186996
test_00067,2024-11-01,6048,326.2785529281815
test_00067,2024-12-01,6048,337.3733834820286
test_00068,2024-12-01,2016,53.565485487740986
test_00069,2024-08-01,2016,125.29361454645479
test_00069,2024-09-01,2016,-305.274128837134
test_00070,2024-10-01,2016,1052.1008700146426
test_00070,2024-11-01,2016,158.40406621145883
test_00071,2024-12-01,2016,53.565485487740986
test_00072,2024-08-01,2016,125.29361454645479
test_00072,2024-09-01,2016,-305.274128837134
test_00072,2024-10-01,2016,1052.1008700146426
test_00072,2024-11-01,2016,158.40406621145883
test_00072,2024-12-01,2016,53.565485487740986
test_00073,2024-07-01,2016,109.21726313664352
test_00073,2024-08-01,4032,42.66597594986168
test_00073,2024-09-01,6048,19.29442059120404
test_00073,2024-10-01,6048,61.21624653828105
test_00073,2024-11-01,4032,-12.396080668136115
test_00073,2024-12-01,2016,-11.964203985757134
test_00074,2024-11-01,2016,30.346887001229803
test_00074,2024-12-01,4032,57.21057643069073
test_00075,2024-06-01,4032,30.115103856506806
test_00075,2024-07-01,4032,102.01993703771714
test_00075,2024-08-01,6048,60.05343125530754
test_00075,2024-09-01,6048,19.29442059120404
test_00076,2024-10-01,6048,61.21624653828105
test_00076,2024-11-01,6048,1.8515752216525245
test_00077,2024-12-01,6048,34.152316291874776
test_00078,2024-04-01,2016,8.407575117409278
test_00078,2024-05-01,2016,19.583048214198385
test_00079,2024-04-01,2016,8.407575117409278
test_00079,2024-05-01,2016,19.583048214198385
test_00079,2024-06-01,4032,30.115103856506806
test_00079,2024-07-01,4032,102.01993703771714
test_00079,2024-08-01,6048,60.05343125530754
test_00079,2024-09-01,6048,19.29442059120404
test_00079,2024-10-01,6048,61.21624653828105
test_00079,2024-11-01,6048,1.8515752216525245
test_00079,2024-12-01,6048,34.152316291874776
test_00080,2024-07-01,2016,-71.74133881221175
test_00080,2024-08-01,4032,16.11170094416903
test_00080,2024-09-01,6048,81.75943577515412
test_00080,2024-10-01,6048,96.65518223519493
test_00080,2024-11-01,4032,49.48983968437243
test_00080,2024-12-01,2016,100.30054706395663
test_00081,2024-11-01,2016,-38.648549820287684
test_00081,2024-12-01,4032,-17.73277275472059
test_00082,2024-06-01,4032,245.25708643972385
test_00082,2024-07-01,4032,-65.60184596962188
test_00082,2024-08-01,6048,-45.66030575382408
test_00082,2024-09-01,6048,81.75943577515412
test_00083,2024-10-01,6048,96.65518223519493
test_00083,2024-11-01,6048,20.11037651615239
test_00084,2024-12-01,6048,21.61166718483849
test_00085,2024-04-01,2016,200.08194805238952
test_00085,2024-05-01,2016,112.17588430945824
test_00086,2024-04-01,2016,200.08194805238952
test_00086,2024-05-01,2016,112.17588430945824
test_00086,2024-06-01,4032,245.25708643972385
test_00086,2024-07-01,4032,-65.60184596962188
test_00086,2024-08-01,6048,-45.66030575382408
test_00086,2024-09-01,6048,81.75943577515412
test_00086,2024-10-01,6048,96.65518223519493
test_00086,2024-11-01,6048,20.11037651615239
test_00086,2024-12-01,6048,21.61166718483849
test_00087,2024-07-01,2016,246.33312328080765
test_00087,2024-08-01,4032,124.66433223562646
test_00087,2024-09-01,6048,95.09029062650538
test_00087,2024-10-01,6048,178.77185035337442
test_00087,2024-11-01,4032,29.942214193617144
test_00087,2024-12-01,2016,22.319437653848077
test_00088,2024-11-01,2016,95.91246841268462
test_00088,2024-12-01,4032,248.42289322855407
test_00089,2024-06-01,6048,183.15452855419394
test_00089,2024-07-01,6048,700.126936181993
test_00089,2024-08-01,6048,207.84113706066978
test_00089,2024-09-01,6048,95.09029062650538
test_00090,2024-10-01,6048,178.77185035337442
test_00090,2024-11-01,6048,51.9322989333063
test_00091,2024-12-01,6048,173.05507470365208
test_00092,2024-03-01,2016,-30.95325900497205
test_00092,2024-04-01,4032,17.295689166126376
test_00092,2024-05-01,6048,134.54094009467988
test_00093,2024-03-01,2016,-30.95325900497205
test_00093,2024-04-01,4032,17.295689166126376
test_00093,2024-05-01,6048,134.54094009467988
test_00093,2024-06-01,6048,183.15452855419394
test_00093,2024-07-01,6048,700.126936181993
test_00093,2024-08-01,6048,207.84113706066978
test_00093,2024-09-01,6048,95.09029062650538
test_00093,2024-10-01,6048,178.77185035337442
test_00093,2024-11-01,6048,51.9322989333063
test_00093,2024-12-01,6048,173.05507470365208
test_00094,2024-12-01,2016,564.6167958403637
test_00095,2024-08-01,2016,16.22196570988725
test_00095,2024-09-01,2016,11.711187899741555
test_00096,2024-10-01,2016,1258.8394171671014
test_00096,2024-11-01,2016,362.4314605011769
test_00097,2024-12-01,2016,564.6167958403637
test_00098,2024-08-01,2016,16.22196570988725
test_00098,2024-09-01,2016,11.711187899741555
test_00098,2024-10-01,2016,1258.8394171671014
test_00098,2024-11-01,2016,362.4314605011769
test_00098,2024-12-01,2016,564.6167958403637
test_00099,2024-07-01,2016,237.46346615820184
test_00099,2024-08-01,4032,124.0886878393919
test_00099,2024-09-01,6048,100.22269996993435
test_00099,2024-10-01,6048,170.45994776509497
test_00099,2024-11-01,4032,39.0625303446755
test_00099,2024-12-01,2016,29.988952296423772
test_00100,2024-11-01,2016,99.47740484475548
test_00100,2024-12-01,4032,261.7195272442942
test_00101,2024-06-01,6048,191.97628464670333
test_00101,2024-07-01,6048,705.4048222199755
test_00101,2024-08-01,6048,210.96700975067287
test_00101,2024-09-01,6048,100.22269996993435
test_00102,2024-10-01,6048,170.45994776509497
test_00102,2024-11-01,6048,59.20082184470216
test_00103,2024-12-01,6048,184.47600226167071
test_00104,2024-03-01,2016,-20.48340392709286
test_00104,2024-04-01,4032,15.513979988849313
test_00104,2024-05-01,6048,125.36026227614067
test_00105,2024-03-01,2016,-20.48340392709286
test_00105,2024-04-01,4032,15.513979988849313
test_00105,2024-05-01,6048,125.36026227614067
test_00105,2024-06-01,6048,191.97628464670333
test_00105,2024-07-01,6048,705.4048222199755
test_00105,2024-08-01,6048,210.96700975067287
test_00105,2024-09-01,6048,100.22269996993435
test_00105,2024-10-01,6048,170.45994776509497
test_00105,2024-11-01,6048,59.20082184470216
test_00105,2024-12-01,6048,184.47600226167071
test_00106,2024-12-01,2016,575.045166702696
test_00107,2024-08-01,2016,28.4322471556779
test_00107,2024-09-01,2016,33.00508836773297
test_00108,2024-10-01,2016,1269.3577144062378
test_00108,2024-11-01,2016,370.0250925185359
test_00109,2024-12-01,2016,575.045166702696
test_00110,2024-08-01,2016,28.4322471556779
test_00110,2024-09-01,2016,33.00508836773297
test_00110,2024-10-01,2016,1269.3577144062378
test_00110,2024-11-01,2016,370.0250925185359
test_00110,2024-12-01,2016,575.045166702696
test_00111,2024-07-01,2016,240.11909329697414
test_00111,2024-08-01,4032,123.21908380601775
test_00111,2024-09-01,6048,110.00718355788885
test_00111,2024-10-01,6048,151.52630814002526
test_00111,2024-11-01,4032,67.19759034395305
test_00111,2024-12-01,2016,51.31530573965766
test_00112,2024-11-01,2016,111.29971006983675
test_00112,2024-12-01,4032,276.47412721770536
test_00113,2024-06-01,6048,204.39685399072306
test_00113,2024-07-01,6048,710.3289871699442
test_00113,2024-08-01,6048,215.81729907927428
test_00113,2024-09-01,6048,110.00718355788885
test_00114,2024-10-01,6048,151.52630814002526
test_00114,2024-11-01,6048,81.89829691924761
test_00115,2024-12-01,6048,201.42118672502278
test_00116,2024-03-01,2016,-5.977166758164215
test_00116,2024-04-01,4032,10.712352586941034
test_00116,2024-05-01,6048,117.53874968892394
test_00117,2024-03-01,2016,-5.977166758164215
test_00117,2024-04-01,4032,10.712352586941034
test_00117,2024-05-01,6048,117.53874968892394
test_00117,2024-06-01,6048,204.39685399072306
test_00117,2024-07-01,6048,710.3289871699442
test_00117,2024-08-01,6048,215.81729907927428
test_00117,2024-09-01,6048,110.00718355788885
test_00117,2024-10-01,6048,151.52630814002526
test_00117,2024-11-01,6048,81.89829691924761
test_00117,2024-12-01,6048,201.42118672502278
test_00118,2024-12-01,2016,623.780592105425
test_00119,2024-08-01,2016,30.57263514885184
test_00119,2024-09-01,2016,70.03489546613041
test_00120,2024-10-01,2016,1347.7050042488424
test_00120,2024-11-01,2016,448.25900990195805
test_00121,2024-12-01,2016,623.780592105425
test_00122,2024-08-01,2016,30.57263514885184
test_00122,2024-09-01,2016,70.03489546613041
test_00122,2024-10-01,2016,1347.7050042488424
test_00122,2024-11-01,2016,448.25900990195805
test_00122,2024-12-01,2016,623.780592105425
test_00123,2024-07-01,2016,246.55087779773248
test_00123,2024-08-01,4032,133.3870857560171
test_00123,2024-09-01,6048,90.81607369991009
test_00123,2024-10-01,6048,179.1302880595535
test_00123,2024-11-01,4032,27.669882116322107
test_00123,2024-12-01,2016,18.642656440587523
test_00124,2024-11-01,2016,108.13594990598486
test_00124,2024-12-01,4032,233.73348827477835
test_00125,2024-06-01,6048,171.3256495125769
test_00125,2024-07-01,6048,683.114518034557
test_00125,2024-08-01,6048,207.449103084012
test_00125,2024-09-01,6048,90.81607369991009
test_00126,2024-10-01,6048,179.1302880595535
test_00126,2024-11-01,6048,54.49190471287636
test_00127,2024-12-01,6048,162.0365443300481
test_00128,2024-03-01,2016,-43.437016088680295
test_00128,2024-04-01,4032,-8.676889752184017
test_00128,2024-05-01,6048,129.78676380844462
test_00129,2024-03-01,2016,-43.437016088680295
test_00129,2024-04-01,4032,-8.676889752184017
test_00129,2024-05-01,6048,129.78676380844462
test_00129,2024-06-01,6048,171.3256495125769
test_00129,2024-07-01,6048,683.114518034557
test_00129,2024-08-01,6048,207.449103084012
test_00129,2024-09-01,6048,90.81607369991009
test_00129,2024-10-01,6048,179.1302880595535
test_00129,2024-11-01,6048,54.49190471287636
test_00129,2024-12-01,6048,162.0365443300481
test_00130,2024-07-01,2016,282.5349011636831
test_00130,2024-08-01,4032,152.15064606366238
test_00130,2024-09-01,6048,96.0097600295
test_00130,2024-10-01,6048,192.3475153487622
test_00130,2024-11-01,4032,61.574784888183366
test_00130,2024-12-01,2016,39.3919383024302
test_00131,2024-11-01,2016,108.84148129943532
test_00131,2024-12-01,4032,278.5514212473807
test_00132,2024-06-01,6048,238.88651968058917
test_00132,2024-07-01,6048,695.012488828221
test_00132,2024-08-01,6048,224.45038968448807
test_00132,2024-09-01,6048,96.0097600295
test_00133,2024-10-01,6048,192.3475153487622
test_00133,2024-11-01,6048,77.33035035860068
test_00134,2024-12-01,6048,198.8315935990639
test_00135,2024-03-01,2016,104.23172959637269
test_00135,2024-04-01,4032,50.393489808307535
test_00135,2024-05-01,6048,192.6170314794607
test_00136,2024-03-01,2016,104.23172959637269
test_00136,2024-04-01,4032,50.393489808307535
test_00136,2024-05-01,6048,192.6170314794607
test_00136,2024-06-01,6048,238.88651968058917
test_00136,2024-07-01,6048,695.012488828221
test_00136,2024-08-01,6048,224.45038968448807
test_00136,2024-09-01,6048,96.0097600295
test_00136,2024-10-01,6048,192.3475153487622
test_00136,2024-11-01,6048,77.33035035860068
test_00136,2024-12-01,6048,198.8315935990639
test_00137,2024-12-01,2016,437.09619113777825
test_00138,2024-08-01,2016,54.72420260710571
test_00138,2024-09-01,2016,-108.51640950191029
test_00139,2024-10-01,2016,1119.1097207904008
test_00139,2024-11-01,2016,188.7347836150074
test_00140,2024-12-01,2016,437.09619113777825
test_00141,2024-08-01,2016,54.72420260710571
test_00141,2024-09-01,2016,-108.51640950191029
test_00141,2024-10-01,2016,1119.1097207904008
test_00141,2024-11-01,2016,188.7347836150074
test_00141,2024-12-01,2016,437.09619113777825
test_00142,2024-07-01,2016,291.4993297474768
test_00142,2024-08-01,4032,155.32030678811256
test_00142,2024-09-01,6048,98.96295318531105
test_00142,2024-10-01,6048,184.91185627329907
test_00142,2024-11-01,4032,60.88564544680308
test_00142,2024-12-01,2016,43.91682902675717
test_00143,2024-11-01,2016,119.02828255356494
test_00143,2024-12-01,4032,288.8694135821533
test_00144,2024-06-01,6048,246.47392542152335
test_00144,2024-07-01,6048,709.5737179138832
test_00144,2024-08-01,6048,231.88636576549766
test_00144,2024-09-01,6048,98.96295318531105
test_00145,2024-10-01,6048,184.91185627329907
test_00145,2024-11-01,6048,80.26652448239037
test_00146,2024-12-01,6048,207.21855206368792
test_00147,2024-03-01,2016,101.03489740045295
test_00147,2024-04-01,4032,33.100503092010875
test_00147,2024-05-01,6048,189.78872803998078
test_00148,2024-03-01,2016,101.03489740045295
test_00148,2024-04-01,4032,33.100503092010875
test_00148,2024-05-01,6048,189.78872803998078
test_00148,2024-06-01,6048,246.47392542152335
test_00148,2024-07-01,6048,709.5737179138832
test_00148,2024-08-01,6048,231.88636576549766
test_00148,2024-09-01,6048,98.96295318531105
test_00148,2024-10-01,6048,184.91185627329907
test_00148,2024-11-01,6048,80.26652448239037
test_00148,2024-12-01,6048,207.21855206368792
test_00149,2024-12-01,2016,469.3349495308154
test_00150,2024-08-01,2016,66.23744615252657
test_00150,2024-09-01,2016,-73.75825922858718
test_00151,2024-10-01,2016,1145.3225431879018
test_00151,2024-11-01,2016,216.52823729315756
test_00152,2024-12-01,2016,469.3349495308154
test_00153,2024-08-01,2016,66.23744615252657
test_00153,2024-09-01,2016,-73.75825922858718
test_00153,2024-10-01,2016,1145.3225431879018
test_00153,2024-11-01,2016,216.52823729315756
test_00153,2024-12-01,2016,469.3349495308154
test_00154,2024-07-01,2016,298.1808450844968
test_00154,2024-08-01,4032,158.09350484401557
test_00154,2024-09-01,6048,101.60291291229402
test_00154,2024-10-01,6048,178.82656513889347
test_00154,2024-11-01,4032,60.341613640273984
test_00154,2024-12-01,2016,51.70758631008678
test_00155,2024-11-01,2016,127.57019753081222
test_00155,2024-12-01,4032,298.28524950940835
test_00156,2024-06-01,6048,254.68827286420398
test_00156,2024-07-01,6048,722.4172996176491
test_00156,2024-08-01,6048,238.6567965837064
test_00156,2024-09-01,6048,101.60291291229402
test_00157,2024-10-01,6048,178.82656513889347
test_00157,2024-11-01,6048,82.75114160378672
test_00158,2024-12-01,6048,216.09269510963446
test_00159,2024-03-01,2016,102.48776110651812
test_00159,2024-04-01,4032,17.854566243607408
test_00159,2024-05-01,6048,187.91118969749468
test_00160,2024-03-01,2016,102.48776110651812
test_00160,2024-04-01,4032,17.854566243607408
test_00160,2024-05-01,6048,187.91118969749468
test_00160,2024-06-01,6048,254.68827286420398
test_00160,2024-07-01,6048,722.4172996176491
test_00160,2024-08-01,6048,238.6567965837064
test_00160,2024-09-01,6048,101.60291291229402
test_00160,2024-10-01,6048,178.82656513889347
test_00160,2024-11-01,6048,82.75114160378672
test_00160,2024-12-01,6048,216.09269510963446
test_00161,2024-12-01,2016,500.9149528350399
test_00162,2024-08-01,2016,82.50396028126292
test_00162,2024-09-01,2016,-37.10534061004145
test_00163,2024-10-01,2016,1170.2219214189065
test_00163,2024-11-01,2016,244.72762070536845
test_00164,2024-12-01,2016,500.9149528350399
test_00165,2024-08-01,2016,82.50396028126292
test_00165,2024-09-01,2016,-37.10534061004145
test_00165,2024-10-01,2016,1170.2219214189065
test_00165,2024-11-01,2016,244.72762070536845
test_00165,2024-12-01,2016,500.9149528350399
test_00166,2024-07-01,2016,302.45296030069596
test_00166,2024-08-01,4032,160.72636195499786
test_00166,2024-09-01,6048,103.99185243802334
test_00166,2024-10-01,6048,174.02462486701293
test_00166,2024-11-01,4032,61.25172181900958
test_00166,2024-12-01,2016,62.53436784571898
test_00167,2024-11-01,2016,134.6258631764953
test_00167,2024-12-01,4032,307.4709025287088
test_00168,2024-06-01,6048,263.6780078051854
test_00168,2024-07-01,6048,733.7987520200024
test_00168,2024-08-01,6048,245.07640404360993
test_00168,2024-09-01,6048,103.99185243802334
test_00169,2024-10-01,6048,174.02462486701293
test_00169,2024-11-01,6048,85.70976893817149
test_00170,2024-12-01,6048,225.82539096771222
test_00171,2024-03-01,2016,107.42098699319813
test_00171,2024-04-01,4032,4.259470987483441
test_00171,2024-05-01,6048,186.9612530301864
test_00172,2024-03-01,2016,107.42098699319813
test_00172,2024-04-01,4032,4.259470987483441
test_00172,2024-05-01,6048,186.9612530301864
test_00172,2024-06-01,6048,263.6780078051854
test_00172,2024-07-01,6048,733.7987520200024
test_00172,2024-08-01,6048,245.07640404360993
test_00172,2024-09-01,6048,103.99185243802334
test_00172,2024-10-01,6048,174.02462486701293
test_00172,2024-11-01,6048,85.70976893817149
test_00172,2024-12-01,6048,225.82539096771222
test_00173,2024-12-01,2016,532.5390870649421
test_00174,2024-08-01,2016,102.22405723692904
test_00174,2024-09-01,2016,1.7443789007095662
test_00175,2024-10-01,2016,1194.9184084963072
test_00175,2024-11-01,2016,273.93439010519324
test_00176,2024-12-01,2016,532.5390870649421
test_00177,2024-08-01,2016,102.22405723692904
test_00177,2024-09-01,2016,1.7443789007095662
test_00177,2024-10-01,2016,1194.9184084963072
test_00177,2024-11-01,2016,273.93439010519324
test_00177,2024-12-01,2016,532.5390870649421
test_00178,2024-07-01,2016,252.0424648396694
test_00178,2024-08-01,4032,124.79738446398964
test_00178,2024-09-01,6048,86.98786142389145
test_00178,2024-10-01,6048,184.60851682582307
test_00178,2024-11-01,4032,40.60351523718314
test_00178,2024-12-01,2016,9.050240204430521
test_00179,2024-11-01,2016,93.99129991051416
test_00179,2024-12-01,4032,235.487732166751
test_00180,2024-06-01,6048,156.83103478170736
test_00180,2024-07-01,6048,668.2556143129544
test_00180,2024-08-01,6048,194.53944117395005
test_00180,2024-09-01,6048,86.98786142389145
test_00181,2024-10-01,6048,184.60851682582307
test_00181,2024-11-01,6048,58.3994434616268
test_00182,2024-12-01,6048,160.00856817931083
test_00183,2024-03-01,2016,-48.03629482645169
test_00183,2024-04-01,4032,16.074080899742928
test_00183,2024-05-01,6048,140.84191304711456
test_00184,2024-03-01,2016,-48.03629482645169
test_00184,2024-04-01,4032,16.074080899742928
test_00184,2024-05-01,6048,140.84191304711456
test_00184,2024-06-01,6048,156.83103478170736
test_00184,2024-07-01,6048,668.2556143129544
test_00184,2024-08-01,6048,194.53944117395005
test_00184,2024-09-01,6048,86.98786142389145
test_00184,2024-10-01,6048,184.60851682582307
test_00184,2024-11-01,6048,58.3994434616268
test_00184,2024-12-01,6048,160.00856817931083
test_00185,2024-12-01,2016,399.4983915047158
test_00186,2024-08-01,2016,-61.17218674979871
test_00186,2024-09-01,2016,-144.0693018402565
test_00187,2024-10-01,2016,1147.8320355721196
test_00187,2024-11-01,2016,217.0484226325266
test_00188,2024-12-01,2016,399.4983915047158
test_00189,2024-08-01,2016,-61.17218674979871
test_00189,2024-09-01,2016,-144.0693018402565
test_00189,2024-10-01,2016,1147.8320355721196
test_00189,2024-11-01,2016,217.0484226325266
test_00189,2024-12-01,2016,399.4983915047158
test_00190,2024-07-01,2016,251.89578033779003
test_00190,2024-08-01,4032,118.99503491994821
test_00190,2024-09-01,6048,95.206362186873
test_00190,2024-10-01,6048,183.92061801039102
test_00190,2024-11-01,4032,51.75878575834799
test_00190,2024-12-01,2016,64.26068453070259
test_00191,2024-11-01,2016,116.18141223646883
test_00191,2024-12-01,4032,273.4616298446368
test_00192,2024-06-01,6048,182.90578861658707
test_00192,2024-07-01,6048,692.12837287567
test_00192,2024-08-01,6048,206.94551816310388
test_00192,2024-09-01,6048,95.206362186873
test_00193,2024-10-01,6048,183.92061801039102
test_00193,2024-11-01,6048,73.23299458438828
test_00194,2024-12-01,6048,203.72798140665873
test_00195,2024-03-01,2016,-42.62159406372112
test_00195,2024-04-01,4032,8.20919824915257
test_00195,2024-05-01,6048,141.9791970527416
test_00196,2024-03-01,2016,-42.62159406372112
test_00196,2024-04-01,4032,8.20919824915257
test_00196,2024-05-01,6048,141.9791970527416
test_00196,2024-06-01,6048,182.90578861658707
test_00196,2024-07-01,6048,692.12837287567
test_00196,2024-08-01,6048,206.94551816310388
test_00196,2024-09-01,6048,95.206362186873
test_00196,2024-10-01,6048,183.92061801039102
test_00196,2024-11-01,6048,73.23299458438828
test_00196,2024-12-01,6048,203.72798140665873
test_00197,2024-12-01,2016,515.9703733710968
test_00198,2024-08-01,2016,20.557252961141334
test_00198,2024-09-01,2016,-13.384112653785191
test_00199,2024-10-01,2016,1215.3494235096014
test_00199,2024-11-01,2016,315.2533531182577
test_00200,2024-12-01,2016,515.9703733710968
test_00201,2024-08-01,2016,20.557252961141334
test_00201,2024-09-01,2016,-13.384112653785191
test_00201,2024-10-01,2016,1215.3494235096014
test_00201,2024-11-01,2016,315.2533531182577
test_00201,2024-12-01,2016,515.9703733710968
test_00202,2024-07-01,2016,530.137748445911
test_00202,2024-08-01,4032,435.15779353425455
test_00202,2024-09-01,6048,325.9970639185887
test_00202,2024-10-01,6048,383.47516071767615
test_00202,2024-11-01,4032,340.1283376666527
test_00202,2024-12-01,2016,429.7252105649814
test_00203,2024-11-01,2016,446.09756439510875
test_00203,2024-12-01,4032,699.5342944529411
test_00204,2024-06-01,6048,512.6844272841353
test_00204,2024-07-01,6048,895.9827644303142
test_00204,2024-08-01,6048,491.8239639409177
test_00204,2024-09-01,6048,325.9970639185887
test_00205,2024-10-01,6048,383.47516071767615
test_00205,2024-11-01,6048,375.4514132428047
test_00206,2024-12-01,6048,609.5979331569546
test_00207,2024-03-01,2016,312.77091065731753
test_00207,2024-04-01,4032,-14.4666787664901
test_00207,2024-05-01,6048,318.7808055823377
test_00208,2024-03-01,2016,312.77091065731753
test_00208,2024-04-01,4032,-14.4666787664901
test_00208,2024-05-01,6048,318.7808055823377
test_00208,2024-06-01,6048,512.6844272841353
test_00208,2024-07-01,6048,895.9827644303142
test_00208,2024-08-01,6048,491.8239639409177
test_00208,2024-09-01,6048,325.9970639185887
test_00208,2024-10-01,6048,383.47516071767615
test_00208,2024-11-01,6048,375.4514132428047
test_00208,2024-12-01,6048,609.5979331569546
test_00209,2024-12-01,2016,638.4075049799011
test_00210,2024-08-01,2016,72.09952950434703
test_00210,2024-09-01,2016,106.50259231951729
test_00211,2024-10-01,2016,1304.0501837138884
test_00211,2024-11-01,2016,397.2559214663479
test_00212,2024-12-01,2016,638.4075049799011
test_00213,2024-08-01,2016,72.09952950434703
test_00213,2024-09-01,2016,106.50259231951729
test_00213,2024-10-01,2016,1304.0501837138884
test_00213,2024-11-01,2016,397.2559214663479
test_00213,2024-12-01,2016,638.4075049799011
test_00214,2024-07-01,2016,275.1197749860381
test_00214,2024-08-01,4032,231.68260465358182
test_00214,2024-09-01,6048,181.7376743946765
test_00214,2024-10-01,6048,299.0718159252065
test_00214,2024-11-01,4032,135.91360956729986
test_00214,2024-12-01,2016,182.73357740081258
test_00215,2024-11-01,2016,164.3605927103911
test_00215,2024-12-01,4032,438.44614455656375
test_00216,2024-06-01,6048,314.38376990295683
test_00216,2024-07-01,6048,737.4502499060395
test_00216,2024-08-01,6048,310.13942775041306
test_00216,2024-09-01,6048,181.7376743946765
test_00217,2024-10-01,6048,299.0718159252065
test_00217,2024-11-01,6048,145.39593728166363
test_00218,2024-12-01,6048,353.2086221713133
test_00219,2024-03-01,2016,171.84064707159482
test_00219,2024-04-01,4032,120.37774845342646
test_00219,2024-05-01,6048,247.67570484016727
test_00220,2024-03-01,2016,171.84064707159482
test_00220,2024-04-01,4032,120.37774845342646
test_00220,2024-05-01,6048,247.67570484016727
test_00220,2024-06-01,6048,314.38376990295683
test_00220,2024-07-01,6048,737.4502499060395
test_00220,2024-08-01,6048,310.13942775041306
test_00220,2024-09-01,6048,181.7376743946765
test_00220,2024-10-01,6048,299.0718159252065
test_00220,2024-11-01,6048,145.39593728166363
test_00220,2024-12-01,6048,353.2086221713133
test_00221,2024-12-01,2016,527.6036023048756
test_00222,2024-08-01,2016,85.57128599541228
test_00222,2024-09-01,2016,-60.19996737470537
test_00223,2024-10-01,2016,1090.4998680106023
test_00223,2024-11-01,2016,194.24028532104222
test_00224,2024-12-01,2016,527.6036023048756
test_00225,2024-08-01,2016,85.57128599541228
test_00225,2024-09-01,2016,-60.19996737470537
test_00225,2024-10-01,2016,1090.4998680106023
test_00225,2024-11-01,2016,194.24028532104222
test_00225,2024-12-01,2016,527.6036023048756
test_00226,2024-07-01,2016,261.78557914805225
test_00226,2024-08-01,4032,130.6217140029687
test_00226,2024-09-01,6048,112.8668388941129
test_00226,2024-10-01,6048,286.08052232464996
test_00226,2024-11-01,4032,49.940065590832546
test_00226,2024-12-01,2016,49.71589711575492
test_00227,2024-11-01,2016,59.936827024628236
test_00227,2024-12-01,4032,240.70459934189998
test_00228,2024-06-01,6048,168.87131893375118
test_00228,2024-07-01,6048,639.488162545426
test_00228,2024-08-01,6048,200.8952424443315
test_00228,2024-09-01,6048,112.8668388941129
test_00229,2024-10-01,6048,286.08052232464996
test_00229,2024-11-01,6048,53.27231940209778
test_00230,2024-12-01,6048,177.04169859985163
test_00231,2024-03-01,2016,1.5285181948190747
test_00231,2024-04-01,4032,132.73652533036912
test_00231,2024-05-01,6048,221.3752029872593
test_00232,2024-03-01,2016,1.5285181948190747
test_00232,2024-04-01,4032,132.73652533036912
test_00232,2024-05-01,6048,221.3752029872593
test_00232,2024-06-01,6048,168.87131893375118
test_00232,2024-07-01,6048,639.488162545426
test_00232,2024-08-01,6048,200.8952424443315
test_00232,2024-09-01,6048,112.8668388941129
test_00232,2024-10-01,6048,286.08052232464996
test_00232,2024-11-01,6048,53.27231940209778
test_00232,2024-12-01,6048,177.04169859985163
test_00233,2024-12-01,2016,408.5946648519017
test_00234,2024-08-01,2016,2.3433806265889365
test_00234,2024-09-01,2016,-246.00794277742995
test_00235,2024-10-01,2016,1037.4637731097494
test_00235,2024-11-01,2016,130.01827130526144
test_00236,2024-12-01,2016,408.5946648519017
test_00237,2024-08-01,2016,2.3433806265889365
test_00237,2024-09-01,2016,-246.00794277742995
test_00237,2024-10-01,2016,1037.4637731097494
test_00237,2024-11-01,2016,130.01827130526144
test_00237,2024-12-01,2016,408.5946648519017
test_00238,2024-07-01,2016,253.493755937986
test_00238,2024-08-01,4032,125.85286823784146
test_00238,2024-09-01,6048,89.08415477354654
test_00238,2024-10-01,6048,178.97233338377282
test_00238,2024-11-01,4032,31.135080386701777
test_00238,2024-12-01,2016,18.46891019357831
test_00239,2024-11-01,2016,102.4941099529973
test_00239,2024-12-01,4032,245.68932321691318
test_00240,2024-06-01,4032,419.83340594920566
test_00240,2024-07-01,4032,293.0369456187245
test_00240,2024-08-01,6048,202.72764952557074
test_00240,2024-09-01,6048,89.08415477354654
test_00241,2024-10-01,6048,178.97233338377282
test_00241,2024-11-01,6048,54.92142357546696
test_00242,2024-12-01,6048,169.94918554246823
test_00243,2024-04-01,2016,-54.1721330931915
test_00243,2024-05-01,2016,518.1189624598945
test_00244,2024-04-01,2016,-54.1721330931915
test_00244,2024-05-01,2016,518.1189624598945
test_00244,2024-06-01,4032,419.83340594920566
test_00244,2024-07-01,4032,293.0369456187245
test_00244,2024-08-01,6048,202.72764952557074
test_00244,2024-09-01,6048,89.08415477354654
test_00244,2024-10-01,6048,178.97233338377282
test_00244,2024-11-01,6048,54.92142357546696
test_00244,2024-12-01,6048,169.94918554246823
test_00245,2024-07-01,2016,84.48330723188307
test_00245,2024-08-01,4032,29.31419278885088
test_00245,2024-09-01,6048,0.7589260457579532
test_00245,2024-10-01,6048,34.716710109258294
test_00245,2024-11-01,4032,-13.08021411973003
test_00245,2024-12-01,2016,-15.300870725516454
test_00246,2024-11-01,2016,30.00198172424969
test_00246,2024-12-01,4032,73.01039681799739
test_00247,2024-06-01,6048,21.146661769521913
test_00247,2024-07-01,6048,248.63929963900787
test_00247,2024-08-01,6048,57.085372738972936
test_00247,2024-09-01,6048,0.7589260457579532
test_00248,2024-10-01,6048,34.716710109258294
test_00248,2024-11-01,6048,1.2805178282632097
test_00249,2024-12-01,6048,43.573307636826115
test_00250,2024-03-01,2016,-42.59693555631166
test_00250,2024-04-01,4032,-0.41670516214339154
test_00250,2024-05-01,6048,22.681746112496942
test_00251,2024-03-01,2016,-42.59693555631166
test_00251,2024-04-01,4032,-0.41670516214339154
test_00251,2024-05-01,6048,22.681746112496942
test_00251,2024-06-01,6048,21.146661769521913
test_00251,2024-07-01,6048,248.63929963900787
test_00251,2024-08-01,6048,57.085372738972936
test_00251,2024-09-01,6048,0.7589260457579532
test_00251,2024-10-01,6048,34.716710109258294
test_00251,2024-11-01,6048,1.2805178282632097
test_00251,2024-12-01,6048,43.573307636826115
test_00252,2024-12-01,2016,166.94824745631868
test_00253,2024-08-01,2016,-20.126129485251383
test_00253,2024-09-01,2016,-77.49823034678411
test_00254,2024-10-01,2016,402.20144439177363
test_00254,2024-11-01,2016,88.96454805660643
test_00255,2024-12-01,2016,166.94824745631868
test_00256,2024-08-01,2016,-20.126129485251383
test_00256,2024-09-01,2016,-77.49823034678411
test_00256,2024-10-01,2016,402.20144439177363
test_00256,2024-11-01,2016,88.96454805660643
test_00256,2024-12-01,2016,166.94824745631868
test_00257,2024-07-01,2016,-100.83937010767224
test_00257,2024-08-01,4032,51.89154424853702
test_00257,2024-09-01,6048,163.5837371466977
test_00257,2024-10-01,6048,207.47637929424008
test_00257,2024-11-01,4032,157.20514145547475
test_00257,2024-12-01,2016,171.37527558100925
test_00258,2024-11-01,2016,-2.14867173895186
test_00258,2024-12-01,4032,24.06400522092395
test_00259,2024-06-01,6048,246.02684215519332
test_00259,2024-07-01,6048,-270.0756053117136
test_00259,2024-08-01,6048,19.408016505711572
test_00259,2024-09-01,6048,163.5837371466977
test_00260,2024-10-01,6048,207.47637929424008
test_00260,2024-11-01,6048,104.08720372399918
test_00261,2024-12-01,6048,73.16776200761905
test_00262,2024-03-01,2016,220.45716659672522
test_00262,2024-04-01,4032,97.68975147794521
test_00262,2024-05-01,6048,178.6651417676036
test_00263,2024-03-01,2016,220.45716659672522
test_00263,2024-04-01,4032,97.68975147794521
test_00263,2024-05-01,6048,178.6651417676036
test_00263,2024-06-01,6048,246.02684215519332
test_00263,2024-07-01,6048,-270.0756053117136
test_00263,2024-08-01,6048,19.408016505711572
test_00263,2024-09-01,6048,163.5837371466977
test_00263,2024-10-01,6048,207.47637929424008
test_00263,2024-11-01,6048,104.08720372399918
test_00263,2024-12-01,6048,73.16776200761905
test_00264,2024-12-01,2016,-213.04561588554856
test_00265,2024-08-01,2016,175.3844900296646
test_00265,2024-09-01,2016,408.9786652172694
test_00266,2024-10-01,2016,-232.4111526347603
test_00266,2024-11-01,2016,4.982000847236253
test_00267,2024-12-01,2016,-213.04561588554856
test_00268,2024-08-01,2016,175.3844900296646
test_00268,2024-09-01,2016,408.9786652172694
test_00268,2024-10-01,2016,-232.4111526347603
test_00268,2024-11-01,2016,4.982000847236253
test_00268,2024-12-01,2016,-213.04561588554856
test_00269,2024-07-01,2016,-6.943148823327022
test_00269,2024-08-01,4032,101.82703556663813
test_00269,2024-09-01,6048,234.72671831966676
test_00269,2024-10-01,6048,242.97031544966163
test_00269,2024-11-01,4032,229.0907643093144
test_00269,2024-12-01,2016,239.57900153314827
test_00270,2024-11-01,2016,7.474160439112615
test_00270,2024-12-01,4032,74.36311260557189
test_00271,2024-06-01,6048,423.37381271480757
test_00271,2024-07-01,6048,-102.43511612682478
test_00271,2024-08-01,6048,73.4571340667878
test_00271,2024-09-01,6048,234.72671831966676
test_00272,2024-10-01,6048,242.97031544966163
test_00272,2024-11-01,6048,155.21856301924714
test_00273,2024-12-01,6048,129.43507558143068
test_00274,2024-03-01,2016,365.54025966816215
test_00274,2024-04-01,4032,230.90935619382233
test_00274,2024-05-01,6048,386.4962484016928
test_00275,2024-03-01,2016,365.54025966816215
test_00275,2024-04-01,4032,230.90935619382233
test_00275,2024-05-01,6048,386.4962484016928
test_00275,2024-06-01,6048,423.37381271480757
test_00275,2024-07-01,6048,-102.43511612682478
test_00275,2024-08-01,6048,73.4571340667878
test_00275,2024-09-01,6048,234.72671831966676
test_00275,2024-10-01,6048,242.97031544966163
test_00275,2024-11-01,6048,155.21856301924714
test_00275,2024-12-01,6048,129.43507558143068
test_00276,2024-12-01,2016,-92.77718860978625
test_00277,2024-08-01,2016,251.43447012112836
test_00277,2024-09-01,2016,479.5332362113866
test_00278,2024-10-01,2016,130.2786704073975
test_00278,2024-11-01,2016,87.31966372066921
test_00279,2024-12-01,2016,-92.77718860978625
test_00280,2024-08-01,2016,251.43447012112836
test_00280,2024-09-01,2016,479.5332362113866
test_00280,2024-10-01,2016,130.2786704073975
test_00280,2024-11-01,2016,87.31966372066921
test_00280,2024-12-01,2016,-92.77718860978625
test_00281,2024-07-01,2016,3614.3503396601063
test_00281,2024-08-01,4032,3675.133850341433
test_00281,2024-09-01,6048,2891.472105513558
test_00281,2024-10-01,6048,3753.0918508764516
test_00281,2024-11-01,4032,2964.2274158264
test_00281,2024-12-01,2016,3823.8492014345757
test_00282,2024-11-01,2016,2974.1729797339904
test_00282,2024-12-01,4032,3794.56480794882
test_00283,2024-06-01,6048,3847.767147170526
test_00283,2024-07-01,6048,3322.4807469989396
test_00283,2024-08-01,6048,3592.072849869598
test_00283,2024-09-01,6048,2891.472105513558
test_00284,2024-10-01,6048,3753.0918508764516
test_00284,2024-11-01,6048,2967.542603795597
test_00285,2024-12-01,6048,3804.3262724440715
test_00286,2024-03-01,2016,3133.501596403091
test_00286,2024-04-01,4032,3055.5189293597064
test_00286,2024-05-01,6048,3247.071851557604
test_00287,2024-03-01,2016,3133.501596403091
test_00287,2024-04-01,4032,3055.5189293597064
test_00287,2024-05-01,6048,3247.071851557604
test_00287,2024-06-01,6048,3847.767147170526
test_00287,2024-07-01,6048,3322.4807469989396
test_00287,2024-08-01,6048,3592.072849869598
test_00287,2024-09-01,6048,2891.472105513558
test_00287,2024-10-01,6048,3753.0918508764516
test_00287,2024-11-01,6048,2967.542603795597
test_00287,2024-12-01,6048,3804.3262724440715
test_00288,2024-12-01,2016,2908.060491357233
test_00289,2024-08-01,2016,2675.9943763416195
test_00289,2024-09-01,2016,2461.2828577202154
test_00290,2024-10-01,2016,2699.8938939626587
test_00290,2024-11-01,2016,2388.0919629475525
test_00291,2024-12-01,2016,2908.060491357233
test_00292,2024-08-01,2016,2675.9943763416195
test_00292,2024-09-01,2016,2461.2828577202154
test_00292,2024-10-01,2016,2699.8938939626587
test_00292,2024-11-01,2016,2388.0919629475525
test_00292,2024-12-01,2016,2908.060491357233
test_00293,2024-07-01,2016,221.24788575001247
test_00293,2024-08-01,4032,126.97878843035177
test_00293,2024-09-01,6048,83.27225042542877
test_00293,2024-10-01,6048,197.00430413528784
test_00293,2024-11-01,4032,62.768279883375385
test_00293,2024-12-01,2016,39.90217873127019
test_00294,2024-11-01,2016,102.18835274468779
test_00294,2024-12-01,4032,217.99964313899045
test_00295,2024-06-01,6048,137.2120718024063
test_00295,2024-07-01,6048,599.7554963930106
test_00295,2024-08-01,6048,160.92898065822902
test_00295,2024-09-01,6048,83.27225042542877
test_00296,2024-10-01,6048,197.00430413528784
test_00296,2024-11-01,6048,75.90830417047952
test_00297,2024-12-01,6048,158.63382166975038
test_00298,2024-03-01,2016,-37.016910457672964
test_00298,2024-04-01,4032,-27.174068741971478
test_00298,2024-05-01,6048,126.04203267534527
test_00299,2024-03-01,2016,-37.016910457672964
test_00299,2024-04-01,4032,-27.174068741971478
test_00299,2024-05-01,6048,126.04203267534527
test_00299,2024-06-01,6048,137.2120718024063
test_00299,2024-07-01,6048,599.7554963930106
test_00299,2024-08-01,6048,160.92898065822902
test_00299,2024-09-01,6048,83.27225042542877
test_00299,2024-10-01,6048,197.00430413528784
test_00299,2024-11-01,6048,75.90830417047952
test_00299,2024-12-01,6048,158.63382166975038
test_00300,2024-12-01,2016,281.9355830244146
test_00301,2024-08-01,2016,-193.39165680163902
test_00301,2024-09-01,2016,-395.00761676446484
test_00302,2024-10-01,2016,990.3344077911713
test_00302,2024-11-01,2016,51.04445564414179
test_00303,2024-12-01,2016,281.9355830244146
test_00304,2024-08-01,2016,-193.39165680163902
test_00304,2024-09-01,2016,-395.00761676446484
test_00304,2024-10-01,2016,990.3344077911713
test_00304,2024-11-01,2016,51.04445564414179
test_00304,2024-12-01,2016,281.9355830244146
test_00305,2024-06-01,6048,173.27087885227758
test_00305,2024-07-01,6048,684.8133405840741
test_00305,2024-08-01,6048,202.72764952557074
test_00305,2024-09-01,6048,89.08415477354654
test_00306,2024-03-01,2016,-36.662262720993205
test_00306,2024-04-01,4032,9.930586236647434
test_00306,2024-05-01,6048,138.5267624546255
test_00307,2024-03-01,2016,-36.662262720993205
test_00307,2024-04-01,4032,9.930586236647434
test_00307,2024-05-01,6048,138.5267624546255
test_00307,2024-06-01,6048,173.27087885227758
test_00307,2024-07-01,6048,684.8133405840741
test_00307,2024-08-01,6048,202.72764952557074
test_00307,2024-09-01,6048,89.08415477354654
test_00307,2024-10-01,6048,178.97233338377282
test_00307,2024-11-01,6048,54.92142357546696
test_00307,2024-12-01,6048,169.94918554246823
test_00308,2024-12-01,2016,474.52218924302866
test_00309,2024-08-01,2016,7.917873671883569
test_00309,2024-09-01,2016,-47.19360619473576
test_00310,2024-10-01,2016,1188.093180539525
test_00310,2024-11-01,2016,286.6655733725869
test_00311,2024-12-01,2016,474.52218924302866
test_00312,2024-08-01,2016,7.917873671883569
test_00312,2024-09-01,2016,-47.19360619473576
test_00312,2024-10-01,2016,1188.093180539525
test_00312,2024-11-01,2016,286.6655733725869
test_00312,2024-12-01,2016,474.52218924302866
test_00313,2024-07-01,2016,-33.421048759966006
test_00313,2024-08-01,4032,-31.36110751821811
test_00313,2024-09-01,6048,-73.45879334609064
test_00313,2024-10-01,6048,54.63213536097967
test_00313,2024-11-01,4032,15.645428585674647
test_00313,2024-12-01,2016,185.68664232686885
test_00314,2024-11-01,2016,-74.50125590337336
test_00314,2024-12-01,4032,204.10105238809584
test_00315,2024-06-01,6048,382.63386403675514
test_00315,2024-07-01,6048,-272.46980252126775
test_00315,2024-08-01,6048,-43.480016174510865
test_00315,2024-09-01,6048,-73.45879334609064
test_00316,2024-10-01,6048,54.63213536097967
test_00316,2024-11-01,6048,-14.40346624400802
test_00317,2024-12-01,6048,197.96291570102017
test_00318,2024-03-01,2016,139.96752390996008
test_00318,2024-04-01,4032,571.5447995523568
test_00318,2024-05-01,6048,374.87875117563317
test_00319,2024-03-01,2016,139.96752390996008
test_00319,2024-04-01,4032,571.5447995523568
test_00319,2024-05-01,6048,374.87875117563317
test_00319,2024-06-01,6048,382.63386403675514
test_00319,2024-07-01,6048,-272.46980252126775
test_00319,2024-08-01,6048,-43.480016174510865
test_00319,2024-09-01,6048,-73.45879334609064
test_00319,2024-10-01,6048,54.63213536097967
test_00319,2024-11-01,6048,-14.40346624400802
test_00319,2024-12-01,6048,197.96291570102017
test_00320,2024-12-01,2016,-211.08900570436992
test_00321,2024-08-01,2016,237.46511006693817
test_00321,2024-09-01,2016,14.886414942498032
test_00322,2024-10-01,2016,-703.0792458235994
test_00322,2024-11-01,2016,-357.62151085791214
test_00323,2024-12-01,2016,-211.08900570436992
test_00324,2024-08-01,2016,237.46511006693817
test_00324,2024-09-01,2016,14.886414942498032
test_00324,2024-10-01,2016,-703.0792458235994
test_00324,2024-11-01,2016,-357.62151085791214
test_00324,2024-12-01,2016,-211.08900570436992
test_00325,2024-07-01,2016,146.4866739912006
test_00325,2024-08-01,4032,34.22108848127879
test_00325,2024-09-01,6048,-20.668981347859066
test_00325,2024-10-01,6048,66.67921886053509
test_00325,2024-11-01,4032,3.4360538160101197
test_00325,2024-12-01,2016,134.55868860778534
test_00326,2024-11-01,2016,45.757528271046425
test_00326,2024-12-01,4032,198.66920867704115
test_00327,2024-06-01,6048,162.76236720886286
test_00327,2024-07-01,6048,-54.42948310362644
test_00327,2024-08-01,6048,25.49400014176162
test_00327,2024-09-01,6048,-20.668981347859066
test_00328,2024-10-01,6048,66.67921886053509
test_00328,2024-11-01,6048,17.543211967688887
test_00329,2024-12-01,6048,177.29903532062252
test_00330,2024-03-01,2016,-36.662262720993205
test_00330,2024-04-01,4032,205.98812653610773
test_00330,2024-05-01,6048,182.36496329052082
test_00331,2024-03-01,2016,-36.662262720993205
test_00331,2024-04-01,4032,205.98812653610773
test_00331,2024-05-01,6048,182.36496329052082
test_00331,2024-06-01,6048,162.76236720886286
test_00331,2024-07-01,6048,-54.42948310362644
test_00331,2024-08-01,6048,25.49400014176162
test_00331,2024-09-01,6048,-20.668981347859066
test_00331,2024-10-01,6048,66.67921886053509
test_00331,2024-11-01,6048,17.543211967688887
test_00331,2024-12-01,6048,177.29903532062252
test_00332,2024-12-01,2016,36.72769030725271
test_00333,2024-08-01,2016,7.917873671883569
test_00333,2024-09-01,2016,-144.4968178973728
test_00334,2024-10-01,2016,-505.2980382473391
test_00334,2024-11-01,2016,-186.31109134372406
test_00335,2024-12-01,2016,36.72769030725271
test_00336,2024-08-01,2016,7.917873671883569
test_00336,2024-09-01,2016,-144.4968178973728
test_00336,2024-10-01,2016,-505.2980382473391
test_00336,2024-11-01,2016,-186.31109134372406
test_00336,2024-12-01,2016,36.72769030725271
test_00337,2024-07-01,2016,146.4866739912006
test_00337,2024-08-01,4032,63.31453755024262
test_00337,2024-09-01,6048,3.431039430237776
test_00337,2024-10-01,6048,53.06584036540585
test_00337,2024-11-01,4032,14.770665978763054
test_00337,2024-12-01,2016,167.95761929644343
test_00338,2024-11-01,2016,-107.9197220214022
test_00338,2024-12-01,4032,192.22833626047398
test_00339,2024-06-01,6048,622.9681542908493
test_00339,2024-07-01,6048,-19.568889565876997
test_00339,2024-08-01,6048,44.88963285440418
test_00339,2024-09-01,6048,3.431039430237776
test_00340,2024-10-01,6048,53.06584036540585
test_00340,2024-11-01,6048,-26.12613002129203
test_00341,2024-12-01,6048,184.1380972724638
test_00342,2024-03-01,2016,299.6978924321852
test_00342,2024-04-01,4032,690.7967449653063
test_00342,2024-05-01,6048,683.0479886480391
test_00343,2024-03-01,2016,299.6978924321852
test_00343,2024-04-01,4032,690.7967449653063
test_00343,2024-05-01,6048,683.0479886480391
test_00343,2024-06-01,6048,622.9681542908493
test_00343,2024-07-01,6048,-19.568889565876997
test_00343,2024-08-01,6048,44.88963285440418
test_00343,2024-09-01,6048,3.431039430237776
test_00343,2024-10-01,6048,53.06584036540585
test_00343,2024-11-01,6048,-26.12613002129203
test_00343,2024-12-01,6048,184.1380972724638
test_00344,2024-08-01,2016,387.78007839734147
test_00344,2024-09-01,2016,39.341670015688265
test_00345,2024-10-01,2016,-233.94752158231177
test_00345,2024-11-01,2016,-186.31109134372406
test_00346,2024-08-01,2016,387.78007839734147
test_00346,2024-09-01,2016,39.341670015688265
test_00346,2024-10-01,2016,-233.94752158231177
test_00346,2024-11-01,2016,-186.31109134372406
test_00346,2024-12-01,2016,36.72769030725271
test_00347,2024-07-01,2016,0.5336823097439549
test_00347,2024-08-01,4032,-0.2017595764963474
test_00347,2024-09-01,6048,-1.540295748194385
test_00347,2024-10-01,6048,2.7803978431187493
test_00347,2024-11-01,4032,6.03416256139556
test_00347,2024-12-01,2016,-8.640190424672875
test_00348,2024-11-01,2016,-5.173692411470329
test_00348,2024-12-01,4032,-6.947116187261843
test_00349,2024-06-01,6048,-11.181333425512092
test_00349,2024-07-01,6048,-10.408203003184362
test_00349,2024-08-01,6048,-5.08405335919985
test_00349,2024-09-01,6048,-1.540295748194385
test_00350,2024-10-01,6048,2.7803978431187493
test_00350,2024-11-01,6048,2.298210903773597
test_00351,2024-12-01,6048,-7.511474266398854
test_00352,2024-03-01,2016,-9.026029212413746
test_00352,2024-04-01,4032,3.742646795853055
test_00352,2024-05-01,6048,1.608426413094086
test_00353,2024-03-01,2016,-9.026029212413746
test_00353,2024-04-01,4032,3.742646795853055
test_00353,2024-05-01,6048,1.608426413094086
test_00353,2024-06-01,6048,-11.181333425512092
test_00353,2024-07-01,6048,-10.408203003184362
test_00353,2024-08-01,6048,-5.08405335919985
test_00353,2024-09-01,6048,-1.540295748194385
test_00353,2024-10-01,6048,2.7803978431187493
test_00353,2024-11-01,6048,2.298210903773597
test_00353,2024-12-01,6048,-7.511474266398854
test_00354,2024-12-01,2016,-51.81045269168177
test_00355,2024-08-01,2016,-49.1818992321908
test_00355,2024-09-01,2016,-66.76537293657452
test_00356,2024-10-01,2016,-27.697179748225768
test_00356,2024-11-01,2016,-49.39281278769162
test_00357,2024-12-01,2016,-51.81045269168177
test_00358,2024-08-01,2016,-49.1818992321908
test_00358,2024-09-01,2016,-66.76537293657452
test_00358,2024-10-01,2016,-27.697179748225768
test_00358,2024-11-01,2016,-49.39281278769162
test_00358,2024-12-01,2016,-51.81045269168177
test_00359,2024-07-01,2016,38.00557380949081
test_00359,2024-08-01,4032,29.46743855027109
test_00359,2024-09-01,6048,9.878798411764512
test_00359,2024-10-01,6048,5.939522889526241
test_00359,2024-11-01,4032,29.750565060101298
test_00359,2024-12-01,2016,25.447918833178857
test_00360,2024-11-01,2016,16.534172600567615
test_00360,2024-12-01,4032,43.18009036524009
test_00361,2024-06-01,6048,73.20304656924579
test_00361,2024-07-01,6048,24.760377329809128
test_00361,2024-08-01,6048,29.158716239926925
test_00361,2024-09-01,6048,9.878798411764512
test_00362,2024-10-01,6048,5.939522889526241
test_00362,2024-11-01,6048,25.345100906923403
test_00363,2024-12-01,6048,37.26936652121968
test_00364,2024-03-01,2016,137.69716012144616
test_00364,2024-04-01,4032,23.169916855363443
test_00364,2024-05-01,6048,51.26196558535528
test_00365,2024-03-01,2016,137.69716012144616
test_00365,2024-04-01,4032,23.169916855363443
test_00365,2024-05-01,6048,51.26196558535528
test_00365,2024-06-01,6048,73.20304656924579
test_00365,2024-07-01,6048,24.760377329809128
test_00365,2024-08-01,6048,29.158716239926925
test_00365,2024-09-01,6048,9.878798411764512
test_00365,2024-10-01,6048,5.939522889526241
test_00365,2024-11-01,6048,25.345100906923403
test_00365,2024-12-01,6048,37.26936652121968
test_00366,2024-12-01,2016,-5.187239712213319
test_00367,2024-08-01,2016,58.319572480643
test_00367,2024-09-01,2016,-26.564653033851428
test_00368,2024-10-01,2016,-42.770637351623016
test_00368,2024-11-01,2016,-70.13733607942939
test_00369,2024-12-01,2016,-5.187239712213319
test_00370,2024-08-01,2016,58.319572480643
test_00370,2024-09-01,2016,-26.564653033851428
test_00370,2024-10-01,2016,-42.770637351623016
test_00370,2024-11-01,2016,-70.13733607942939
test_00370,2024-12-01,2016,-5.187239712213319
test_00371,2024-07-01,2016,288.43915287268754
test_00371,2024-08-01,4032,257.97584379509783
test_00371,2024-09-01,6048,146.51470561089562
test_00371,2024-10-01,6048,82.49682013415097
test_00371,2024-11-01,4032,181.4727360612759
test_00371,2024-12-01,2016,263.1802934940554
test_00372,2024-11-01,2016,181.2981404609443
test_00372,2024-12-01,4032,281.2524342553641
test_00373,2024-06-01,6048,404.00585629974955
test_00373,2024-07-01,6048,252.83823708465476
test_00373,2024-08-01,6048,258.03491732438056
test_00373,2024-09-01,6048,146.51470561089562
test_00374,2024-10-01,6048,82.49682013415097
test_00374,2024-11-01,6048,181.41453752783204
test_00375,2024-12-01,6048,275.22838733492785
test_00376,2024-03-01,2016,645.717865524794
test_00376,2024-04-01,4032,105.75226010821768
test_00376,2024-05-01,6048,305.6024552135595
test_00377,2024-03-01,2016,645.717865524794
test_00377,2024-04-01,4032,105.75226010821768
test_00377,2024-05-01,6048,305.6024552135595
test_00377,2024-06-01,6048,404.00585629974955
test_00377,2024-07-01,6048,252.83823708465476
test_00377,2024-08-01,6048,258.03491732438056
test_00377,2024-09-01,6048,146.51470561089562
test_00377,2024-10-01,6048,82.49682013415097
test_00377,2024-11-01,6048,181.41453752783204
test_00377,2024-12-01,6048,275.22838733492785
test_00378,2024-12-01,2016,219.86517861896095
test_00379,2024-08-01,2016,330.7433837420618
test_00379,2024-09-01,2016,266.64732600551713
test_00380,2024-10-01,2016,117.14982454157774
test_00380,2024-11-01,2016,108.08282048827392
test_00381,2024-12-01,2016,219.86517861896095
test_00382,2024-08-01,2016,330.7433837420618
test_00382,2024-09-01,2016,266.64732600551713
test_00382,2024-10-01,2016,117.14982454157774
test_00382,2024-11-01,2016,108.08282048827392
test_00382,2024-12-01,2016,219.86517861896095
test_00383,2024-07-01,2016,-1.4512910983166027
test_00383,2024-08-01,4032,-1.0554837738518184
test_00383,2024-09-01,6048,-2.0962933496551
test_00383,2024-10-01,6048,5.636183442050284
test_00383,2024-11-01,4032,9.468434850481355
test_00383,2024-12-01,2016,-9.418669989147793
test_00384,2024-11-01,2016,-8.502810042483166
test_00384,2024-12-01,4032,-10.201591050162229
test_00385,2024-06-01,6048,-16.43984407057019
test_00385,2024-07-01,6048,-16.557726271119698
test_00385,2024-08-01,6048,-8.188208351620673
test_00385,2024-09-01,6048,-2.0962933496551
test_00386,2024-10-01,6048,5.636183442050284
test_00386,2024-11-01,6048,3.478019886159849
test_00387,2024-12-01,6048,-9.940617363157417
test_00388,2024-03-01,2016,-11.37403210545848
test_00388,2024-04-01,4032,6.143494663095495
test_00388,2024-05-01,6048,2.3151505924890676
test_00389,2024-03-01,2016,-11.37403210545848
test_00389,2024-04-01,4032,6.143494663095495
test_00389,2024-05-01,6048,2.3151505924890676
test_00389,2024-06-01,6048,-16.43984407057019
test_00389,2024-07-01,6048,-16.557726271119698
test_00389,2024-08-01,6048,-8.188208351620673
test_00389,2024-09-01,6048,-2.0962933496551
test_00389,2024-10-01,6048,5.636183442050284
test_00389,2024-11-01,6048,3.478019886159849
test_00389,2024-12-01,6048,-9.940617363157417
test_00390,2024-12-01,2016,-75.02379773831288
test_00391,2024-08-01,2016,-69.09006042168228
test_00391,2024-09-01,2016,-96.87569564552074
test_00392,2024-10-01,2016,-40.26114496740542
test_00392,2024-11-01,2016,-69.61715074006034
test_00393,2024-12-01,2016,-75.02379773831288
test_00394,2024-08-01,2016,-69.09006042168228
test_00394,2024-09-01,2016,-96.87569564552074
test_00394,2024-10-01,2016,-40.26114496740542
test_00394,2024-11-01,2016,-69.61715074006034
test_00394,2024-12-01,2016,-75.02379773831288
test_00395,2024-07-01,2016,29.041145225697125
test_00395,2024-08-01,4032,26.2977778258209
test_00395,2024-09-01,6048,6.925605255953466
test_00395,2024-10-01,6048,13.375181964989393
test_00395,2024-11-01,4032,30.439704501481586
test_00395,2024-12-01,2016,20.923028108851884
test_00396,2024-11-01,2016,6.347371346438004
test_00396,2024-12-01,4032,32.86209803046754
test_00397,2024-06-01,6048,65.61564082831161
test_00397,2024-07-01,6048,10.19914824414682
test_00397,2024-08-01,6048,21.722740158917347
test_00397,2024-09-01,6048,6.925605255953466
test_00398,2024-10-01,6048,13.375181964989393
test_00398,2024-11-01,6048,22.408926783133726
test_00399,2024-12-01,6048,28.882408056595654
test_00400,2024-03-01,2016,140.8939923173659
test_00400,2024-04-01,4032,40.4629035716601
test_00400,2024-05-01,6048,54.09026902483523
test_00401,2024-03-01,2016,140.8939923173659
test_00401,2024-04-01,4032,40.4629035716601
test_00401,2024-05-01,6048,54.09026902483523
test_00401,2024-06-01,6048,65.61564082831161
test_00401,2024-07-01,6048,10.19914824414682
test_00401,2024-08-01,6048,21.722740158917347
test_00401,2024-09-01,6048,6.925605255953466
test_00401,2024-10-01,6048,13.375181964989393
test_00401,2024-11-01,6048,22.408926783133726
test_00401,2024-12-01,6048,28.882408056595654
test_00402,2024-12-01,2016,-37.425998105250436
test_00403,2024-08-01,2016,46.80632893522214
test_00403,2024-09-01,2016,-61.32280330717454
test_00404,2024-10-01,2016,-68.98345974912405
test_00404,2024-11-01,2016,-97.93078975757957
test_00405,2024-12-01,2016,-37.425998105250436
test_00406,2024-08-01,2016,46.80632893522214
test_00406,2024-09-01,2016,-61.32280330717454
test_00406,2024-10-01,2016,-68.98345974912405
test_00406,2024-11-01,2016,-97.93078975757957
test_00406,2024-12-01,2016,-37.425998105250436
test_00407,2024-07-01,2016,263.23716997105174
test_00407,2024-08-01,4032,247.76205276272898
test_00407,2024-09-01,6048,133.83795888230694
test_00407,2024-10-01,6048,96.65984862418381
test_00407,2024-11-01,4032,165.80575636035627
test_00407,2024-12-01,2016,246.1485704422023
test_00408,2024-11-01,2016,153.7202344450451
test_00408,2024-12-01,4032,248.8548315675663
test_00409,2024-06-01,6048,386.69914165255216
test_00409,2024-07-01,6048,211.72313439371138
test_00409,2024-08-01,6048,237.75896632503023
test_00409,2024-09-01,6048,133.83795888230694
test_00410,2024-10-01,6048,96.65984862418381
test_00410,2024-11-01,6048,161.77724905525255
test_00411,2024-12-01,6048,247.9527445257783
test_00412,2024-03-01,2016,664.1071310726468
test_00412,2024-04-01,4032,180.5018827138741
test_00412,2024-05-01,6048,320.3998716609293
test_00413,2024-03-01,2016,664.1071310726468
test_00413,2024-04-01,4032,180.5018827138741
test_00413,2024-05-01,6048,320.3998716609293
test_00413,2024-06-01,6048,386.69914165255216
test_00413,2024-07-01,6048,211.72313439371138
test_00413,2024-08-01,6048,237.75896632503023
test_00413,2024-09-01,6048,133.83795888230694
test_00413,2024-10-01,6048,96.65984862418381
test_00413,2024-11-01,6048,161.77724905525255
test_00413,2024-12-01,6048,247.9527445257783
test_00414,2024-12-01,2016,152.54529895885497
test_00415,2024-08-01,2016,350.9411487941473
test_00415,2024-09-01,2016,221.6873335310867
test_00416,2024-10-01,2016,46.80653133227923
test_00416,2024-11-01,2016,52.12210514457972
test_00417,2024-12-01,2016,152.54529895885497
test_00418,2024-08-01,2016,350.9411487941473
test_00418,2024-09-01,2016,221.6873335310867
test_00418,2024-10-01,2016,46.80653133227923
test_00418,2024-11-01,2016,52.12210514457972
test_00418,2024-12-01,2016,152.54529895885497
test_00419,2024-07-01,2016,0.0
test_00419,2024-08-01,4032,0.0
test_00419,2024-09-01,6048,0.0
test_00419,2024-10-01,6048,0.0
test_00419,2024-11-01,4032,0.0
test_00419,2024-12-01,2016,0.0
test_00420,2024-11-01,2016,0.0
test_00420,2024-12-01,4032,0.0
test_00421,2024-06-01,6048,0.0
test_00421,2024-07-01,6048,0.0
test_00421,2024-08-01,6048,0.0
test_00421,2024-09-01,6048,0.0
test_00422,2024-10-01,6048,0.0
test_00422,2024-11-01,6048,0.0
test_00423,2024-12-01,6048,0.0
test_00424,2024-03-01,2016,0.0
test_00424,2024-04-01,4032,0.0
test_00424,2024-05-01,6048,0.0
test_00425,2024-03-01,2016,0.0
test_00425,2024-04-01,4032,0.0
test_00425,2024-05-01,6048,0.0
test_00425,2024-06-01,6048,0.0
test_00425,2024-07-01,6048,0.0
test_00425,2024-08-01,6048,0.0
test_00425,2024-09-01,6048,0.0
test_00425,2024-10-01,6048,0.0
test_00425,2024-11-01,6048,0.0
test_00425,2024-12-01,6048,0.0
test_00426,2024-12-01,2016,0.0
test_00427,2024-08-01,2016,0.0
test_00427,2024-09-01,2016,0.0
test_00428,2024-10-01,2016,0.0
test_00428,2024-11-01,2016,0.0
test_00429,2024-12-01,2016,0.0
test_00430,2024-08-01,2016,0.0
test_00430,2024-09-01,2016,0.0
test_00430,2024-10-01,2016,0.0
test_00430,2024-11-01,2016,0.0
test_00430,2024-12-01,2016,0.0
test_00431,2024-07-01,2016,48.95920436270996
test_00431,2024-08-01,4032,34.8734937171564
test_00431,2024-09-01,6048,14.907697664476787
test_00431,2024-10-01,6048,-4.947708516759864
test_00431,2024-11-01,4032,30.116641432307805
test_00431,2024-12-01,2016,44.06545765214067
test_00432,2024-11-01,2016,32.13175322349799
test_00432,2024-12-01,4032,61.781579311795625
test_00433,2024-06-01,6048,90.4071289529079
test_00433,2024-07-01,6048,48.985411435928334
test_00433,2024-08-01,6048,42.3487545180392
test_00433,2024-09-01,6048,14.907697664476787
test_00434,2024-10-01,6048,-4.947708516759864
test_00434,2024-11-01,6048,30.788345362704533
test_00435,2024-12-01,6048,55.87620542524398
test_00436,2024-03-01,2016,144.08324971419134
test_00436,2024-04-01,4032,-5.671115249163993
test_00436,2024-05-01,6048,48.43449057556091
test_00437,2024-03-01,2016,144.08324971419134
test_00437,2024-04-01,4032,-5.671115249163993
test_00437,2024-05-01,6048,48.43449057556091
test_00437,2024-06-01,6048,90.4071289529079
test_00437,2024-07-01,6048,48.985411435928334
test_00437,2024-08-01,6048,42.3487545180392
test_00437,2024-09-01,6048,14.907697664476787
test_00437,2024-10-01,6048,-4.947708516759864
test_00437,2024-11-01,6048,30.788345362704533
test_00437,2024-12-01,6048,55.87620542524398
test_00438,2024-12-01,2016,58.016897821913396
test_00439,2024-08-01,2016,94.30618356504547
test_00439,2024-09-01,2016,48.93798509544532
test_00440,2024-10-01,2016,6.825227956782124
test_00440,2024-11-01,2016,-12.731183267393684
test_00441,2024-12-01,2016,58.016897821913396
test_00442,2024-08-01,2016,94.30618356504547
test_00442,2024-09-01,2016,48.93798509544532
test_00442,2024-10-01,2016,6.825227956782124
test_00442,2024-11-01,2016,-12.731183267393684
test_00442,2024-12-01,2016,58.016897821913396
test_00443,2024-07-01,2016,337.0950253528219
test_00443,2024-08-01,4032,283.1559832780666
test_00443,2024-09-01,6048,179.47432207179256
test_00443,2024-10-01,6048,75.05715932171866
test_00443,2024-11-01,4032,221.92284040687517
test_00443,2024-12-01,2016,316.92197226735374
test_00444,2024-11-01,2016,235.05128636088978
test_00444,2024-12-01,4032,346.2645324370541
test_00445,2024-06-01,6048,447.838837322121
test_00445,2024-07-01,6048,331.59691208484145
test_00445,2024-08-01,6048,301.37498085252247
test_00445,2024-09-01,6048,179.47432207179256
test_00446,2024-10-01,6048,75.05715932171866
test_00446,2024-11-01,6048,226.29898905821335
test_00447,2024-12-01,6048,336.48367904715394
test_00448,2024-03-01,2016,653.0642849766368
test_00448,2024-04-01,4032,-15.4152838696364
test_00448,2024-05-01,6048,295.7202572832128
test_00449,2024-03-01,2016,653.0642849766368
test_00449,2024-04-01,4032,-15.4152838696364
test_00449,2024-05-01,6048,295.7202572832128
test_00449,2024-06-01,6048,447.838837322121
test_00449,2024-07-01,6048,331.59691208484145
test_00449,2024-08-01,6048,301.37498085252247
test_00449,2024-09-01,6048,179.47432207179256
test_00449,2024-10-01,6048,75.05715932171866
test_00449,2024-11-01,6048,226.29898905821335
test_00449,2024-12-01,6048,336.48367904715394
test_00450,2024-12-01,2016,345.6225090389982
test_00451,2024-08-01,2016,328.5916302806056
test_00451,2024-09-01,2016,361.7330123695794
test_00452,2024-10-01,2016,243.1637827876792
test_00452,2024-11-01,2016,213.3099589163734
test_00453,2024-12-01,2016,345.6225090389982
test_00454,2024-08-01,2016,328.5916302806056
test_00454,2024-09-01,2016,361.7330123695794
test_00454,2024-10-01,2016,243.1637827876792
test_00454,2024-11-01,2016,213.3099589163734
test_00454,2024-12-01,2016,345.6225090389982
test_00455,2024-07-01,2016,1.064336071608685
test_00455,2024-08-01,4032,-0.11999676000220645
test_00455,2024-09-01,6048,-0.9647639112364549
test_00455,2024-10-01,6048,0.7716048803541302
test_00455,2024-11-01,4032,2.555651471643012
test_00455,2024-12-01,2016,-5.935463343230773
test_00456,2024-11-01,2016,-2.4124397627200684
test_00456,2024-12-01,4032,-3.802428568377341
test_00457,2024-06-01,6048,-5.735140715418634
test_00457,2024-07-01,6048,-4.9377939233461
test_00457,2024-08-01,6048,-2.56189004102519
test_00457,2024-09-01,6048,-0.9647639112364549
test_00458,2024-10-01,6048,0.7716048803541302
test_00458,2024-11-01,6048,0.8996210601886516
test_00459,2024-12-01,6048,-4.5134401599951515
test_00460,2024-03-01,2016,-5.373819972511911
test_00460,2024-04-01,4032,1.6693437006387657
test_00460,2024-05-01,6048,0.7799249437935868
test_00461,2024-03-01,2016,-5.373819972511911
test_00461,2024-04-01,4032,1.6693437006387657
test_00461,2024-05-01,6048,0.7799249437935868
test_00461,2024-06-01,6048,-5.735140715418634
test_00461,2024-07-01,6048,-4.9377939233461
test_00461,2024-08-01,6048,-2.56189004102519
test_00461,2024-09-01,6048,-0.9647639112364549
test_00461,2024-10-01,6048,0.7716048803541302
test_00461,2024-11-01,6048,0.8996210601886516
test_00461,2024-12-01,6048,-4.5134401599951515
test_00462,2024-12-01,2016,-26.818035199650375
test_00463,2024-08-01,2016,-25.528760029265744
test_00463,2024-09-01,2016,-34.6248065068354
test_00464,2024-10-01,2016,-14.528430906909138
test_00464,2024-11-01,2016,-26.62659587546635
test_00465,2024-12-01,2016,-26.818035199650375
test_00466,2024-08-01,2016,-25.528760029265744
test_00466,2024-09-01,2016,-34.6248065068354
test_00466,2024-10-01,2016,-14.528430906909138
test_00466,2024-11-01,2016,-26.62659587546635
test_00466,2024-12-01,2016,-26.818035199650375
test_00467,2024-07-01,2016,44.6870891465108
test_00467,2024-08-01,4032,32.2406366061741
test_00467,2024-09-01,6048,12.518758138747469
test_00467,2024-10-01,6048,-0.14576824487933154
test_00467,2024-11-01,4032,29.206533253572207
test_00467,2024-12-01,2016,33.23867611650847
test_00468,2024-11-01,2016,25.07608757781491
test_00468,2024-12-01,4032,52.59592629249513
test_00469,2024-06-01,6048,81.4173940119264
test_00469,2024-07-01,6048,37.603959033574874
test_00469,2024-08-01,6048,35.92914705813566
test_00469,2024-09-01,6048,12.518758138747469
test_00470,2024-10-01,6048,-0.14576824487933154
test_00470,2024-11-01,6048,27.829718028319775
test_00471,2024-12-01,6048,46.14350956716624
test_00472,2024-03-01,2016,139.15002382751132
test_00472,2024-04-01,4032,7.923980006959973
test_00472,2024-05-01,6048,49.38442724286919
test_00473,2024-03-01,2016,139.15002382751132
test_00473,2024-04-01,4032,7.923980006959973
test_00473,2024-05-01,6048,49.38442724286919
test_00473,2024-06-01,6048,81.4173940119264
test_00473,2024-07-01,6048,37.603959033574874
test_00473,2024-08-01,6048,35.92914705813566
test_00473,2024-09-01,6048,12.518758138747469
test_00473,2024-10-01,6048,-0.14576824487933154
test_00473,2024-11-01,6048,27.829718028319775
test_00473,2024-12-01,6048,46.14350956716624
test_00474,2024-12-01,2016,26.39276359201125
test_00475,2024-08-01,2016,74.58608660937935
test_00475,2024-09-01,2016,10.088265584694303
test_00476,2024-10-01,2016,-17.871259120618646
test_00476,2024-11-01,2016,-41.937952667218504
test_00477,2024-12-01,2016,26.39276359201125
test_00478,2024-08-01,2016,74.58608660937935
test_00478,2024-09-01,2016,10.088265584694303
test_00478,2024-10-01,2016,-17.871259120618646
test_00478,2024-11-01,2016,-41.937952667218504
test_00478,2024-12-01,2016,26.39276359201125
test_00479,2024-07-01,2016,312.8892982157549
test_00479,2024-08-01,4032,269.9514430343166
test_00479,2024-09-01,6048,161.956252561669
test_00479,2024-10-01,6048,75.7111190518573
test_00479,2024-11-01,4032,200.50258525200684
test_00479,2024-12-01,2016,287.51731761699875
test_00480,2024-11-01,2016,208.10008577719935
test_00480,2024-12-01,4032,313.6026100467584
test_00481,2024-06-01,6048,424.4682091247489
test_00481,2024-07-01,6048,292.5083504226905
test_00481,2024-08-01,6048,279.32533866704847
test_00481,2024-09-01,6048,161.956252561669
test_00482,2024-10-01,6048,75.7111190518573
test_00482,2024-11-01,6048,203.035085427071
test_00483,2024-12-01,6048,304.9075125701719
test_00484,2024-03-01,2016,643.0604023285404
test_00484,2024-04-01,4032,41.188375857614396
test_00484,2024-05-01,6048,297.7547425134142
test_00485,2024-03-01,2016,643.0604023285404
test_00485,2024-04-01,4032,41.188375857614396
test_00485,2024-05-01,6048,297.7547425134142
test_00485,2024-06-01,6048,424.4682091247489
test_00485,2024-07-01,6048,292.5083504226905
test_00485,2024-08-01,6048,279.32533866704847
test_00485,2024-09-01,6048,161.956252561669
test_00485,2024-10-01,6048,75.7111190518573
test_00485,2024-11-01,6048,203.035085427071
test_00485,2024-12-01,6048,304.9075125701719
test_00486,2024-12-01,2016,283.8672686167413
test_00487,2024-08-01,2016,325.21615640166664
test_00487,2024-09-01,2016,313.31950150194126
test_00488,2024-10-01,2016,181.97996984146428
test_00488,2024-11-01,2016,161.55625565851517
test_00489,2024-12-01,2016,283.8672686167413
test_00490,2024-08-01,2016,325.21615640166664
test_00490,2024-09-01,2016,313.31950150194126
test_00490,2024-10-01,2016,181.97996984146428
test_00490,2024-11-01,2016,161.55625565851517
test_00490,2024-12-01,2016,283.8672686167413
test_00491,2024-07-01,2016,-37.88670633415699
test_00491,2024-08-01,4032,-5.0865939165358975
test_00491,2024-09-01,6048,-12.323218044390622
test_00491,2024-10-01,6048,31.035180519254904
test_00491,2024-11-01,4032,26.489558426105127
test_00491,2024-12-01,2016,25.677160987260056
test_00492,2024-11-01,2016,-20.517287834045348
test_00492,2024-12-01,4032,-10.074176277762815
test_00493,2024-06-01,6048,-42.66777687016863
test_00493,2024-07-01,6048,-96.21475921082231
test_00493,2024-08-01,6048,-47.11871999619548
test_00493,2024-09-01,6048,-12.323218044390622
test_00494,2024-10-01,6048,31.035180519254904
test_00494,2024-11-01,6048,10.820609672721634
test_00495,2024-12-01,6048,1.8429361439114749
test_00496,2024-03-01,2016,-22.464195134049724
test_00496,2024-04-01,4032,6.579984704130904
test_00496,2024-05-01,6048,6.868908976847415
test_00497,2024-03-01,2016,-22.464195134049724
test_00497,2024-04-01,4032,6.579984704130904
test_00497,2024-05-01,6048,6.868908976847415
test_00497,2024-06-01,6048,-42.66777687016863
test_00497,2024-07-01,6048,-96.21475921082231
test_00497,2024-08-01,6048,-47.11871999619548
test_00497,2024-09-01,6048,-12.323218044390622
test_00497,2024-10-01,6048,31.035180519254904
test_00497,2024-11-01,6048,10.820609672721634
test_00497,2024-12-01,6048,1.8429361439114749
test_00498,2024-12-01,2016,-186.704710660091
test_00499,2024-08-01,2016,-184.82059776252228
test_00499,2024-09-01,2016,-314.1367064986822
test_00500,2024-10-01,2016,-185.02180096347467
test_00500,2024-11-01,2016,-221.99644412138252
test_00501,2024-12-01,2016,-186.704710660091
test_00502,2024-08-01,2016,-184.82059776252228
test_00502,2024-09-01,2016,-314.1367064986822
test_00502,2024-10-01,2016,-185.02180096347467
test_00502,2024-11-01,2016,-221.99644412138252
test_00502,2024-12-01,2016,-186.704710660091
test_00503,2024-07-01,2016,-50.37663439790101
test_00503,2024-08-01,4032,-8.408721082884417
test_00503,2024-09-01,6048,-12.7338013731937
test_00503,2024-10-01,6048,31.079537019650584
test_00503,2024-11-01,4032,25.287838254557794
test_00503,2024-12-01,2016,19.99399255840236
test_00504,2024-11-01,2016,-13.979698149560573
test_00504,2024-12-01,4032,-33.71227914311083
test_00505,2024-06-01,6048,-38.19672795230661
test_00505,2024-07-01,6048,-108.31421391522282
test_00505,2024-08-01,6048,-54.40066803734302
test_00505,2024-09-01,6048,-12.7338013731937
test_00506,2024-10-01,6048,31.079537019650584
test_00506,2024-11-01,6048,12.198659453185005
test_00507,2024-12-01,6048,-15.810188575939767
test_00508,2024-03-01,2016,29.368624445220576
test_00508,2024-04-01,4032,9.755580221932574
test_00508,2024-05-01,6048,5.524300663247982
test_00509,2024-03-01,2016,29.368624445220576
test_00509,2024-04-01,4032,9.755580221932574
test_00509,2024-05-01,6048,5.524300663247982
test_00509,2024-06-01,6048,-38.19672795230661
test_00509,2024-07-01,6048,-108.31421391522282
test_00509,2024-08-01,6048,-54.40066803734302
test_00509,2024-09-01,6048,-12.7338013731937
test_00509,2024-10-01,6048,31.079537019650584
test_00509,2024-11-01,6048,12.198659453185005
test_00509,2024-12-01,6048,-15.810188575939767
test_00510,2024-12-01,2016,-226.6527669018746
test_00511,2024-08-01,2016,-117.00678591291575
test_00511,2024-09-01,2016,-370.13687742652405
test_00512,2024-10-01,2016,-251.59695183865293
test_00512,2024-11-01,2016,-270.68451015050437
test_00513,2024-12-01,2016,-226.6527669018746
test_00514,2024-08-01,2016,-117.00678591291575
test_00514,2024-09-01,2016,-370.13687742652405
test_00514,2024-10-01,2016,-251.59695183865293
test_00514,2024-11-01,2016,-270.68451015050437
test_00514,2024-12-01,2016,-226.6527669018746
test_00515,2024-07-01,2016,-42.63742479074736
test_00515,2024-08-01,4032,55.48105862916105
test_00515,2024-09-01,6048,96.21396249789812
test_00515,2024-10-01,6048,140.6091871993893
test_00515,2024-11-01,4032,138.2611908687106
test_00515,2024-12-01,2016,128.4571775237348
test_00516,2024-11-01,2016,-64.9166668091594
test_00516,2024-12-01,4032,-88.17090176724142
test_00517,2024-06-01,6048,273.1852878542983
test_00517,2024-07-01,6048,-97.57624315034838
test_00517,2024-08-01,6048,5.052566020951741
test_00517,2024-09-01,6048,96.21396249789812
test_00518,2024-10-01,6048,140.6091871993893
test_00518,2024-11-01,6048,70.53523830942059
test_00519,2024-12-01,6048,-15.961542003582682
test_00520,2024-03-01,2016,1155.5058272328415
test_00520,2024-04-01,4032,340.786197277992
test_00520,2024-05-01,6048,357.69471656503333
test_00521,2024-03-01,2016,1155.5058272328415
test_00521,2024-04-01,4032,340.786197277992
test_00521,2024-05-01,6048,357.69471656503333
test_00521,2024-06-01,6048,273.1852878542983
test_00521,2024-07-01,6048,-97.57624315034838
test_00521,2024-08-01,6048,5.052566020951741
test_00521,2024-09-01,6048,96.21396249789812
test_00521,2024-10-01,6048,140.6091871993893
test_00521,2024-11-01,6048,70.53523830942059
test_00521,2024-12-01,6048,-15.961542003582682
test_00522,2024-12-01,2016,-297.53650920792774
test_00523,2024-08-01,2016,616.9721856873747
test_00523,2024-09-01,2016,263.59939757107145
test_00524,2024-10-01,2016,-413.99691795391317
test_00524,2024-11-01,2016,-210.83169920561332
test_00525,2024-12-01,2016,-297.53650920792774
test_00526,2024-08-01,2016,616.9721856873747
test_00526,2024-09-01,2016,263.59939757107145
test_00526,2024-10-01,2016,-413.99691795391317
test_00526,2024-11-01,2016,-210.83169920561332
test_00526,2024-12-01,2016,-297.53650920792774
test_00527,2024-07-01,2016,-40.23028626170267
test_00527,2024-08-01,4032,-6.073344403846515
test_00527,2024-09-01,6048,-12.113649806344283
test_00527,2024-10-01,6048,34.36388377226675
test_00527,2024-11-01,4032,26.412226696735313
test_00527,2024-12-01,2016,26.99991259461068
test_00528,2024-11-01,2016,-22.41446752982666
test_00528,2024-12-01,4032,-8.585770118438795
test_00529,2024-06-01,6048,-43.109555072833906
test_00529,2024-07-01,6048,-97.40074135867577
test_00529,2024-08-01,6048,-47.85981053473339
test_00529,2024-09-01,6048,-12.113649806344283
test_00530,2024-10-01,6048,34.36388377226675
test_00530,2024-11-01,6048,10.136661954547987
test_00531,2024-12-01,6048,3.2761241192443635
test_00532,2024-03-01,2016,-22.579287566761618
test_00532,2024-04-01,4032,5.47481826963679
test_00532,2024-05-01,6048,5.0146511163895955
test_00533,2024-03-01,2016,-22.579287566761618
test_00533,2024-04-01,4032,5.47481826963679
test_00533,2024-05-01,6048,5.0146511163895955
test_00533,2024-06-01,6048,-43.109555072833906
test_00533,2024-07-01,6048,-97.40074135867577
test_00533,2024-08-01,6048,-47.85981053473339
test_00533,2024-09-01,6048,-12.113649806344283
test_00533,2024-10-01,6048,34.36388377226675
test_00533,2024-11-01,6048,10.136661954547987
test_00533,2024-12-01,6048,3.2761241192443635
test_00534,2024-12-01,2016,-191.89388337469194
test_00535,2024-08-01,2016,-164.95303231635444
test_00535,2024-09-01,2016,-326.8091390994647
test_00536,2024-10-01,2016,-199.1696360011745
test_00536,2024-11-01,2016,-230.59144505301182
test_00537,2024-12-01,2016,-191.89388337469194
test_00538,2024-08-01,2016,-164.95303231635444
test_00538,2024-09-01,2016,-326.8091390994647
test_00538,2024-10-01,2016,-199.1696360011745
test_00538,2024-11-01,2016,-230.59144505301182
test_00538,2024-12-01,2016,-191.89388337469194
test_00539,2024-07-01,2016,-60.712298291468855
test_00539,2024-08-01,4032,-13.64802051771335
test_00539,2024-09-01,6048,-16.181284640907613
test_00539,2024-10-01,6048,37.16922085095418
test_00539,2024-11-01,4032,22.260475917533032
test_00539,2024-12-01,2016,18.84615418030535
test_00540,2024-11-01,2016,-20.79383841276461
test_00540,2024-12-01,4032,-37.766598841455455
test_00541,2024-06-01,6048,-38.96875304487626
test_00541,2024-07-01,6048,-121.44031473252579
test_00541,2024-08-01,6048,-61.44194070349639
test_00541,2024-09-01,6048,-16.181284640907613
test_00542,2024-10-01,6048,37.16922085095418
test_00542,2024-11-01,6048,7.909037807433817
test_00543,2024-12-01,6048,-18.895681167535187
test_00544,2024-03-01,2016,52.033066274460865
test_00544,2024-04-01,4032,36.30738335207611
test_00544,2024-05-01,6048,15.945185275818123
test_00545,2024-03-01,2016,52.033066274460865
test_00545,2024-04-01,4032,36.30738335207611
test_00545,2024-05-01,6048,15.945185275818123
test_00545,2024-06-01,6048,-38.96875304487626
test_00545,2024-07-01,6048,-121.44031473252579
test_00545,2024-08-01,6048,-61.44194070349639
test_00545,2024-09-01,6048,-16.181284640907613
test_00545,2024-10-01,6048,37.16922085095418
test_00545,2024-11-01,6048,7.909037807433817
test_00545,2024-12-01,6048,-18.895681167535187
test_00546,2024-12-01,2016,-244.45776429231483
test_00547,2024-08-01,2016,-71.81354743991558
test_00547,2024-09-01,2016,-379.06626118457103
test_00548,2024-10-01,2016,-278.14365028594835
test_00548,2024-11-01,2016,-287.8449500409666
test_00549,2024-12-01,2016,-244.45776429231483
test_00550,2024-08-01,2016,-71.81354743991558
test_00550,2024-09-01,2016,-379.06626118457103
test_00550,2024-10-01,2016,-278.14365028594835
test_00550,2024-11-01,2016,-287.8449500409666
test_00550,2024-12-01,2016,-244.45776429231483
test_00551,2024-07-01,2016,-67.84060942566981
test_00551,2024-08-01,4032,68.53177880330817
test_00551,2024-09-01,6048,100.00743772455085
test_00551,2024-10-01,6048,198.5796522299935
test_00551,2024-11-01,4032,157.08537037809023
test_00551,2024-12-01,2016,156.37652671502502
test_00552,2024-11-01,2016,-110.48884994302267
test_00552,2024-12-01,4032,-116.50344548221737
test_00553,2024-06-01,6048,320.2546298699246
test_00553,2024-07-01,6048,-160.99795187904442
test_00553,2024-08-01,6048,8.914553904265558
test_00553,2024-09-01,6048,100.00743772455085
test_00554,2024-10-01,6048,198.5796522299935
test_00554,2024-11-01,6048,67.89396360438593
test_00555,2024-12-01,6048,-25.54345474980324
test_00556,2024-03-01,2016,1312.7095207362142
test_00556,2024-04-01,4032,566.3322292656704
test_00556,2024-05-01,6048,477.30777241763155
test_00557,2024-03-01,2016,1312.7095207362142
test_00557,2024-04-01,4032,566.3322292656704
test_00557,2024-05-01,6048,477.30777241763155
test_00557,2024-06-01,6048,320.2546298699246
test_00557,2024-07-01,6048,-160.99795187904442
test_00557,2024-08-01,6048,8.914553904265558
test_00557,2024-09-01,6048,100.00743772455085
test_00557,2024-10-01,6048,198.5796522299935
test_00557,2024-11-01,6048,67.89396360438593
test_00557,2024-12-01,6048,-25.54345474980324
test_00558,2024-12-01,2016,-375.38762744745156
test_00559,2024-08-01,2016,871.8045675202035
test_00559,2024-09-01,2016,355.58487159925596
test_00560,2024-10-01,2016,-575.730592213015
test_00560,2024-11-01,2016,-232.4849404162251
test_00561,2024-12-01,2016,-375.38762744745156
test_00562,2024-08-01,2016,871.8045675202035
test_00562,2024-09-01,2016,355.58487159925596
test_00562,2024-10-01,2016,-575.730592213015
test_00562,2024-11-01,2016,-232.4849404162251
test_00562,2024-12-01,2016,-375.38762744745156
test_00563,2024-07-01,2016,-33.319962732833105
test_00563,2024-08-01,4032,-2.216971036458909
test_00563,2024-09-01,6048,-12.273505489744238
test_00563,2024-10-01,6048,21.43662187408644
test_00563,2024-11-01,4032,28.372598778844758
test_00563,2024-12-01,2016,22.841197398986264
test_00564,2024-11-01,2016,-14.720536952272655
test_00564,2024-12-01,4032,-14.432633686269316
test_00565,2024-06-01,6048,-42.38128171397212
test_00565,2024-07-01,6048,-93.564474109698
test_00565,2024-08-01,6048,-44.92869344722255
test_00565,2024-09-01,6048,-12.273505489744238
test_00566,2024-10-01,6048,21.43662187408644
test_00566,2024-11-01,6048,14.00822020180562
test_00567,2024-12-01,6048,-2.0080233245174566
test_00568,2024-03-01,2016,-20.828123359813965
test_00568,2024-04-01,4032,7.280866174595424
test_00568,2024-05-01,6048,10.402586942049071
test_00569,2024-03-01,2016,-20.828123359813965
test_00569,2024-04-01,4032,7.280866174595424
test_00569,2024-05-01,6048,10.402586942049071
test_00569,2024-06-01,6048,-42.38128171397212
test_00569,2024-07-01,6048,-93.564474109698
test_00569,2024-08-01,6048,-44.92869344722255
test_00569,2024-09-01,6048,-12.273505489744238
test_00569,2024-10-01,6048,21.43662187408644
test_00569,2024-11-01,6048,14.00822020180562
test_00569,2024-12-01,6048,-2.0080233245174566
test_00570,2024-12-01,2016,-173.70908573058708
test_00571,2024-08-01,2016,-232.93783050798004
test_00571,2024-09-01,2016,-274.90200611729887
test_00572,2024-10-01,2016,-145.95830716430532
test_00572,2024-11-01,2016,-197.8582940935131
test_00573,2024-12-01,2016,-173.70908573058708
test_00574,2024-08-01,2016,-232.93783050798004
test_00574,2024-09-01,2016,-274.90200611729887
test_00574,2024-10-01,2016,-145.95830716430532
test_00574,2024-11-01,2016,-197.8582940935131
test_00574,2024-12-01,2016,-173.70908573058708
test_00575,2024-07-01,2016,-32.24587018797351
test_00575,2024-08-01,4032,1.125920192510317
test_00575,2024-09-01,6048,-5.8119043481177695
test_00575,2024-10-01,6048,18.03197075151503
test_00575,2024-11-01,4032,31.633199496673605
test_00575,2024-12-01,2016,21.433268537691873
test_00576,2024-11-01,2016,-0.30575720830951997
test_00576,2024-12-01,4032,-27.689680077922723
test_00577,2024-06-01,6048,-36.05880704987125
test_00577,2024-07-01,6048,-85.05784419106348
test_00577,2024-08-01,6048,-41.79866886734172
test_00577,2024-09-01,6048,-5.8119043481177695
test_00578,2024-10-01,6048,18.03197075151503
test_00578,2024-11-01,6048,20.98688059501256
test_00579,2024-12-01,6048,-11.315363872717858
test_00580,2024-03-01,2016,-0.35464773667975563
test_00580,2024-04-01,4032,-37.10465497861891
test_00580,2024-05-01,6048,-12.48472977928024
test_00581,2024-03-01,2016,-0.35464773667975563
test_00581,2024-04-01,4032,-37.10465497861891
test_00581,2024-05-01,6048,-12.48472977928024
test_00581,2024-06-01,6048,-36.05880704987125
test_00581,2024-07-01,6048,-85.05784419106348
test_00581,2024-08-01,6048,-41.79866886734172
test_00581,2024-09-01,6048,-5.8119043481177695
test_00581,2024-10-01,6048,18.03197075151503
test_00581,2024-11-01,6048,20.98688059501256
test_00581,2024-12-01,6048,-11.315363872717858
test_00582,2024-12-01,2016,-192.5866062186141
test_00583,2024-08-01,2016,-201.30953047352259
test_00583,2024-09-01,2016,-347.8140105697291
test_00584,2024-10-01,2016,-197.75877274835364
test_00584,2024-11-01,2016,-235.62111772844514
test_00585,2024-12-01,2016,-192.5866062186141
test_00586,2024-08-01,2016,-201.30953047352259
test_00586,2024-09-01,2016,-347.8140105697291
test_00586,2024-10-01,2016,-197.75877274835364
test_00586,2024-11-01,2016,-235.62111772844514
test_00586,2024-12-01,2016,-192.5866062186141
test_00587,2024-07-01,2016,83.05214447820484
test_00587,2024-08-01,4032,87.73319168261432
test_00587,2024-09-01,6048,131.5554003278731
test_00587,2024-10-01,6048,58.70198976247436
test_00587,2024-11-01,4032,141.34800795526453
test_00587,2024-12-01,2016,112.05332391367425
test_00588,2024-11-01,2016,44.76319526338418
test_00588,2024-12-01,4032,-13.101858190318216
test_00589,2024-06-01,6048,266.09005209058876
test_00589,2024-07-01,6048,82.02097861175518
test_00589,2024-08-01,6048,67.55797033065745
test_00589,2024-09-01,6048,131.5554003278731
test_00590,2024-10-01,6048,58.70198976247436
test_00590,2024-11-01,6048,109.15307039130441
test_00591,2024-12-01,6048,28.61653584434594
test_00592,2024-03-01,2016,1007.8200619144986
test_00592,2024-04-01,4032,-39.046822358229996
test_00592,2024-05-01,6048,233.6575192044579
test_00593,2024-03-01,2016,1007.8200619144986
test_00593,2024-04-01,4032,-39.046822358229996
test_00593,2024-05-01,6048,233.6575192044579
test_00593,2024-06-01,6048,266.09005209058876
test_00593,2024-07-01,6048,82.02097861175518
test_00593,2024-08-01,6048,67.55797033065745
test_00593,2024-09-01,6048,131.5554003278731
test_00593,2024-10-01,6048,58.70198976247436
test_00593,2024-11-01,6048,109.15307039130441
test_00593,2024-12-01,6048,28.61653584434594
test_00594,2024-12-01,2016,-86.15161235062946
test_00595,2024-08-01,2016,225.8974211368049
test_00595,2024-09-01,2016,200.08127169980887
test_00596,2024-10-01,2016,-86.45433938043527
test_00596,2024-11-01,2016,-78.28418298192047
test_00597,2024-12-01,2016,-86.15161235062946
test_00598,2024-08-01,2016,225.8974211368049
test_00598,2024-09-01,2016,200.08127169980887
test_00598,2024-10-01,2016,-86.45433938043527
test_00598,2024-11-01,2016,-78.28418298192047
test_00598,2024-12-01,2016,-86.15161235062946
test_00599,2024-07-01,2016,-35.614767714014235
test_00599,2024-08-01,4032,-3.8422418711338024
test_00599,2024-09-01,6048,-12.43289932153667
test_00599,2024-10-01,6048,26.63994818450064
test_00599,2024-11-01,4032,27.04085573523939
test_00599,2024-12-01,2016,24.29221639029815
test_00600,2024-11-01,2016,-17.956109103238987
test_00600,2024-12-01,4032,-12.000025348123742
test_00601,2024-06-01,6048,-42.42301495401986
test_00601,2024-07-01,6048,-95.01112691023395
test_00601,2024-08-01,6048,-46.19267999877313
test_00601,2024-09-01,6048,-12.43289932153667
test_00602,2024-10-01,6048,26.63994818450064
test_00602,2024-11-01,6048,12.041867455746598
test_00603,2024-12-01,6048,0.09738856468355467
test_00604,2024-03-01,2016,-21.780599856519434
test_00604,2024-04-01,4032,7.3485904972606555
test_00604,2024-05-01,6048,8.697567647679069
test_00605,2024-03-01,2016,-21.780599856519434
test_00605,2024-04-01,4032,7.3485904972606555
test_00605,2024-05-01,6048,8.697567647679069
test_00605,2024-06-01,6048,-42.42301495401986
test_00605,2024-07-01,6048,-95.01112691023395
test_00605,2024-08-01,6048,-46.19267999877313
test_00605,2024-09-01,6048,-12.43289932153667
test_00605,2024-10-01,6048,26.63994818450064
test_00605,2024-11-01,6048,12.041867455746598
test_00605,2024-12-01,6048,0.09738856468355467
test_00606,2024-12-01,2016,-180.88288550936426
test_00607,2024-08-01,2016,-207.55532708062358
test_00607,2024-09-01,2016,-297.3152079956964
test_00608,2024-10-01,2016,-167.65683754601082
test_00608,2024-11-01,2016,-211.31075808199938
test_00609,2024-12-01,2016,-180.88288550936426
test_00610,2024-08-01,2016,-207.55532708062358
test_00610,2024-09-01,2016,-297.3152079956964
test_00610,2024-10-01,2016,-167.65683754601082
test_00610,2024-11-01,2016,-211.31075808199938
test_00610,2024-12-01,2016,-180.88288550936426
test_00611,2024-07-01,2016,-41.12606009082023
test_00611,2024-08-01,4032,-3.6035612305294715
test_00611,2024-09-01,6048,-9.36147716061293
test_00611,2024-10-01,6048,24.779215984009305
test_00611,2024-11-01,4032,28.316948603618215
test_00611,2024-12-01,2016,20.838883146412453
test_00612,2024-11-01,2016,-7.2697748458197236
test_00612,2024-12-01,4032,-30.43084028452196
test_00613,2024-06-01,6048,-37.25962851268447
test_00613,2024-07-01,6048,-96.49731982614028
test_00613,2024-08-01,6048,-48.01645845496864
test_00613,2024-09-01,6048,-9.36147716061293
test_00614,2024-10-01,6048,24.779215984009305
test_00614,2024-11-01,6048,16.45470745380557
test_00615,2024-12-01,6048,-13.340932474210488
test_00616,2024-03-01,2016,12.59719987724498
test_00616,2024-04-01,4032,-14.15348381080011
test_00616,2024-05-01,6048,-3.7644740398856333
test_00617,2024-03-01,2016,12.59719987724498
test_00617,2024-04-01,4032,-14.15348381080011
test_00617,2024-05-01,6048,-3.7644740398856333
test_00617,2024-06-01,6048,-37.25962851268447
test_00617,2024-07-01,6048,-96.49731982614028
test_00617,2024-08-01,6048,-48.01645845496864
test_00617,2024-09-01,6048,-9.36147716061293
test_00617,2024-10-01,6048,24.779215984009305
test_00617,2024-11-01,6048,16.45470745380557
test_00617,2024-12-01,6048,-13.340932474210488
test_00618,2024-12-01,2016,-209.81806275415937
test_00619,2024-08-01,2016,-159.4920014626264
test_00619,2024-09-01,2016,-359.9006991137823
test_00620,2024-10-01,2016,-225.37121726774365
test_00620,2024-11-01,2016,-253.64573009920787
test_00621,2024-12-01,2016,-209.81806275415937
test_00622,2024-08-01,2016,-159.4920014626264
test_00622,2024-09-01,2016,-359.9006991137823
test_00622,2024-10-01,2016,-225.37121726774365
test_00622,2024-11-01,2016,-253.64573009920787
test_00622,2024-12-01,2016,-209.81806275415937
test_00623,2024-07-01,2016,10.827465382987699
test_00623,2024-08-01,4032,63.14738707319294
test_00623,2024-09-01,6048,107.30632425685744
test_00623,2024-10-01,6048,94.94854117482191
test_00623,2024-11-01,4032,133.59023848364342
test_00623,2024-12-01,2016,114.57179777350447
test_00624,2024-11-01,2016,-12.230703724674111
test_00624,2024-12-01,4032,-53.15334095771399
test_00625,2024-06-01,6048,255.51102463059695
test_00625,2024-07-01,6048,-15.07755632386767
test_00625,2024-08-01,6048,26.887153989996392
test_00625,2024-09-01,6048,107.30632425685744
test_00626,2024-10-01,6048,94.94854117482191
test_00626,2024-11-01,6048,84.98325774753758
test_00627,2024-12-01,6048,2.755038619358827
test_00628,2024-03-01,2016,1052.6761409452836
test_00628,2024-04-01,4032,139.6825572908065
test_00628,2024-05-01,6048,277.9219264950305
test_00629,2024-03-01,2016,1052.6761409452836
test_00629,2024-04-01,4032,139.6825572908065
test_00629,2024-05-01,6048,277.9219264950305
test_00629,2024-06-01,6048,255.51102463059695
test_00629,2024-07-01,6048,-15.07755632386767
test_00629,2024-08-01,6048,26.887153989996392
test_00629,2024-09-01,6048,107.30632425685744
test_00629,2024-10-01,6048,94.94854117482191
test_00629,2024-11-01,6048,84.98325774753758
test_00629,2024-12-01,6048,2.755038619358827
test_00630,2024-12-01,2016,-199.41034753781975
test_00631,2024-08-01,2016,401.28141875569673
test_00631,2024-09-01,2016,211.87116523284394
test_00632,2024-10-01,2016,-252.1351470095513
test_00632,2024-11-01,2016,-157.68188609928941
test_00633,2024-12-01,2016,-199.41034753781975
test_00634,2024-08-01,2016,401.28141875569673
test_00634,2024-09-01,2016,211.87116523284394
test_00634,2024-10-01,2016,-252.1351470095513
test_00634,2024-11-01,2016,-157.68188609928941
test_00634,2024-12-01,2016,-199.41034753781975
test_00635,2024-07-01,2016,235.73073088892275
test_00635,2024-08-01,4032,207.33654863817807
test_00635,2024-09-01,6048,249.4877902167385
test_00635,2024-10-01,6048,271.9493164026737
test_00635,2024-11-01,4032,165.36596505410344
test_00635,2024-12-01,2016,-20.99062169302368
test_00636,2024-11-01,2016,191.46969841684478
test_00636,2024-12-01,4032,263.0200295351539
test_00637,2024-06-01,6048,29.408722367629924
test_00637,2024-07-01,6048,969.4174683960628
test_00637,2024-08-01,6048,288.35391949773754
test_00637,2024-09-01,6048,249.4877902167385
test_00638,2024-10-01,6048,271.9493164026737
test_00638,2024-11-01,6048,174.06720950835057
test_00639,2024-12-01,6048,168.34981245909475
test_00640,2024-03-01,2016,-16.51782806305895
test_00640,2024-04-01,4032,-285.60347801931647
test_00640,2024-05-01,6048,-14.916960449942447
test_00641,2024-03-01,2016,-16.51782806305895
test_00641,2024-04-01,4032,-285.60347801931647
test_00641,2024-05-01,6048,-14.916960449942447
test_00641,2024-06-01,6048,29.408722367629924
test_00641,2024-07-01,6048,969.4174683960628
test_00641,2024-08-01,6048,288.35391949773754
test_00641,2024-09-01,6048,249.4877902167385
test_00641,2024-10-01,6048,271.9493164026737
test_00641,2024-11-01,6048,174.06720950835057
test_00641,2024-12-01,6048,168.34981245909475
test_00642,2024-07-01,2016,295.8259740483323
test_00642,2024-08-01,4032,391.7719669929925
test_00642,2024-09-01,6048,441.78600757328184
test_00642,2024-10-01,6048,350.63498968961994
test_00642,2024-11-01,4032,355.17147403819985
test_00642,2024-12-01,2016,149.45498878614436
test_00643,2024-11-01,2016,593.6873208621173
test_00643,2024-12-01,4032,354.79627763760664
test_00644,2024-06-01,6048,169.72853383409068
test_00644,2024-07-01,6048,834.4940650616854
test_00644,2024-08-01,6048,377.0991714465581
test_00644,2024-09-01,6048,441.78600757328184
test_00645,2024-10-01,6048,350.63498968961994
test_00645,2024-11-01,6048,434.67675631283896
test_00646,2024-12-01,6048,286.34918135378587
test_00647,2024-02-01,2016,1303.9476571808902
test_00647,2024-03-01,4032,1184.6914634947127
test_00647,2024-04-01,6048,157.55817097747632
test_00647,2024-05-01,6048,133.18339358164843
test_00648,2024-02-01,2016,1303.9476571808902
test_00648,2024-03-01,4032,1184.6914634947127
test_00648,2024-04-01,6048,157.55817097747632
test_00648,2024-05-01,6048,133.18339358164843
test_00648,2024-06-01,6048,169.72853383409068
test_00648,2024-07-01,6048,834.4940650616854
test_00648,2024-08-01,6048,377.0991714465581
test_00648,2024-09-01,6048,441.78600757328184
test_00648,2024-10-01,6048,350.63498968961994
test_00648,2024-11-01,6048,434.67675631283896
test_00648,2024-12-01,6048,286.34918135378587
test_00649,2024-07-01,2016,153.77688441602004
test_00649,2024-08-01,4032,113.55454654988839
test_00649,2024-09-01,6048,149.74411316591045
test_00649,2024-10-01,6048,54.901225040905075
test_00649,2024-11-01,4032,85.5521198925395
test_00649,2024-12-01,2016,-92.52063181841666
test_00650,2024-11-01,2016,159.64509603385088
test_00650,2024-12-01,4032,20.95248715465635
test_00651,2024-06-01,4032,102.17538650193121
test_00651,2024-07-01,4032,163.96986703445643
test_00651,2024-08-01,6048,153.42392830463208
test_00651,2024-09-01,6048,149.74411316591045
test_00652,2024-10-01,6048,54.901225040905075
test_00652,2024-11-01,6048,110.24977860630995
test_00653,2024-12-01,6048,-16.87188583636799
test_00654,2024-04-01,2016,-398.83898839927866
test_00654,2024-05-01,2016,210.72663869328863
test_00655,2024-04-01,2016,-398.83898839927866
test_00655,2024-05-01,2016,210.72663869328863
test_00655,2024-06-01,4032,102.17538650193121
test_00655,2024-07-01,4032,163.96986703445643
test_00655,2024-08-01,6048,153.42392830463208
test_00655,2024-09-01,6048,149.74411316591045
test_00655,2024-10-01,6048,54.901225040905075
test_00655,2024-11-01,6048,110.24977860630995
test_00655,2024-12-01,6048,-16.87188583636799
test_00656,2024-07-01,2016,-27.18171753283524
test_00656,2024-08-01,4032,87.00027154419574
test_00656,2024-09-01,6048,212.2091283498605
test_00656,2024-10-01,6048,90.34016073781895
test_00656,2024-11-01,4032,147.43804024504803
test_00656,2024-12-01,2016,19.744119231297113
test_00657,2024-11-01,2016,90.64965921233338
test_00657,2024-12-01,4032,-53.990862030754975
test_00658,2024-06-01,4032,317.31736908514824
test_00658,2024-07-01,4032,-3.6519159728826045
test_00658,2024-08-01,6048,47.71019129550049
test_00658,2024-09-01,6048,212.2091283498605
test_00659,2024-10-01,6048,90.34016073781895
test_00659,2024-11-01,6048,128.50857990080982
test_00660,2024-12-01,6048,-29.412534943404275
test_00661,2024-04-01,2016,-207.16461546429844
test_00661,2024-05-01,2016,303.3194747885485
test_00662,2024-04-01,2016,-207.16461546429844
test_00662,2024-05-01,2016,303.3194747885485
test_00662,2024-06-01,4032,317.31736908514824
test_00662,2024-07-01,4032,-3.6519159728826045
test_00662,2024-08-01,6048,47.71019129550049
test_00662,2024-09-01,6048,212.2091283498605
test_00662,2024-10-01,6048,90.34016073781895
test_00662,2024-11-01,6048,128.50857990080982
test_00662,2024-12-01,6048,-29.412534943404275
test_00663,2024-07-01,2016,290.8927445601842
test_00663,2024-08-01,4032,195.55290283565316
test_00663,2024-09-01,6048,225.53998320121175
test_00663,2024-10-01,6048,172.45682885599842
test_00663,2024-11-01,4032,127.89041475429275
test_00663,2024-12-01,2016,-58.23699017881145
test_00664,2024-11-01,2016,225.2106774453057
test_00664,2024-12-01,4032,212.1648039525197
test_00665,2024-06-01,6048,-11.08344953311075
test_00665,2024-07-01,6048,964.9877112581188
test_00665,2024-08-01,6048,301.21163410999435
test_00665,2024-09-01,6048,225.53998320121175
test_00666,2024-10-01,6048,172.45682885599842
test_00666,2024-11-01,6048,160.33050231796372
test_00667,2024-12-01,6048,122.0308725754093
test_00668,2024-03-01,2016,-127.90406375072604
test_00668,2024-04-01,4032,-335.140680603838
test_00668,2024-05-01,6048,-65.23671641289309
test_00669,2024-03-01,2016,-127.90406375072604
test_00669,2024-04-01,4032,-335.140680603838
test_00669,2024-05-01,6048,-65.23671641289309
test_00669,2024-06-01,6048,-11.08344953311075
test_00669,2024-07-01,6048,964.9877112581188
test_00669,2024-08-01,6048,301.21163410999435
test_00669,2024-09-01,6048,225.53998320121175
test_00669,2024-10-01,6048,172.45682885599842
test_00669,2024-11-01,6048,160.33050231796372
test_00669,2024-12-01,6048,122.0308725754093
test_00670,2024-07-01,2016,282.02308743757834
test_00670,2024-08-01,4032,194.9772584394186
test_00670,2024-09-01,6048,230.67239254464076
test_00670,2024-10-01,6048,164.144926267719
test_00670,2024-11-01,4032,137.0107309053511
test_00670,2024-12-01,2016,-50.567475536235754
test_00671,2024-11-01,2016,228.77561387737654
test_00671,2024-12-01,4032,225.4614379682598
test_00672,2024-06-01,6048,-2.2616934406013804
test_00672,2024-07-01,6048,970.2655972961013
test_00672,2024-08-01,6048,304.3375067999974
test_00672,2024-09-01,6048,230.67239254464076
test_00673,2024-10-01,6048,164.144926267719
test_00673,2024-11-01,6048,167.5990252293596
test_00674,2024-12-01,6048,133.45180013342795
test_00675,2024-03-01,2016,-117.43420867284684
test_00675,2024-04-01,4032,-336.922389781115
test_00675,2024-05-01,6048,-74.4173942314323
test_00676,2024-03-01,2016,-117.43420867284684
test_00676,2024-04-01,4032,-336.922389781115
test_00676,2024-05-01,6048,-74.4173942314323
test_00676,2024-06-01,6048,-2.2616934406013804
test_00676,2024-07-01,6048,970.2655972961013
test_00676,2024-08-01,6048,304.3375067999974
test_00676,2024-09-01,6048,230.67239254464076
test_00676,2024-10-01,6048,164.144926267719
test_00676,2024-11-01,6048,167.5990252293596
test_00676,2024-12-01,6048,133.45180013342795
test_00677,2024-07-01,2016,284.67871457635067
test_00677,2024-08-01,4032,194.10765440604447
test_00677,2024-09-01,6048,240.45687613259526
test_00677,2024-10-01,6048,145.2112866426493
test_00677,2024-11-01,4032,165.14579090462865
test_00677,2024-12-01,2016,-29.241122093001863
test_00678,2024-11-01,2016,240.59791910245784
test_00678,2024-12-01,4032,240.21603794167098
test_00679,2024-06-01,6048,10.158875903418357
test_00679,2024-07-01,6048,975.1897622460699
test_00679,2024-08-01,6048,309.18779612859885
test_00679,2024-09-01,6048,240.45687613259526
test_00680,2024-10-01,6048,145.2112866426493
test_00680,2024-11-01,6048,190.29650030390505
test_00681,2024-12-01,6048,150.39698459678002
test_00682,2024-03-01,2016,-102.9279715039182
test_00682,2024-04-01,4032,-341.7240171830233
test_00682,2024-05-01,6048,-82.23890681864906
test_00683,2024-03-01,2016,-102.9279715039182
test_00683,2024-04-01,4032,-341.7240171830233
test_00683,2024-05-01,6048,-82.23890681864906
test_00683,2024-06-01,6048,10.158875903418357
test_00683,2024-07-01,6048,975.1897622460699
test_00683,2024-08-01,6048,309.18779612859885
test_00683,2024-09-01,6048,240.45687613259526
test_00683,2024-10-01,6048,145.2112866426493
test_00683,2024-11-01,6048,190.29650030390505
test_00683,2024-12-01,6048,150.39698459678002
test_00684,2024-07-01,2016,291.110499077109
test_00684,2024-08-01,4032,204.27565635604375
test_00684,2024-09-01,6048,221.2657662746165
test_00684,2024-10-01,6048,172.81526656217753
test_00684,2024-11-01,4032,125.61808267699772
test_00684,2024-12-01,2016,-61.913771392072
test_00685,2024-11-01,2016,237.43415893860595
test_00685,2024-12-01,4032,197.47539899874397
test_00686,2024-06-01,6048,-22.91232857472784
test_00686,2024-07-01,6048,947.9752931106829
test_00686,2024-08-01,6048,300.81960013333656
test_00686,2024-09-01,6048,221.2657662746165
test_00687,2024-10-01,6048,172.81526656217753
test_00687,2024-11-01,6048,162.89010809753378
test_00688,2024-12-01,6048,111.01234220180531
test_00689,2024-03-01,2016,-140.38782083443428
test_00689,2024-04-01,4032,-361.1132595221484
test_00689,2024-05-01,6048,-69.99089269912837
test_00690,2024-03-01,2016,-140.38782083443428
test_00690,2024-04-01,4032,-361.1132595221484
test_00690,2024-05-01,6048,-69.99089269912837
test_00690,2024-06-01,6048,-22.91232857472784
test_00690,2024-07-01,6048,947.9752931106829
test_00690,2024-08-01,6048,300.81960013333656
test_00690,2024-09-01,6048,221.2657662746165
test_00690,2024-10-01,6048,172.81526656217753
test_00690,2024-11-01,6048,162.89010809753378
test_00690,2024-12-01,6048,111.01234220180531
test_00691,2024-07-01,2016,327.09452244305965
test_00691,2024-08-01,4032,223.03921666368905
test_00691,2024-09-01,6048,226.45945260420638
test_00691,2024-10-01,6048,186.03249385138625
test_00691,2024-11-01,4032,159.52298544885898
test_00691,2024-12-01,2016,-41.164489530229325
test_00692,2024-11-01,2016,238.1396903320564
test_00692,2024-12-01,4032,242.29333197134636
test_00693,2024-06-01,6048,44.648541593284456
test_00693,2024-07-01,6048,959.8732639043467
test_00693,2024-08-01,6048,317.82088673381264
test_00693,2024-09-01,6048,226.45945260420638
test_00694,2024-10-01,6048,186.03249385138625
test_00694,2024-11-01,6048,185.72855374325812
test_00695,2024-12-01,6048,147.8073914708211
test_00696,2024-03-01,2016,7.280924850618693
test_00696,2024-04-01,4032,-302.0428799616568
test_00696,2024-05-01,6048,-7.160625028112256
test_00697,2024-03-01,2016,7.280924850618693
test_00697,2024-04-01,4032,-302.0428799616568
test_00697,2024-05-01,6048,-7.160625028112256
test_00697,2024-06-01,6048,44.648541593284456
test_00697,2024-07-01,6048,959.8732639043467
test_00697,2024-08-01,6048,317.82088673381264
test_00697,2024-09-01,6048,226.45945260420638
test_00697,2024-10-01,6048,186.03249385138625
test_00697,2024-11-01,6048,185.72855374325812
test_00697,2024-12-01,6048,147.8073914708211
test_00698,2024-07-01,2016,336.0589510268534
test_00698,2024-08-01,4032,226.20887738813926
test_00698,2024-09-01,6048,229.41264576001743
test_00698,2024-10-01,6048,178.5968347759231
test_00698,2024-11-01,4032,158.83384600747868
test_00698,2024-12-01,2016,-36.63959880590236
test_00699,2024-11-01,2016,248.326491586186
test_00699,2024-12-01,4032,252.6113243061189
test_00700,2024-06-01,6048,52.235947334218636
test_00700,2024-07-01,6048,974.434492990009
test_00700,2024-08-01,6048,325.2568628148222
test_00700,2024-09-01,6048,229.41264576001743
test_00701,2024-10-01,6048,178.5968347759231
test_00701,2024-11-01,6048,188.66472786704782
test_00702,2024-12-01,6048,156.19434993544513
test_00703,2024-03-01,2016,4.084092654698959
test_00703,2024-04-01,4032,-319.33586667795345
test_00703,2024-05-01,6048,-9.988928467592208
test_00704,2024-03-01,2016,4.084092654698959
test_00704,2024-04-01,4032,-319.33586667795345
test_00704,2024-05-01,6048,-9.988928467592208
test_00704,2024-06-01,6048,52.235947334218636
test_00704,2024-07-01,6048,974.434492990009
test_00704,2024-08-01,6048,325.2568628148222
test_00704,2024-09-01,6048,229.41264576001743
test_00704,2024-10-01,6048,178.5968347759231
test_00704,2024-11-01,6048,188.66472786704782
test_00704,2024-12-01,6048,156.19434993544513
test_00705,2024-07-01,2016,342.74046636387334
test_00705,2024-08-01,4032,228.98207544404227
test_00705,2024-09-01,6048,232.05260548700042
test_00705,2024-10-01,6048,172.5115436415175
test_00705,2024-11-01,4032,158.2898142009496
test_00705,2024-12-01,2016,-28.848841522572744
test_00706,2024-11-01,2016,256.86840656343327
test_00706,2024-12-01,4032,262.02716023337393
test_00707,2024-06-01,6048,60.450294776899256
test_00707,2024-07-01,6048,987.2780746937748
test_00707,2024-08-01,6048,332.0272936330309
test_00707,2024-09-01,6048,232.05260548700042
test_00708,2024-10-01,6048,172.5115436415175
test_00708,2024-11-01,6048,191.14934498844417
test_00709,2024-12-01,6048,165.0684929813917
test_00710,2024-03-01,2016,5.536956360764125
test_00710,2024-04-01,4032,-334.58180352635696
test_00710,2024-05-01,6048,-11.866466810078299
test_00711,2024-03-01,2016,5.536956360764125
test_00711,2024-04-01,4032,-334.58180352635696
test_00711,2024-05-01,6048,-11.866466810078299
test_00711,2024-06-01,6048,60.450294776899256
test_00711,2024-07-01,6048,987.2780746937748
test_00711,2024-08-01,6048,332.0272936330309
test_00711,2024-09-01,6048,232.05260548700042
test_00711,2024-10-01,6048,172.5115436415175
test_00711,2024-11-01,6048,191.14934498844417
test_00711,2024-12-01,6048,165.0684929813917
test_00712,2024-07-01,2016,347.0125815800725
test_00712,2024-08-01,4032,231.61493255502458
test_00712,2024-09-01,6048,234.44154501272973
test_00712,2024-10-01,6048,167.70960336963697
test_00712,2024-11-01,4032,159.19992237968518
test_00712,2024-12-01,2016,-18.022059986940537
test_00713,2024-11-01,2016,263.9240722091164
test_00713,2024-12-01,4032,271.21281325267444
test_00714,2024-06-01,6048,69.44002971788075
test_00714,2024-07-01,6048,998.6595270961282
test_00714,2024-08-01,6048,338.4469010929345
test_00714,2024-09-01,6048,234.44154501272973
test_00715,2024-10-01,6048,167.70960336963697
test_00715,2024-11-01,6048,194.1079723228289
test_00716,2024-12-01,6048,174.80118883946946
test_00717,2024-03-01,2016,10.470182247444138
test_00717,2024-04-01,4032,-348.17689878248086
test_00717,2024-05-01,6048,-12.816403477386572
test_00718,2024-03-01,2016,10.470182247444138
test_00718,2024-04-01,4032,-348.17689878248086
test_00718,2024-05-01,6048,-12.816403477386572
test_00718,2024-06-01,6048,69.44002971788075
test_00718,2024-07-01,6048,998.6595270961282
test_00718,2024-08-01,6048,338.4469010929345
test_00718,2024-09-01,6048,234.44154501272973
test_00718,2024-10-01,6048,167.70960336963697
test_00718,2024-11-01,6048,194.1079723228289
test_00718,2024-12-01,6048,174.80118883946946
test_00719,2024-07-01,2016,296.6020861190459
test_00719,2024-08-01,4032,195.68595506401635
test_00719,2024-09-01,6048,217.43755399859785
test_00719,2024-10-01,6048,178.2934953284471
test_00719,2024-11-01,4032,138.55171579785875
test_00719,2024-12-01,2016,-71.506187628229
test_00720,2024-11-01,2016,223.28950894313522
test_00720,2024-12-01,4032,199.22964289071658
test_00721,2024-06-01,6048,-37.40694330559734
test_00721,2024-07-01,6048,933.1163893890803
test_00721,2024-08-01,6048,287.90993822327465
test_00721,2024-09-01,6048,217.43755399859785
test_00722,2024-10-01,6048,178.2934953284471
test_00722,2024-11-01,6048,166.79764684628424
test_00723,2024-12-01,6048,108.98436605106805
test_00724,2024-03-01,2016,-144.98709957220566
test_00724,2024-04-01,4032,-336.36228887022145
test_00724,2024-05-01,6048,-58.93574346045842
test_00725,2024-03-01,2016,-144.98709957220566
test_00725,2024-04-01,4032,-336.36228887022145
test_00725,2024-05-01,6048,-58.93574346045842
test_00725,2024-06-01,6048,-37.40694330559734
test_00725,2024-07-01,6048,933.1163893890803
test_00725,2024-08-01,6048,287.90993822327465
test_00725,2024-09-01,6048,217.43755399859785
test_00725,2024-10-01,6048,178.2934953284471
test_00725,2024-11-01,6048,166.79764684628424
test_00725,2024-12-01,6048,108.98436605106805
test_00726,2024-07-01,2016,189.53320876994096
test_00726,2024-08-01,4032,104.85895979045735
test_00726,2024-09-01,6048,107.72674605004313
test_00726,2024-10-01,6048,64.7881010097189
test_00726,2024-11-01,4032,103.29736437395933
test_00726,2024-12-01,2016,39.594758639379656
test_00727,2024-11-01,2016,166.20119973026632
test_00727,2024-12-01,4032,151.37178983848395
test_00728,2024-06-01,6048,-34.156816864954
test_00728,2024-07-01,6048,192.6527663188572
test_00728,2024-08-01,6048,111.14305588568942
test_00728,2024-09-01,6048,107.72674605004313
test_00729,2024-10-01,6048,64.7881010097189
test_00729,2024-11-01,6048,124.26530949272832
test_00730,2024-12-01,6048,114.11277943878254
test_00731,2024-03-01,2016,-144.98709957220566
test_00731,2024-04-01,4032,-140.24146294025545
test_00731,2024-05-01,6048,-14.054923077577115
test_00732,2024-03-01,2016,-144.98709957220566
test_00732,2024-04-01,4032,-140.24146294025545
test_00732,2024-05-01,6048,-14.054923077577115
test_00732,2024-06-01,6048,-34.156816864954
test_00732,2024-07-01,6048,192.6527663188572
test_00732,2024-08-01,6048,111.14305588568942
test_00732,2024-09-01,6048,107.72674605004313
test_00732,2024-10-01,6048,64.7881010097189
test_00732,2024-11-01,6048,124.26530949272832
test_00732,2024-12-01,6048,114.11277943878254
test_00733,2024-07-01,2016,169.0814527749581
test_00733,2024-08-01,4032,134.52447100603408
test_00733,2024-09-01,6048,138.2033422633248
test_00733,2024-10-01,6048,41.922668918655326
test_00733,2024-11-01,4032,131.58943817843826
test_00733,2024-12-01,2016,90.95781669714268
test_00734,2024-11-01,2016,15.057558090986017
test_00734,2024-12-01,4032,160.9655534868222
test_00735,2024-06-01,6048,408.828836900894
test_00735,2024-07-01,6048,75.54242132373673
test_00735,2024-08-01,6048,104.78307895499837
test_00735,2024-09-01,6048,138.2033422633248
test_00736,2024-10-01,6048,41.922668918655326
test_00736,2024-11-01,6048,92.74547814928752
test_00737,2024-12-01,6048,137.6296412235957
test_00738,2024-03-01,2016,228.7398825564837
test_00738,2024-04-01,4032,483.1918582054609
test_00738,2024-05-01,6048,442.4293149423838
test_00739,2024-03-01,2016,228.7398825564837
test_00739,2024-04-01,4032,483.1918582054609
test_00739,2024-05-01,6048,442.4293149423838
test_00739,2024-06-01,6048,408.828836900894
test_00739,2024-07-01,6048,75.54242132373673
test_00739,2024-08-01,6048,104.78307895499837
test_00739,2024-09-01,6048,138.2033422633248
test_00739,2024-10-01,6048,41.922668918655326
test_00739,2024-11-01,6048,92.74547814928752
test_00739,2024-12-01,6048,137.6296412235957
test_00740,2024-07-01,2016,296.45540161716656
test_00740,2024-08-01,4032,189.88360551997494
test_00740,2024-09-01,6048,225.65605476157938
test_00740,2024-10-01,6048,177.6055965130151
test_00740,2024-11-01,4032,149.70698631902357
test_00740,2024-12-01,2016,-16.29574330195693
test_00741,2024-11-01,2016,245.47962126908993
test_00741,2024-12-01,4032,237.2035405686024
test_00742,2024-06-01,6048,-11.332189470717656
test_00742,2024-07-01,6048,956.9891479517958
test_00742,2024-08-01,6048,300.31601521242845
test_00742,2024-09-01,6048,225.65605476157938
test_00743,2024-10-01,6048,177.6055965130151
test_00743,2024-11-01,6048,181.63119796904567
test_00744,2024-12-01,6048,152.70377927841594
test_00745,2024-03-01,2016,-139.57239880947512
test_00745,2024-04-01,4032,-344.22717152081174
test_00745,2024-05-01,6048,-57.798459454831374
test_00746,2024-03-01,2016,-139.57239880947512
test_00746,2024-04-01,4032,-344.22717152081174
test_00746,2024-05-01,6048,-57.798459454831374
test_00746,2024-06-01,6048,-11.332189470717656
test_00746,2024-07-01,6048,956.9891479517958
test_00746,2024-08-01,6048,300.31601521242845
test_00746,2024-09-01,6048,225.65605476157938
test_00746,2024-10-01,6048,177.6055965130151
test_00746,2024-11-01,6048,181.63119796904567
test_00746,2024-12-01,6048,152.70377927841594
test_00747,2024-07-01,2016,574.6973697252877
test_00747,2024-08-01,4032,506.0463641342813
test_00747,2024-09-01,6048,456.44675649329514
test_00747,2024-10-01,6048,377.16013922030015
test_00747,2024-11-01,4032,438.0765382273283
test_00747,2024-12-01,2016,349.1687827323219
test_00748,2024-11-01,2016,575.3957734277298
test_00748,2024-12-01,4032,663.2762051769067
test_00749,2024-06-01,6048,318.4464491968305
test_00749,2024-07-01,6048,1160.84353950644
test_00749,2024-08-01,6048,585.1944609902422
test_00749,2024-09-01,6048,456.44675649329514
test_00750,2024-10-01,6048,377.16013922030015
test_00750,2024-11-01,6048,483.8496166274621
test_00751,2024-12-01,6048,558.5737310287118
test_00752,2024-03-01,2016,215.82010591156356
test_00752,2024-04-01,4032,-366.90304853645443
test_00752,2024-05-01,6048,119.00314907476472
test_00753,2024-03-01,2016,215.82010591156356
test_00753,2024-04-01,4032,-366.90304853645443
test_00753,2024-05-01,6048,119.00314907476472
test_00753,2024-06-01,6048,318.4464491968305
test_00753,2024-07-01,6048,1160.84353950644
test_00753,2024-08-01,6048,585.1944609902422
test_00753,2024-09-01,6048,456.44675649329514
test_00753,2024-10-01,6048,377.16013922030015
test_00753,2024-11-01,6048,483.8496166274621
test_00753,2024-12-01,6048,558.5737310287118
test_00754,2024-07-01,2016,319.67939626541465
test_00754,2024-08-01,4032,302.5711752536085
test_00754,2024-09-01,6048,312.1873669693829
test_00754,2024-10-01,6048,292.7567944278305
test_00754,2024-11-01,4032,233.86181012797547
test_00754,2024-12-01,2016,102.17714956815306
test_00755,2024-11-01,2016,293.6588017430122
test_00755,2024-12-01,4032,402.18805528052934
test_00756,2024-06-01,6048,120.14579181565212
test_00756,2024-07-01,6048,1002.3110249821652
test_00756,2024-08-01,6048,403.5099247997376
test_00756,2024-09-01,6048,312.1873669693829
test_00757,2024-10-01,6048,292.7567944278305
test_00757,2024-11-01,6048,253.79414066632103
test_00758,2024-12-01,6048,302.1844200430706
test_00759,2024-03-01,2016,74.88984232584082
test_00759,2024-04-01,4032,-232.05862131653785
test_00759,2024-05-01,6048,47.89804833259431
test_00760,2024-03-01,2016,74.88984232584082
test_00760,2024-04-01,4032,-232.05862131653785
test_00760,2024-05-01,6048,47.89804833259431
test_00760,2024-06-01,6048,120.14579181565212
test_00760,2024-07-01,6048,1002.3110249821652
test_00760,2024-08-01,6048,403.5099247997376
test_00760,2024-09-01,6048,312.1873669693829
test_00760,2024-10-01,6048,292.7567944278305
test_00760,2024-11-01,6048,253.79414066632103
test_00760,2024-12-01,6048,302.1844200430706
test_00761,2024-07-01,2016,306.34520042742884
test_00761,2024-08-01,4032,201.5102846029954
test_00761,2024-09-01,6048,243.3165314688193
test_00761,2024-10-01,6048,279.76550082727397
test_00761,2024-11-01,4032,147.88826615150816
test_00761,2024-12-01,2016,-30.84053071690461
test_00762,2024-11-01,2016,189.2350360572493
test_00762,2024-12-01,4032,204.4465100658656
test_00763,2024-06-01,6048,-25.36665915355354
test_00763,2024-07-01,6048,904.3489376215517
test_00763,2024-08-01,6048,294.26573949365604
test_00763,2024-09-01,6048,243.3165314688193
test_00764,2024-10-01,6048,279.76550082727397
test_00764,2024-11-01,6048,161.6705227867552
test_00765,2024-12-01,6048,126.01749647160887
test_00766,2024-03-01,2016,-95.42228655093491
test_00766,2024-04-01,4032,-219.6998444395952
test_00766,2024-05-01,6048,21.59754647968633
test_00767,2024-03-01,2016,-95.42228655093491
test_00767,2024-04-01,4032,-219.6998444395952
test_00767,2024-05-01,6048,21.59754647968633
test_00767,2024-06-01,6048,-25.36665915355354
test_00767,2024-07-01,6048,904.3489376215517
test_00767,2024-08-01,6048,294.26573949365604
test_00767,2024-09-01,6048,243.3165314688193
test_00767,2024-10-01,6048,279.76550082727397
test_00767,2024-11-01,6048,161.6705227867552
test_00767,2024-12-01,6048,126.01749647160887
test_00768,2024-07-01,2016,59.11183956283983
test_00768,2024-08-01,4032,50.13002640633465
test_00768,2024-09-01,6048,84.39267737558026
test_00768,2024-10-01,6048,238.04697033476313
test_00768,2024-11-01,4032,143.2793277121004
test_00768,2024-12-01,2016,72.915799163052
test_00769,2024-11-01,2016,12.62920442648873
test_00769,2024-12-01,4032,193.45775089353504
test_00770,2024-06-01,6048,82.57882748010923
test_00770,2024-07-01,6048,145.52626305994653
test_00770,2024-08-01,6048,80.43722063621547
test_00770,2024-09-01,6048,84.39267737558026
test_00771,2024-10-01,6048,238.04697033476313
test_00771,2024-11-01,6048,99.72928661689653
test_00772,2024-12-01,6048,153.27710031670736
test_00773,2024-02-01,2016,-16.696912790199487
test_00773,2024-03-01,4032,-21.476843009014402
test_00773,2024-04-01,6048,140.07745756792235
test_00773,2024-05-01,6048,141.99534641851076
test_00774,2024-02-01,2016,-16.696912790199487
test_00774,2024-03-01,4032,-21.476843009014402
test_00774,2024-04-01,6048,140.07745756792235
test_00774,2024-05-01,6048,141.99534641851076
test_00774,2024-06-01,6048,82.57882748010923
test_00774,2024-07-01,6048,145.52626305994653
test_00774,2024-08-01,6048,80.43722063621547
test_00774,2024-09-01,6048,84.39267737558026
test_00774,2024-10-01,6048,238.04697033476313
test_00774,2024-11-01,6048,99.72928661689653
test_00774,2024-12-01,6048,153.27710031670736
test_00775,2024-07-01,2016,117.63426445545863
test_00775,2024-08-01,4032,95.45719078160894
test_00775,2024-09-01,6048,112.96129828614656
test_00775,2024-10-01,6048,228.6792563196444
test_00775,2024-11-01,4032,212.75312596332526
test_00775,2024-12-01,2016,207.5250453561895
test_00776,2024-11-01,2016,105.7842233725802
test_00776,2024-12-01,4032,245.06043550614274
test_00777,2024-06-01,6048,87.13465980762099
test_00777,2024-07-01,6048,190.12650809465214
test_00777,2024-08-01,6048,115.6361225005578
test_00777,2024-09-01,6048,112.96129828614656
test_00778,2024-10-01,6048,228.6792563196444
test_00778,2024-11-01,6048,177.09682509974357
test_00779,2024-12-01,6048,232.54863878949166
test_00780,2024-02-01,2016,-7.544972246992299
test_00780,2024-03-01,4032,-42.04467177245458
test_00780,2024-04-01,6048,100.14733394094814
test_00780,2024-05-01,6048,82.81355556719106
test_00781,2024-02-01,2016,-7.544972246992299
test_00781,2024-03-01,4032,-42.04467177245458
test_00781,2024-04-01,6048,100.14733394094814
test_00781,2024-05-01,6048,82.81355556719106
test_00781,2024-06-01,6048,87.13465980762099
test_00781,2024-07-01,6048,190.12650809465214
test_00781,2024-08-01,6048,115.6361225005578
test_00781,2024-09-01,6048,112.96129828614656
test_00781,2024-10-01,6048,228.6792563196444
test_00781,2024-11-01,6048,177.09682509974357
test_00781,2024-12-01,6048,232.54863878949166
test_00782,2024-07-01,2016,74.71423381990837
test_00782,2024-08-01,4032,67.21265963933334
test_00782,2024-09-01,6048,148.1373521623167
test_00782,2024-10-01,6048,234.87710923219365
test_00782,2024-11-01,4032,236.15634422562917
test_00782,2024-12-01,2016,297.68832095258017
test_00783,2024-11-01,2016,-24.923065462826855
test_00783,2024-12-01,4032,340.1140946668441
test_00784,2024-06-01,6048,588.886294133187
test_00784,2024-07-01,6048,123.04500043588553
test_00784,2024-08-01,6048,91.25900797450805
test_00784,2024-09-01,6048,148.1373521623167
test_00785,2024-10-01,6048,234.87710923219365
test_00785,2024-11-01,6048,149.1298743294772
test_00786,2024-12-01,6048,325.97217009542277
test_00787,2024-02-01,2016,-21.980891808875704
test_00787,2024-03-01,4032,195.25419517558268
test_00787,2024-04-01,6048,524.3862953859903
test_00787,2024-05-01,6048,665.7699720387548
test_00788,2024-02-01,2016,-21.980891808875704
test_00788,2024-03-01,4032,195.25419517558268
test_00788,2024-04-01,6048,524.3862953859903
test_00788,2024-05-01,6048,665.7699720387548
test_00788,2024-06-01,6048,588.886294133187
test_00788,2024-07-01,6048,123.04500043588553
test_00788,2024-08-01,6048,91.25900797450805
test_00788,2024-09-01,6048,148.1373521623167
test_00788,2024-10-01,6048,234.87710923219365
test_00788,2024-11-01,6048,149.1298743294772
test_00788,2024-12-01,6048,325.97217009542277
test_00789,2024-07-01,2016,3658.909960939483
test_00789,2024-08-01,4032,3746.02242094146
test_00789,2024-09-01,6048,3021.9217980882645
test_00789,2024-10-01,6048,3746.7768293790755
test_00789,2024-11-01,4032,3062.1756163870755
test_00789,2024-12-01,2016,3743.292773601916
test_00790,2024-11-01,2016,3103.4711887666117
test_00790,2024-12-01,4032,3758.3067186727853
test_00791,2024-06-01,6048,3653.529169083222
test_00791,2024-07-01,6048,3587.3415220750653
test_00791,2024-08-01,6048,3685.4433469189225
test_00791,2024-09-01,6048,3021.9217980882645
test_00792,2024-10-01,6048,3746.7768293790755
test_00792,2024-11-01,6048,3075.9408071802545
test_00793,2024-12-01,6048,3753.3020703158286
test_00794,2024-02-01,2016,2254.868640905237
test_00794,2024-03-01,4032,2690.769570933353
test_00794,2024-04-01,6048,2396.8126925500446
test_00794,2024-05-01,6048,3047.2941950500317
test_00795,2024-02-01,2016,2254.868640905237
test_00795,2024-03-01,4032,2690.769570933353
test_00795,2024-04-01,6048,2396.8126925500446
test_00795,2024-05-01,6048,3047.2941950500317
test_00795,2024-06-01,6048,3653.529169083222
test_00795,2024-07-01,6048,3587.3415220750653
test_00795,2024-08-01,6048,3685.4433469189225
test_00795,2024-09-01,6048,3021.9217980882645
test_00795,2024-10-01,6048,3746.7768293790755
test_00795,2024-11-01,6048,3075.9408071802545
test_00795,2024-12-01,6048,3753.3020703158286
test_00796,2024-07-01,2016,19.024763554882025
test_00796,2024-08-01,4032,156.40970651467973
test_00796,2024-09-01,6048,358.0115247593922
test_00796,2024-10-01,6048,218.5149713904721
test_00796,2024-11-01,4032,307.34700591407034
test_00796,2024-12-01,2016,121.19532762419037
test_00797,2024-11-01,2016,108.61435478889192
test_00797,2024-12-01,4032,11.36180292439918
test_00798,2024-06-01,6048,191.11813798451934
test_00798,2024-07-01,6048,91.70827065888126
test_00798,2024-08-01,6048,164.75893382375665
test_00798,2024-09-01,6048,358.0115247593922
test_00799,2024-10-01,6048,218.5149713904721
test_00799,2024-11-01,6048,241.10278887234418
test_00800,2024-12-01,6048,47.972977824329575
test_00801,2024-02-01,2016,233.53663939219254
test_00801,2024-03-01,4032,190.66754464784944
test_00801,2024-04-01,6048,-175.3124544436111
test_00801,2024-05-01,6048,128.3808141958656
test_00802,2024-02-01,2016,233.53663939219254
test_00802,2024-03-01,4032,190.66754464784944
test_00802,2024-04-01,6048,-175.3124544436111
test_00802,2024-05-01,6048,128.3808141958656
test_00802,2024-06-01,6048,191.11813798451934
test_00802,2024-07-01,6048,91.70827065888126
test_00802,2024-08-01,6048,164.75893382375665
test_00802,2024-09-01,6048,358.0115247593922
test_00802,2024-10-01,6048,218.5149713904721
test_00802,2024-11-01,6048,241.10278887234418
test_00802,2024-12-01,6048,47.972977824329575
test_00803,2024-07-01,2016,298.05337721736254
test_00803,2024-08-01,4032,196.74143883786815
test_00803,2024-09-01,6048,219.53384734825295
test_00803,2024-10-01,6048,172.65731188639683
test_00803,2024-11-01,4032,129.08328094737738
test_00803,2024-12-01,2016,-62.08751763908122
test_00804,2024-11-01,2016,231.7923189856184
test_00804,2024-12-01,4032,209.4312339408788
test_00805,2024-06-01,4032,491.89368859463013
test_00805,2024-07-01,4032,354.9868756154637
test_00805,2024-08-01,6048,296.0981465748953
test_00805,2024-09-01,6048,219.53384734825295
test_00806,2024-10-01,6048,172.65731188639683
test_00806,2024-11-01,6048,163.31962696012437
test_00807,2024-12-01,6048,118.92498341422547
test_00808,2024-04-01,2016,-461.4186966098794
test_00808,2024-05-01,2016,709.2625529389848
test_00809,2024-04-01,2016,-461.4186966098794
test_00809,2024-05-01,2016,709.2625529389848
test_00809,2024-06-01,4032,491.89368859463013
test_00809,2024-07-01,4032,354.9868756154637
test_00809,2024-08-01,6048,296.0981465748953
test_00809,2024-09-01,6048,219.53384734825295
test_00809,2024-10-01,6048,172.65731188639683
test_00809,2024-11-01,6048,163.31962696012437
test_00809,2024-12-01,6048,118.92498341422547
test_00810,2024-07-01,2016,44.55962127937652
test_00810,2024-08-01,4032,70.8885706000267
test_00810,2024-09-01,6048,130.4496925747064
test_00810,2024-10-01,6048,-6.315021497375968
test_00810,2024-11-01,4032,97.94820056067562
test_00810,2024-12-01,2016,-80.55642783265952
test_00811,2024-11-01,2016,129.29820903262106
test_00811,2024-12-01,4032,-36.25808927603438
test_00812,2024-06-01,6048,-194.23797808730473
test_00812,2024-07-01,6048,264.86077507612583
test_00812,2024-08-01,6048,93.37049704932457
test_00812,2024-09-01,6048,130.4496925747064
test_00813,2024-10-01,6048,-6.315021497375968
test_00813,2024-11-01,6048,108.39820338465744
test_00814,2024-12-01,6048,-51.02420212824276
test_00815,2024-03-01,2016,-96.95080474575398
test_00815,2024-04-01,4032,-352.4363697699643
test_00815,2024-05-01,6048,-199.777656507573
test_00816,2024-03-01,2016,-96.95080474575398
test_00816,2024-04-01,4032,-352.4363697699643
test_00816,2024-05-01,6048,-199.777656507573
test_00816,2024-06-01,6048,-194.23797808730473
test_00816,2024-07-01,6048,264.86077507612583
test_00816,2024-08-01,6048,93.37049704932457
test_00816,2024-09-01,6048,130.4496925747064
test_00816,2024-10-01,6048,-6.315021497375968
test_00816,2024-11-01,6048,108.39820338465744
test_00816,2024-12-01,6048,-51.02420212824276
test_00817,2024-07-01,2016,129.04292851125962
test_00817,2024-08-01,4032,100.20276338887759
test_00817,2024-09-01,6048,131.20861862046434
test_00817,2024-10-01,6048,28.401688611882324
test_00817,2024-11-01,4032,84.86798644094559
test_00817,2024-12-01,2016,-95.85729855817598
test_00818,2024-11-01,2016,159.30019075687076
test_00818,2024-12-01,4032,36.752307541963006
test_00819,2024-06-01,6048,-173.0913163177828
test_00819,2024-07-01,6048,513.5000747151337
test_00819,2024-08-01,6048,150.4558697882975
test_00819,2024-09-01,6048,131.20861862046434
test_00820,2024-10-01,6048,28.401688611882324
test_00820,2024-11-01,6048,109.67872121292064
test_00821,2024-12-01,6048,-7.4508944914166575
test_00822,2024-03-01,2016,-139.54774030206565
test_00822,2024-04-01,4032,-352.85307493210775
test_00822,2024-05-01,6048,-177.09591039507606
test_00823,2024-03-01,2016,-139.54774030206565
test_00823,2024-04-01,4032,-352.85307493210775
test_00823,2024-05-01,6048,-177.09591039507606
test_00823,2024-06-01,6048,-173.0913163177828
test_00823,2024-07-01,6048,513.5000747151337
test_00823,2024-08-01,6048,150.4558697882975
test_00823,2024-09-01,6048,131.20861862046434
test_00823,2024-10-01,6048,28.401688611882324
test_00823,2024-11-01,6048,109.67872121292064
test_00823,2024-12-01,6048,-7.4508944914166575
test_00824,2024-07-01,2016,-56.27974882829572
test_00824,2024-08-01,4032,122.78011484856373
test_00824,2024-09-01,6048,294.0334297214041
test_00824,2024-10-01,6048,201.16135779686408
test_00824,2024-11-01,4032,255.15334201615033
test_00824,2024-12-01,2016,90.81884774834974
test_00825,2024-11-01,2016,127.14953729366921
test_00825,2024-12-01,4032,-12.194084055110435
test_00826,2024-06-01,6048,51.78886406788861
test_00826,2024-07-01,6048,-5.214830235587821
test_00826,2024-08-01,6048,112.77851355503614
test_00826,2024-09-01,6048,294.0334297214041
test_00827,2024-10-01,6048,201.16135779686408
test_00827,2024-11-01,6048,212.48540710865663
test_00828,2024-12-01,6048,22.143559879376287
test_00829,2024-02-01,2016,233.53663939219254
test_00829,2024-03-01,4032,118.12599811213111
test_00829,2024-04-01,6048,-295.606543518152
test_00829,2024-05-01,6048,-21.112514739969388
test_00830,2024-02-01,2016,233.53663939219254
test_00830,2024-03-01,4032,118.12599811213111
test_00830,2024-04-01,6048,-295.606543518152
test_00830,2024-05-01,6048,-21.112514739969388
test_00830,2024-06-01,6048,51.78886406788861
test_00830,2024-07-01,6048,-5.214830235587821
test_00830,2024-08-01,6048,112.77851355503614
test_00830,2024-09-01,6048,294.0334297214041
test_00830,2024-10-01,6048,201.16135779686408
test_00830,2024-11-01,6048,212.48540710865663
test_00830,2024-12-01,6048,22.143559879376287
test_00831,2024-07-01,2016,37.6164724560495
test_00831,2024-08-01,4032,172.71560616666483
test_00831,2024-09-01,6048,365.17641089437313
test_00831,2024-10-01,6048,236.65529395228566
test_00831,2024-11-01,4032,327.03896486999
test_00831,2024-12-01,2016,159.02257370048878
test_00832,2024-11-01,2016,136.77236947173367
test_00832,2024-12-01,4032,38.1050233295375
test_00833,2024-06-01,6048,229.13583462750285
test_00833,2024-07-01,6048,162.425658949301
test_00833,2024-08-01,6048,166.82763111611237
test_00833,2024-09-01,6048,365.17641089437313
test_00834,2024-10-01,6048,236.65529395228566
test_00834,2024-11-01,6048,263.6167664039046
test_00835,2024-12-01,6048,78.41087345318793
test_00836,2024-02-01,2016,233.5366393921925
test_00836,2024-03-01,4032,190.66754464784955
test_00836,2024-04-01,6048,-206.7934737075672
test_00836,2024-05-01,6048,186.7185918941198
test_00837,2024-02-01,2016,233.5366393921925
test_00837,2024-03-01,4032,190.66754464784955
test_00837,2024-04-01,6048,-206.7934737075672
test_00837,2024-05-01,6048,186.7185918941198
test_00837,2024-06-01,6048,229.13583462750285
test_00837,2024-07-01,6048,162.425658949301
test_00837,2024-08-01,6048,166.82763111611237
test_00837,2024-09-01,6048,365.17641089437313
test_00837,2024-10-01,6048,236.65529395228566
test_00837,2024-11-01,6048,263.6167664039046
test_00837,2024-12-01,6048,78.41087345318793
test_00838,2024-07-01,2016,265.807507029389
test_00838,2024-08-01,4032,197.86735903037848
test_00838,2024-09-01,6048,213.72194300013518
test_00838,2024-10-01,6048,190.68928263791187
test_00838,2024-11-01,4032,160.716480444051
test_00838,2024-12-01,2016,-40.65424910138934
test_00839,2024-11-01,2016,231.48656177730885
test_00839,2024-12-01,4032,181.74155386295607
test_00840,2024-06-01,6048,-57.0259062848984
test_00840,2024-07-01,6048,864.6162714691364
test_00840,2024-08-01,6048,254.2994777075536
test_00840,2024-09-01,6048,213.72194300013518
test_00841,2024-10-01,6048,190.68928263791187
test_00841,2024-11-01,6048,184.30650755513696
test_00842,2024-12-01,6048,107.60961954150761
test_00843,2024-03-01,2016,-133.96771520342696
test_00843,2024-04-01,4032,-379.6104385119358
test_00843,2024-05-01,6048,-73.73562383222773
test_00844,2024-03-01,2016,-133.96771520342696
test_00844,2024-04-01,4032,-379.6104385119358
test_00844,2024-05-01,6048,-73.73562383222773
test_00844,2024-06-01,6048,-57.0259062848984
test_00844,2024-07-01,6048,864.6162714691364
test_00844,2024-08-01,6048,254.2994777075536
test_00844,2024-09-01,6048,213.72194300013518
test_00844,2024-10-01,6048,190.68928263791187
test_00844,2024-11-01,6048,184.30650755513696
test_00844,2024-12-01,6048,107.60961954150761
test_00845,2024-07-01,2016,159.39415976340067
test_00845,2024-08-01,4032,106.66170907346948
test_00845,2024-09-01,6048,106.56929395501089
test_00845,2024-10-01,6048,79.30753262546105
test_00845,2024-11-01,4032,118.14279524277188
test_00845,2024-12-01,2016,71.28948218573055
test_00846,2024-11-01,2016,175.31652365130896
test_00846,2024-12-01,4032,130.62002793064437
test_00847,2024-06-01,6048,-31.514736538393368
test_00847,2024-07-01,6048,128.23067069617625
test_00847,2024-08-01,6048,85.69238776432634
test_00847,2024-09-01,6048,106.56929395501089
test_00848,2024-10-01,6048,79.30753262546105
test_00848,2024-11-01,6048,137.20070471228422
test_00849,2024-12-01,6048,110.84317934900642
test_00850,2024-03-01,2016,-133.96771520342696
test_00850,2024-04-01,4032,-184.7746797112185
test_00850,2024-05-01,6048,-33.34164177667334
test_00851,2024-03-01,2016,-133.96771520342696
test_00851,2024-04-01,4032,-184.7746797112185
test_00851,2024-05-01,6048,-33.34164177667334
test_00851,2024-06-01,6048,-31.514736538393368
test_00851,2024-07-01,6048,128.23067069617625
test_00851,2024-08-01,6048,85.69238776432634
test_00851,2024-09-01,6048,106.56929395501089
test_00851,2024-10-01,6048,79.30753262546105
test_00851,2024-11-01,6048,137.20070471228422
test_00851,2024-12-01,6048,110.84317934900642
test_00852,2024-07-01,2016,139.54340663008077
test_00852,2024-08-01,4032,131.60133493319867
test_00852,2024-09-01,6048,136.51154321305197
test_00852,2024-10-01,6048,58.284296054865656
test_00852,2024-11-01,4032,146.8217669040597
test_00852,2024-12-01,2016,121.78352310439053
test_00853,2024-11-01,2016,27.722765782379533
test_00853,2024-12-01,4032,138.6256666482936
test_00854,2024-06-01,6048,455.4573776568256
test_00854,2024-07-01,6048,72.84756934982181
test_00854,2024-08-01,6048,87.16282545603295
test_00854,2024-09-01,6048,136.51154321305197
test_00855,2024-10-01,6048,58.284296054865656
test_00855,2024-11-01,6048,107.12209986349963
test_00856,2024-12-01,6048,133.01161880032592
test_00857,2024-03-01,2016,231.4597810457603
test_00857,2024-04-01,4032,436.6471708466656
test_00857,2024-05-01,6048,447.57375699910807
test_00858,2024-03-01,2016,231.4597810457603
test_00858,2024-04-01,4032,436.6471708466656
test_00858,2024-05-01,6048,447.57375699910807
test_00858,2024-06-01,6048,455.4573776568256
test_00858,2024-07-01,6048,72.84756934982181
test_00858,2024-08-01,6048,87.16282545603295
test_00858,2024-09-01,6048,136.51154321305197
test_00858,2024-10-01,6048,58.284296054865656
test_00858,2024-11-01,6048,107.12209986349963
test_00858,2024-12-01,6048,133.01161880032592
test_00859,2024-06-01,6048,-20.967099235027153
test_00859,2024-07-01,6048,949.6741156602
test_00859,2024-08-01,6048,296.0981465748953
test_00859,2024-09-01,6048,219.53384734825295
test_00860,2024-03-01,2016,-133.6130674667472
test_00860,2024-04-01,4032,-342.5057835333169
test_00860,2024-05-01,6048,-61.25089405294749
test_00861,2024-03-01,2016,-133.6130674667472
test_00861,2024-04-01,4032,-342.5057835333169
test_00861,2024-05-01,6048,-61.25089405294749
test_00861,2024-06-01,6048,-20.967099235027153
test_00861,2024-07-01,6048,949.6741156602
test_00861,2024-08-01,6048,296.0981465748953
test_00861,2024-09-01,6048,219.53384734825295
test_00861,2024-10-01,6048,172.65731188639683
test_00861,2024-11-01,6048,163.31962696012437
test_00861,2024-12-01,6048,118.92498341422547
test_00862,2024-07-01,2016,11.138572519410525
test_00862,2024-08-01,4032,39.5274630818086
test_00862,2024-09-01,6048,56.99089922861575
test_00862,2024-10-01,6048,48.317113863603694
test_00862,2024-11-01,4032,113.59362914635025
test_00862,2024-12-01,2016,105.13021449420931
test_00863,2024-11-01,2016,54.79695312924771
test_00863,2024-12-01,4032,167.84296311206145
test_00864,2024-06-01,6048,188.39588594945042
test_00864,2024-07-01,6048,-7.609027445141923
test_00864,2024-08-01,6048,49.890480874813704
test_00864,2024-09-01,6048,56.99089922861575
test_00865,2024-10-01,6048,48.317113863603694
test_00865,2024-11-01,6048,93.9947371406494
test_00866,2024-12-01,6048,146.9387135727774
test_00867,2024-03-01,2016,43.01671916420609
test_00867,2024-04-01,4032,219.10842978239253
test_00867,2024-05-01,6048,175.10109466806017
test_00868,2024-03-01,2016,43.01671916420609
test_00868,2024-04-01,4032,219.10842978239253
test_00868,2024-05-01,6048,175.10109466806017
test_00868,2024-06-01,6048,188.39588594945042
test_00868,2024-07-01,6048,-7.609027445141923
test_00868,2024-08-01,6048,49.890480874813704
test_00868,2024-09-01,6048,56.99089922861575
test_00868,2024-10-01,6048,48.317113863603694
test_00868,2024-11-01,6048,93.9947371406494
test_00868,2024-12-01,6048,146.9387135727774
test_00869,2024-07-01,2016,191.04629527057713
test_00869,2024-08-01,4032,105.1096590813055
test_00869,2024-09-01,6048,109.78071122684733
test_00869,2024-10-01,6048,60.364197363159114
test_00869,2024-11-01,4032,101.38425437668573
test_00869,2024-12-01,2016,54.002260775125826
test_00870,2024-11-01,2016,175.0557373036675
test_00870,2024-12-01,4032,162.41111940100677
test_00871,2024-06-01,6048,-31.47561087844185
test_00871,2024-07-01,6048,210.4312919724994
test_00871,2024-08-01,6048,118.86449719108617
test_00871,2024-09-01,6048,109.78071122684733
test_00872,2024-10-01,6048,60.364197363159114
test_00872,2024-11-01,6048,125.94141535234633
test_00873,2024-12-01,6048,126.27483319237977
test_00874,2024-03-01,2016,-133.6130674667472
test_00874,2024-04-01,4032,-146.4482432338566
test_00874,2024-05-01,6048,-17.412693217052155
test_00875,2024-03-01,2016,-133.6130674667472
test_00875,2024-04-01,4032,-146.4482432338566
test_00875,2024-05-01,6048,-17.412693217052155
test_00875,2024-06-01,6048,-31.47561087844185
test_00875,2024-07-01,6048,210.4312919724994
test_00875,2024-08-01,6048,118.86449719108617
test_00875,2024-09-01,6048,109.78071122684733
test_00875,2024-10-01,6048,60.364197363159114
test_00875,2024-11-01,6048,125.94141535234633
test_00875,2024-12-01,6048,126.27483319237977
test_00876,2024-07-01,2016,191.04629527057713
test_00876,2024-08-01,4032,134.20310815026934
test_00876,2024-09-01,6048,133.88073200494418
test_00876,2024-10-01,6048,46.75081886802988
test_00876,2024-11-01,4032,112.71886653943866
test_00876,2024-12-01,2016,87.40119146378389
test_00877,2024-11-01,2016,21.378487011218876
test_00877,2024-12-01,4032,155.9702469844396
test_00878,2024-06-01,6048,428.73017620354466
test_00878,2024-07-01,6048,245.29188551024882
test_00878,2024-08-01,6048,138.26012990372874
test_00878,2024-09-01,6048,133.88073200494418
test_00879,2024-10-01,6048,46.75081886802988
test_00879,2024-11-01,6048,82.2720733633654
test_00880,2024-12-01,6048,133.11389514422103
test_00881,2024-03-01,2016,202.74708768643123
test_00881,2024-04-01,4032,338.36037519534193
test_00881,2024-05-01,6048,483.2703321404662
test_00882,2024-03-01,2016,202.74708768643123
test_00882,2024-04-01,4032,338.36037519534193
test_00882,2024-05-01,6048,483.2703321404662
test_00882,2024-06-01,6048,428.73017620354466
test_00882,2024-07-01,6048,245.29188551024882
test_00882,2024-08-01,6048,138.26012990372874
test_00882,2024-09-01,6048,133.88073200494418
test_00882,2024-10-01,6048,46.75081886802988
test_00882,2024-11-01,6048,82.2720733633654
test_00882,2024-12-01,6048,133.11389514422103
test_00883,2024-07-01,2016,170.51272531612742
test_00883,2024-08-01,4032,134.376905736774
test_00883,2024-09-01,6048,139.4463612720152
test_00883,2024-10-01,6048,38.69613101350666
test_00883,2024-11-01,4032,131.5017636208726
test_00883,2024-12-01,2016,105.32357687446053
test_00884,2024-11-01,2016,24.570064716635688
test_00884,2024-12-01,4032,171.21704403252636
test_00885,2024-06-01,6048,399.96140305627114
test_00885,2024-07-01,6048,80.77478631866997
test_00885,2024-08-01,6048,111.5635874312238
test_00885,2024-09-01,6048,139.4463612720152
test_00886,2024-10-01,6048,38.69613101350666
test_00886,2024-11-01,6048,95.85786398612697
test_00887,2024-12-01,6048,149.25255497983775
test_00888,2024-03-01,2016,202.7470876864737
test_00888,2024-04-01,4032,477.2124930332544
test_00888,2024-05-01,6048,428.4751948366796
test_00889,2024-03-01,2016,202.7470876864737
test_00889,2024-04-01,4032,477.2124930332544
test_00889,2024-05-01,6048,428.4751948366796
test_00889,2024-06-01,6048,399.96140305627114
test_00889,2024-07-01,6048,80.77478631866997
test_00889,2024-08-01,6048,111.5635874312238
test_00889,2024-09-01,6048,139.4463612720152
test_00889,2024-10-01,6048,38.69613101350666
test_00889,2024-11-01,6048,95.85786398612697
test_00889,2024-12-01,6048,149.25255497983775
test_00890,2024-07-01,2016,154.8675603914236
test_00890,2024-08-01,4032,100.48904050583872
test_00890,2024-09-01,6048,28.986542020063386
test_00890,2024-10-01,6048,237.5624769653015
test_00890,2024-11-01,4032,7.724073140727158
test_00890,2024-12-01,2016,37.69272376276422
test_00891,2024-11-01,2016,44.11951794952498
test_00891,2024-12-01,4032,233.2089016883029
test_00892,2024-06-01,6048,215.91669475303718
test_00892,2024-07-01,6048,528.6589407817931
test_00892,2024-08-01,6048,151.03188458287144
test_00892,2024-09-01,6048,28.986542020063386
test_00893,2024-10-01,6048,237.5624769653015
test_00893,2024-11-01,6048,19.855888076993097
test_00894,2024-12-01,6048,168.03684237979
test_00895,2024-03-01,2016,192.85105308219363
test_00895,2024-04-01,4032,321.08480329041925
test_00895,2024-05-01,6048,276.4166202321226
test_00896,2024-03-01,2016,192.85105308219363
test_00896,2024-04-01,4032,321.08480329041925
test_00896,2024-05-01,6048,276.4166202321226
test_00896,2024-06-01,6048,215.91669475303718
test_00896,2024-07-01,6048,528.6589407817931
test_00896,2024-08-01,6048,151.03188458287144
test_00896,2024-09-01,6048,28.986542020063386
test_00896,2024-10-01,6048,237.5624769653015
test_00896,2024-11-01,6048,19.855888076993097
test_00896,2024-12-01,6048,168.03684237979
test_00897,2024-12-01,2016,270.5381691527405
test_00898,2024-08-01,2016,394.2853180450387
test_00898,2024-09-01,2016,-72.58598448425998
test_00899,2024-10-01,2016,877.4728809262681
test_00899,2024-11-01,2016,58.27689849256324
test_00900,2024-12-01,2016,270.5381691527405
test_00901,2024-08-01,2016,394.2853180450387
test_00901,2024-09-01,2016,-72.58598448425998
test_00901,2024-10-01,2016,877.4728809262681
test_00901,2024-11-01,2016,58.27689849256324
test_00901,2024-12-01,2016,270.5381691527405
test_00902,2024-07-01,2016,20.405212919701395
test_00902,2024-08-01,4032,9.6977802925987
test_00902,2024-09-01,6048,-48.25823786182078
test_00902,2024-10-01,6048,69.37062526280587
test_00902,2024-11-01,4032,-38.460255675831384
test_00902,2024-12-01,2016,-16.94222339698895
test_00903,2024-11-01,2016,-12.27564559686008
test_00903,2024-12-01,4032,58.728932229681696
test_00904,2024-06-01,6048,79.35351602996921
test_00904,2024-07-01,6048,149.49078044714017
test_00904,2024-08-01,6048,25.5371586241193
test_00904,2024-09-01,6048,-48.25823786182078
test_00905,2024-10-01,6048,69.37062526280587
test_00905,2024-11-01,6048,-29.732052316174286
test_00906,2024-12-01,6048,33.50521368745815
test_00907,2024-03-01,2016,143.40346197389752
test_00907,2024-04-01,4032,218.7266935548511
test_00907,2024-05-01,6048,139.435287262643
test_00908,2024-03-01,2016,143.40346197389752
test_00908,2024-04-01,4032,218.7266935548511
test_00908,2024-05-01,6048,139.435287262643
test_00908,2024-06-01,6048,79.35351602996921
test_00908,2024-07-01,6048,149.49078044714017
test_00908,2024-08-01,6048,25.5371586241193
test_00908,2024-09-01,6048,-48.25823786182078
test_00908,2024-10-01,6048,69.37062526280587
test_00908,2024-11-01,6048,-29.732052316174286
test_00908,2024-12-01,6048,33.50521368745815
test_00909,2024-12-01,2016,25.495102759096728
test_00910,2024-08-01,2016,243.53997656058905
test_00910,2024-09-01,2016,-53.94635780410997
test_00911,2024-10-01,2016,229.30501914179834
test_00911,2024-11-01,2016,-63.4803589401552
test_00912,2024-12-01,2016,25.495102759096728
test_00913,2024-08-01,2016,243.53997656058905
test_00913,2024-09-01,2016,-53.94635780410997
test_00913,2024-10-01,2016,229.30501914179834
test_00913,2024-11-01,2016,-63.4803589401552
test_00913,2024-12-01,2016,25.495102759096728
test_00914,2024-07-01,2016,-65.37355357214622
test_00914,2024-08-01,4032,-32.81019447706227
test_00914,2024-09-01,6048,-121.19254433014727
test_00914,2024-10-01,6048,95.93350673530378
test_00914,2024-11-01,4032,-11.007158521048114
test_00914,2024-12-01,2016,187.84408799327014
test_00915,2024-11-01,2016,-116.09740518951959
test_00915,2024-12-01,4032,186.80654105883514
test_00916,2024-06-01,6048,626.7462545585321
test_00916,2024-07-01,6048,-227.14579814165683
test_00916,2024-08-01,6048,-25.434702010357118
test_00916,2024-09-01,6048,-121.19254433014727
test_00917,2024-10-01,6048,95.93350673530378
test_00917,2024-11-01,6048,-46.03724074387193
test_00918,2024-12-01,6048,187.15239003698014
test_00919,2024-03-01,2016,482.70492356458664
test_00919,2024-04-01,4032,881.9841677899365
test_00919,2024-05-01,6048,650.7637598776709
test_00920,2024-03-01,2016,482.70492356458664
test_00920,2024-04-01,4032,881.9841677899365
test_00920,2024-05-01,6048,650.7637598776709
test_00920,2024-06-01,6048,626.7462545585321
test_00920,2024-07-01,6048,-227.14579814165683
test_00920,2024-08-01,6048,-25.434702010357118
test_00920,2024-09-01,6048,-121.19254433014727
test_00920,2024-10-01,6048,95.93350673530378
test_00920,2024-11-01,6048,-46.03724074387193
test_00920,2024-12-01,6048,187.15239003698014
test_00921,2024-12-01,2016,-318.84488844223216
test_00922,2024-08-01,2016,683.6541562325012
test_00922,2024-09-01,2016,364.90905205059136
test_00923,2024-10-01,2016,-520.2667317869408
test_00923,2024-11-01,2016,-450.0714498040136
test_00924,2024-12-01,2016,-318.84488844223216
test_00925,2024-08-01,2016,683.6541562325012
test_00925,2024-09-01,2016,364.90905205059136
test_00925,2024-10-01,2016,-520.2667317869408
test_00925,2024-11-01,2016,-450.0714498040136
test_00925,2024-12-01,2016,-318.84488844223216
test_00926,2024-07-01,2016,-129.4100786041883
test_00926,2024-08-01,4032,-72.30894932408644
test_00926,2024-09-01,6048,-127.80905054182807
test_00926,2024-10-01,6048,3.9775311639262614
test_00926,2024-11-01,4032,-49.681489288453626
test_00926,2024-12-01,2016,94.42569020058629
test_00927,2024-11-01,2016,-123.5220069408147
test_00927,2024-12-01,4032,29.095002681524495
test_00928,2024-06-01,6048,429.49460011660915
test_00928,2024-07-01,6048,-326.2459395935598
test_00928,2024-08-01,6048,-88.15442542647116
test_00928,2024-09-01,6048,-127.80905054182807
test_00929,2024-10-01,6048,3.9775311639262614
test_00929,2024-11-01,6048,-74.29499517257399
test_00930,2024-12-01,6048,50.871898521211754
test_00931,2024-03-01,2016,367.1704712471941
test_00931,2024-04-01,4032,611.5533559240401
test_00931,2024-05-01,6048,411.6987595346253
test_00932,2024-03-01,2016,367.1704712471941
test_00932,2024-04-01,4032,611.5533559240401
test_00932,2024-05-01,6048,411.6987595346253
test_00932,2024-06-01,6048,429.49460011660915
test_00932,2024-07-01,6048,-326.2459395935598
test_00932,2024-08-01,6048,-88.15442542647116
test_00932,2024-09-01,6048,-127.80905054182807
test_00932,2024-10-01,6048,3.9775311639262614
test_00932,2024-11-01,6048,-74.29499517257399
test_00932,2024-12-01,6048,50.871898521211754
test_00933,2024-12-01,2016,-389.2589452824295
test_00934,2024-08-01,2016,419.73725764376593
test_00934,2024-09-01,2016,148.58753440802218
test_00935,2024-10-01,2016,-584.8593117784918
test_00935,2024-11-01,2016,-421.1967684561092
test_00936,2024-12-01,2016,-389.2589452824295
test_00937,2024-08-01,2016,419.73725764376593
test_00937,2024-09-01,2016,148.58753440802218
test_00937,2024-10-01,2016,-584.8593117784918
test_00937,2024-11-01,2016,-421.1967684561092
test_00937,2024-12-01,2016,-389.2589452824295
test_00938,2024-07-01,2016,174.3292474349271
test_00938,2024-08-01,4032,107.87883633660282
test_00938,2024-09-01,6048,63.0186350770189
test_00938,2024-10-01,6048,209.44943653603295
test_00938,2024-11-01,4032,54.44579655324316
test_00938,2024-12-01,2016,40.17253037281565
test_00939,2024-11-01,2016,98.42696134496438
test_00939,2024-12-01,4032,219.87086145705328
test_00940,2024-06-01,6048,130.0309595220315
test_00940,2024-07-01,6048,535.7487259116073
test_00940,2024-08-01,6048,133.30405065971036
test_00940,2024-09-01,6048,63.0186350770189
test_00941,2024-10-01,6048,209.44943653603295
test_00941,2024-11-01,6048,69.10618481715024
test_00942,2024-12-01,6048,159.9714177623074
test_00943,2024-03-01,2016,10.47724407320276
test_00943,2024-04-01,4032,93.45197819789355
test_00943,2024-05-01,6048,166.1913216896338
test_00944,2024-03-01,2016,10.47724407320276
test_00944,2024-04-01,4032,93.45197819789355
test_00944,2024-05-01,6048,166.1913216896338
test_00944,2024-06-01,6048,130.0309595220315
test_00944,2024-07-01,6048,535.7487259116073
test_00944,2024-08-01,6048,133.30405065971036
test_00944,2024-09-01,6048,63.0186350770189
test_00944,2024-10-01,6048,209.44943653603295
test_00944,2024-11-01,6048,69.10618481715024
test_00944,2024-12-01,6048,159.9714177623074
test_00945,2024-12-01,2016,197.77740411136944
test_00946,2024-08-01,2016,-26.118416774299693
test_00946,2024-09-01,2016,-429.68046533436757
test_00947,2024-10-01,2016,885.9437304715067
test_00947,2024-11-01,2016,-17.22582733070186
test_00948,2024-12-01,2016,197.77740411136944
test_00949,2024-08-01,2016,-26.118416774299693
test_00949,2024-09-01,2016,-429.68046533436757
test_00949,2024-10-01,2016,885.9437304715067
test_00949,2024-11-01,2016,-17.22582733070186
test_00949,2024-12-01,2016,197.77740411136944
test_00950,2024-07-01,2016,35.44467619367615
test_00950,2024-08-01,4032,14.313297537390335
test_00950,2024-09-01,6048,-18.016434626709334
test_00950,2024-10-01,6048,58.66954946008929
test_00950,2024-11-01,4032,-6.923980175212697
test_00950,2024-12-01,2016,-0.25631995121022827
test_00951,2024-11-01,2016,25.771601715397765
test_00951,2024-12-01,4032,64.90176431787248
test_00952,2024-06-01,6048,-8.724103505266129
test_00952,2024-07-01,6048,149.71092029236348
test_00952,2024-08-01,6048,7.432687074556899
test_00952,2024-09-01,6048,-18.016434626709334
test_00953,2024-10-01,6048,58.66954946008929
test_00953,2024-11-01,6048,3.974547121657457
test_00954,2024-12-01,6048,43.18240289484491
test_00955,2024-03-01,2016,17.627971655938012
test_00955,2024-04-01,4032,58.58184669384336
test_00955,2024-05-01,6048,36.81838779249499
test_00956,2024-03-01,2016,17.627971655938012
test_00956,2024-04-01,4032,58.58184669384336
test_00956,2024-05-01,6048,36.81838779249499
test_00956,2024-06-01,6048,-8.724103505266129
test_00956,2024-07-01,6048,149.71092029236348
test_00956,2024-08-01,6048,7.432687074556899
test_00956,2024-09-01,6048,-18.016434626709334
test_00956,2024-10-01,6048,58.66954946008929
test_00956,2024-11-01,6048,3.974547121657457
test_00956,2024-12-01,6048,43.18240289484491
test_00957,2024-12-01,2016,-32.46717193141063
test_00958,2024-08-01,2016,-110.14256336647308
test_00958,2024-09-01,2016,-382.8376325936613
test_00959,2024-10-01,2016,177.8853650587006
test_00959,2024-11-01,2016,-140.56213415249118
test_00960,2024-12-01,2016,-32.46717193141063
test_00961,2024-08-01,2016,-110.14256336647308
test_00961,2024-09-01,2016,-382.8376325936613
test_00961,2024-10-01,2016,177.8853650587006
test_00961,2024-11-01,2016,-140.56213415249118
test_00961,2024-12-01,2016,-32.46717193141063
test_00962,2024-07-01,2016,-81.95922364436535
test_00962,2024-08-01,4032,-36.47990804031983
test_00962,2024-09-01,6048,-89.5830111687605
test_00962,2024-10-01,6048,77.17924920702615
test_00962,2024-11-01,4032,22.782170291804192
test_00962,2024-12-01,2016,203.4192938811416
test_00963,2024-11-01,2016,-75.34247389631987
test_00963,2024-12-01,4032,171.49596189447126
test_00964,2024-06-01,6048,502.380924063731
test_00964,2024-07-01,6048,-302.56069126951246
test_00964,2024-08-01,6048,-70.11082950564523
test_00964,2024-09-01,6048,-89.5830111687605
test_00965,2024-10-01,6048,77.17924920702615
test_00965,2024-11-01,6048,-9.926044437570496
test_00966,2024-12-01,6048,182.1370725566947
test_00967,2024-03-01,2016,279.24780455688887
test_00967,2024-04-01,4032,652.7688929549814
test_00967,2024-05-01,6048,487.84041525142044
test_00968,2024-03-01,2016,279.24780455688887
test_00968,2024-04-01,4032,652.7688929549814
test_00968,2024-05-01,6048,487.84041525142044
test_00968,2024-06-01,6048,502.380924063731
test_00968,2024-07-01,6048,-302.56069126951246
test_00968,2024-08-01,6048,-70.11082950564523
test_00968,2024-09-01,6048,-89.5830111687605
test_00968,2024-10-01,6048,77.17924920702615
test_00968,2024-11-01,6048,-9.926044437570496
test_00968,2024-12-01,6048,182.1370725566947
test_00969,2024-12-01,2016,-463.67561582703746
test_00970,2024-08-01,2016,361.9475629379258
test_00970,2024-09-01,2016,194.10327683478317
test_00971,2024-10-01,2016,-683.4181050022586
test_00971,2024-11-01,2016,-551.9443325570511
test_00972,2024-12-01,2016,-463.67561582703746
test_00973,2024-08-01,2016,361.9475629379258
test_00973,2024-09-01,2016,194.10327683478317
test_00973,2024-10-01,2016,-683.4181050022586
test_00973,2024-11-01,2016,-551.9443325570511
test_00973,2024-12-01,2016,-463.67561582703746
test_00974,2024-07-01,2016,-139.43140679386096
test_00974,2024-08-01,4032,-74.54258311611675
test_00974,2024-09-01,6048,-102.22638279554039
test_00974,2024-10-01,6048,-5.2125923212679695
test_00974,2024-11-01,4032,-22.592398927925185
test_00974,2024-12-01,2016,113.15844538850139
test_00975,2024-11-01,2016,-95.0649894093214
test_00975,2024-12-01,4032,29.433039279744836
test_00976,2024-06-01,6048,341.0783425691536
test_00976,2024-07-01,6048,-386.3482479549838
test_00976,2024-08-01,6048,-122.12308269546469
test_00976,2024-09-01,6048,-102.22638279554039
test_00977,2024-10-01,6048,-5.2125923212679695
test_00977,2024-11-01,6048,-46.74992908839059
test_00978,2024-12-01,6048,57.341507982663686
test_00979,2024-03-01,2016,229.79327916779945
test_00979,2024-04-01,4032,452.15288762704364
test_00979,2024-05-01,6048,296.2097933196707
test_00980,2024-03-01,2016,229.79327916779945
test_00980,2024-04-01,4032,452.15288762704364
test_00980,2024-05-01,6048,296.2097933196707
test_00980,2024-06-01,6048,341.0783425691536
test_00980,2024-07-01,6048,-386.3482479549838
test_00980,2024-08-01,6048,-122.12308269546469
test_00980,2024-09-01,6048,-102.22638279554039
test_00980,2024-10-01,6048,-5.2125923212679695
test_00980,2024-11-01,6048,-46.74992908839059
test_00980,2024-12-01,6048,57.341507982663686
test_00981,2024-12-01,2016,-491.6935745440498
test_00982,2024-08-01,2016,140.55250701960736
test_00982,2024-09-01,2016,-61.545454912277776
test_00983,2024-10-01,2016,-806.0144147313256
test_00983,2024-11-01,2016,-557.8563185847663
test_00984,2024-12-01,2016,-491.6935745440498
test_00985,2024-08-01,2016,140.55250701960736
test_00985,2024-09-01,2016,-61.545454912277776
test_00985,2024-10-01,2016,-806.0144147313256
test_00985,2024-11-01,2016,-557.8563185847663
test_00985,2024-12-01,2016,-491.6935745440498
test_00986,2024-07-01,2016,-134.56645284951423
test_00986,2024-08-01,4032,-54.6840917602075
test_00986,2024-09-01,6048,-36.4927146209397
test_00986,2024-10-01,6048,-44.20861817661317
test_00986,2024-11-01,4032,-7.379358535078795
test_00986,2024-12-01,2016,-8.357723592115304
test_00987,2024-11-01,2016,-34.99267399795715
test_00987,2024-12-01,4032,-22.834262294688564
test_00988,2024-06-01,6048,87.56257778113854
test_00988,2024-07-01,6048,-106.42609178936678
test_00988,2024-08-01,6048,-46.79239224814128
test_00988,2024-09-01,6048,-36.4927146209397
test_00989,2024-10-01,6048,-44.20861817661317
test_00989,2024-11-01,6048,-16.583797022704914
test_00990,2024-12-01,6048,-18.00874939383081
test_00991,2024-03-01,2016,106.25934879955055
test_00991,2024-04-01,4032,91.87531115449903
test_00991,2024-05-01,6048,64.4728807102297
test_00992,2024-03-01,2016,106.25934879955055
test_00992,2024-04-01,4032,91.87531115449903
test_00992,2024-05-01,6048,64.4728807102297
test_00992,2024-06-01,6048,87.56257778113854
test_00992,2024-07-01,6048,-106.42609178936678
test_00992,2024-08-01,6048,-46.79239224814128
test_00992,2024-09-01,6048,-36.4927146209397
test_00992,2024-10-01,6048,-44.20861817661317
test_00992,2024-11-01,6048,-16.583797022704914
test_00992,2024-12-01,6048,-18.00874939383081
test_00993,2024-07-01,2016,33.24776008998071
test_00993,2024-08-01,4032,7.330693105474344
test_00993,2024-09-01,6048,15.16839101516556
test_00993,2024-10-01,6048,-27.909299965817016
test_00993,2024-11-01,4032,-17.34586891144075
test_00993,2024-12-01,2016,-50.98535469661356
test_00994,2024-11-01,2016,79.19589239554726
test_00994,2024-12-01,4032,-11.106812964826513
test_00995,2024-06-01,6048,-84.27231051300294
test_00995,2024-07-01,6048,116.23641306734685
test_00995,2024-08-01,6048,17.559876457115863
test_00995,2024-09-01,6048,15.16839101516556
test_00996,2024-10-01,6048,-27.909299965817016
test_00996,2024-11-01,6048,14.834718190888587
test_00997,2024-12-01,6048,-24.399660208755527
test_00998,2024-03-01,2016,-177.14487294569773
test_00998,2024-04-01,4032,-275.4076137821146
test_00998,2024-05-01,6048,-93.01687524823944
test_00999,2024-03-01,2016,-177.14487294569773
test_00999,2024-04-01,4032,-275.4076137821146
test_00999,2024-05-01,6048,-93.01687524823944
test_00999,2024-06-01,6048,-84.27231051300294
test_00999,2024-07-01,6048,116.23641306734685
test_00999,2024-08-01,6048,17.559876457115863
test_00999,2024-09-01,6048,15.16839101516556
test_00999,2024-10-01,6048,-27.909299965817016
test_00999,2024-11-01,6048,14.834718190888587
test_00999,2024-12-01,6048,-24.399660208755527
test_01000,2024-07-01,2016,13.336814900284626
test_01000,2024-08-01,4032,29.08337021583578
test_01000,2024-09-01,6048,48.985746499834434
test_01000,2024-10-01,6048,-54.40088985255768
test_01000,2024-11-01,4032,11.819233020853838
test_01000,2024-12-01,2016,-8.189515789663178
test_01001,2024-11-01,2016,-62.27529502104599
test_01001,2024-12-01,4032,-19.808946704102727
test_01002,2024-06-01,6048,294.5494526047154
test_01002,2024-07-01,6048,-31.510276560474406
test_01002,2024-08-01,6048,7.855922930426886
test_01002,2024-09-01,6048,48.985746499834434
test_01003,2024-10-01,6048,-54.40088985255768
test_01003,2024-11-01,6048,-12.878942993112771
test_01004,2024-12-01,6048,-15.935803065956211
test_01005,2024-03-01,2016,288.2301826047622
test_01005,2024-04-01,4032,351.175328553277
test_01005,2024-05-01,6048,300.23985922465465
test_01006,2024-03-01,2016,288.2301826047622
test_01006,2024-04-01,4032,351.175328553277
test_01006,2024-05-01,6048,300.23985922465465
test_01006,2024-06-01,6048,294.5494526047154
test_01006,2024-07-01,6048,-31.510276560474406
test_01006,2024-08-01,6048,7.855922930426886
test_01006,2024-09-01,6048,48.985746499834434
test_01006,2024-10-01,6048,-54.40088985255768
test_01006,2024-11-01,6048,-12.878942993112771
test_01006,2024-12-01,6048,-15.935803065956211
test_01007,2024-07-01,2016,-151.88560731352138
test_01007,2024-08-01,4032,-60.10129627817791
test_01007,2024-09-01,6048,-55.304668123449666
test_01007,2024-10-01,6048,-5.77326932049335
test_01007,2024-11-01,4032,0.2608557611863958
test_01007,2024-12-01,2016,30.076056862145357
test_01008,2024-11-01,2016,-58.73943093428652
test_01008,2024-12-01,4032,-0.7403436737348651
test_01009,2024-06-01,6048,143.76556057366307
test_01009,2024-07-01,6048,-101.41912354761715
test_01009,2024-08-01,6048,-48.952622284447756
test_01009,2024-09-01,6048,-55.304668123449666
test_01010,2024-10-01,6048,-5.77326932049335
test_01010,2024-11-01,6048,-19.40590647063791
test_01011,2024-12-01,6048,9.53178983822521
test_01012,2024-03-01,2016,166.34101591708688
test_01012,2024-04-01,4032,154.7699345724667
test_01012,2024-05-01,6048,118.1690180648763
test_01013,2024-03-01,2016,166.34101591708688
test_01013,2024-04-01,4032,154.7699345724667
test_01013,2024-05-01,6048,118.1690180648763
test_01013,2024-06-01,6048,143.76556057366307
test_01013,2024-07-01,6048,-101.41912354761715
test_01013,2024-08-01,6048,-48.952622284447756
test_01013,2024-09-01,6048,-55.304668123449666
test_01013,2024-10-01,6048,-5.77326932049335
test_01013,2024-11-01,6048,-19.40590647063791
test_01013,2024-12-01,6048,9.53178983822521
test_01014,2024-07-01,2016,6.364499521704272
test_01014,2024-08-01,4032,-1.3712131199946318
test_01014,2024-09-01,6048,-6.597172500639503
test_01014,2024-10-01,6048,13.938669427370163
test_01014,2024-11-01,4032,-5.894520022393679
test_01014,2024-12-01,2016,-13.499945977023529
test_01015,2024-11-01,2016,49.12616726568994
test_01015,2024-12-01,4032,15.529393737767696
test_01016,2024-06-01,6048,-57.1467122051663
test_01016,2024-07-01,6048,102.78571147003633
test_01016,2024-08-01,6048,9.468219107721682
test_01016,2024-09-01,6048,-6.597172500639503
test_01017,2024-10-01,6048,13.938669427370163
test_01017,2024-11-01,6048,12.445709073634195
test_01018,2024-12-01,6048,5.852947166170622
test_01019,2024-03-01,2016,-135.84565613170582
test_01019,2024-04-01,4032,-211.50933507933289
test_01019,2024-05-01,6048,-64.75361755552773
test_01020,2024-03-01,2016,-135.84565613170582
test_01020,2024-04-01,4032,-211.50933507933289
test_01020,2024-05-01,6048,-64.75361755552773
test_01020,2024-06-01,6048,-57.1467122051663
test_01020,2024-07-01,6048,102.78571147003633
test_01020,2024-08-01,6048,9.468219107721682
test_01020,2024-09-01,6048,-6.597172500639503
test_01020,2024-10-01,6048,13.938669427370163
test_01020,2024-11-01,6048,12.445709073634195
test_01020,2024-12-01,6048,5.852947166170622
test_01021,2024-07-01,2016,-12.67274207439872
test_01021,2024-08-01,4032,14.54128877143391
test_01021,2024-09-01,6048,19.83159709258699
test_01021,2024-10-01,6048,-20.42341844153405
test_01021,2024-11-01,4032,14.371524130086701
test_01021,2024-12-01,2016,30.248675666845024
test_01022,2024-11-01,2016,-82.82722508326476
test_01022,2024-12-01,4032,1.9476172495049289
test_01023,2024-06-01,6048,352.97002567867804
test_01023,2024-07-01,6048,-24.799223173440396
test_01023,2024-08-01,6048,0.32352716226365485
test_01023,2024-09-01,6048,19.83159709258699
test_01024,2024-10-01,6048,-20.42341844153405
test_01024,2024-11-01,6048,-18.02805894103045
test_01025,2024-12-01,6048,11.381303388618296
test_01026,2024-03-01,2016,349.69805830151034
test_01026,2024-04-01,4032,413.3669292885085
test_01026,2024-05-01,6048,362.6160506644011
test_01027,2024-03-01,2016,349.69805830151034
test_01027,2024-04-01,4032,413.3669292885085
test_01027,2024-05-01,6048,362.6160506644011
test_01027,2024-06-01,6048,352.97002567867804
test_01027,2024-07-01,6048,-24.799223173440396
test_01027,2024-08-01,6048,0.32352716226365485
test_01027,2024-09-01,6048,19.83159709258699
test_01027,2024-10-01,6048,-20.42341844153405
test_01027,2024-11-01,6048,-18.02805894103045
test_01027,2024-12-01,6048,11.381303388618296
test_01028,2024-07-01,2016,-125.46918392999217
test_01028,2024-08-01,4032,-49.477323866103525
test_01028,2024-09-01,6048,-39.75852233877195
test_01028,2024-10-01,6048,-7.035657820685946
test_01028,2024-11-01,4032,10.969427786923333
test_01028,2024-12-01,2016,32.820890026108955
test_01029,2024-11-01,2016,-44.38929451489978
test_01029,2024-12-01,4032,26.530305793388024
test_01030,2024-06-01,6048,147.1056923688812
test_01030,2024-07-01,6048,-92.14942395777065
test_01030,2024-08-01,6048,-37.69626728527599
test_01030,2024-09-01,6048,-39.75852233877195
test_01031,2024-10-01,6048,-7.035657820685946
test_01031,2024-11-01,6048,-7.483479647017707
test_01032,2024-12-01,6048,28.627167204295002
test_01033,2024-03-01,2016,116.98573033509571
test_01033,2024-04-01,4032,169.57001801410684
test_01033,2024-05-01,6048,125.92936854890682
test_01034,2024-03-01,2016,116.98573033509571
test_01034,2024-04-01,4032,169.57001801410684
test_01034,2024-05-01,6048,125.92936854890682
test_01034,2024-06-01,6048,147.1056923688812
test_01034,2024-07-01,6048,-92.14942395777065
test_01034,2024-08-01,6048,-37.69626728527599
test_01034,2024-09-01,6048,-39.75852233877195
test_01034,2024-10-01,6048,-7.035657820685946
test_01034,2024-11-01,6048,-7.483479647017707
test_01034,2024-12-01,6048,28.627167204295002
test_01035,2024-07-01,2016,42.538943435095206
test_01035,2024-08-01,4032,12.54660187237959
test_01035,2024-09-01,6048,10.740405666528114
test_01035,2024-10-01,6048,11.229892092458105
test_01035,2024-11-01,4032,2.0869687215916795
test_01035,2024-12-01,2016,-13.625714463724226
test_01036,2024-11-01,2016,71.35455019813394
test_01036,2024-12-01,4032,33.93022499517296
test_01037,2024-06-01,6048,-60.777761387372315
test_01037,2024-07-01,6048,119.21213547958621
test_01037,2024-08-01,6048,24.38894938706658
test_01037,2024-09-01,6048,10.740405666528114
test_01038,2024-10-01,6048,11.229892092458105
test_01038,2024-11-01,6048,25.176162547105758
test_01039,2024-12-01,6048,18.07824517554057
test_01040,2024-03-01,2016,-173.53773482285067
test_01040,2024-04-01,4032,-197.3858233724164
test_01040,2024-05-01,6048,-61.796061518177325
test_01041,2024-03-01,2016,-173.53773482285067
test_01041,2024-04-01,4032,-197.3858233724164
test_01041,2024-05-01,6048,-61.796061518177325
test_01041,2024-06-01,6048,-60.777761387372315
test_01041,2024-07-01,6048,119.21213547958621
test_01041,2024-08-01,6048,24.38894938706658
test_01041,2024-09-01,6048,10.740405666528114
test_01041,2024-10-01,6048,11.229892092458105
test_01041,2024-11-01,6048,25.176162547105758
test_01041,2024-12-01,6048,18.07824517554057
test_01042,2024-07-01,2016,22.620394464263967
test_01042,2024-08-01,4032,32.81799357626009
test_01042,2024-09-01,6048,38.832348924798865
test_01042,2024-10-01,6048,-20.74246360201728
test_01042,2024-11-01,4032,25.96695898095263
test_01042,2024-12-01,2016,33.001827553031035
test_01043,2024-11-01,2016,-71.17414542727043
test_01043,2024-12-01,4032,29.889442329546252
test_01044,2024-06-01,6048,359.21189032666945
test_01044,2024-07-01,6048,-10.096599573171972
test_01044,2024-08-01,6048,16.487607088002363
test_01044,2024-09-01,6048,38.832348924798865
test_01045,2024-10-01,6048,-20.74246360201728
test_01045,2024-11-01,6048,-6.413409155121724
test_01046,2024-12-01,6048,30.926904070707845
test_01047,2024-03-01,2016,299.3070205250969
test_01047,2024-04-01,4032,428.39824741005987
test_01047,2024-05-01,6048,374.8288876181648
test_01048,2024-03-01,2016,299.3070205250969
test_01048,2024-04-01,4032,428.39824741005987
test_01048,2024-05-01,6048,374.8288876181648
test_01048,2024-06-01,6048,359.21189032666945
test_01048,2024-07-01,6048,-10.096599573171972
test_01048,2024-08-01,6048,16.487607088002363
test_01048,2024-09-01,6048,38.832348924798865
test_01048,2024-10-01,6048,-20.74246360201728
test_01048,2024-11-01,6048,-6.413409155121724
test_01048,2024-12-01,6048,30.926904070707845
test_01049,2024-07-01,2016,-108.59935897497881
test_01049,2024-08-01,4032,-38.39389762047714
test_01049,2024-09-01,6048,-34.838226877135234
test_01049,2024-10-01,6048,-7.075719534152643
test_01049,2024-11-01,4032,8.942511096002486
test_01049,2024-12-01,2016,25.21478644870315
test_01050,2024-11-01,2016,-41.48111452610137
test_01050,2024-12-01,4032,34.51035040397959
test_01051,2024-06-01,6048,164.6494195500918
test_01051,2024-07-01,6048,-94.10427210564752
test_01051,2024-08-01,6048,-32.720700053288034
test_01051,2024-09-01,6048,-34.838226877135234
test_01052,2024-10-01,6048,-7.075719534152643
test_01052,2024-11-01,6048,-7.865364111365467
test_01053,2024-12-01,6048,31.411829085554114
test_01054,2024-03-01,2016,122.59474120149103
test_01054,2024-04-01,4032,180.59107825051458
test_01054,2024-05-01,6048,138.1311886681247
test_01055,2024-03-01,2016,122.59474120149103
test_01055,2024-04-01,4032,180.59107825051458
test_01055,2024-05-01,6048,138.1311886681247
test_01055,2024-06-01,6048,164.6494195500918
test_01055,2024-07-01,6048,-94.10427210564752
test_01055,2024-08-01,6048,-32.720700053288034
test_01055,2024-09-01,6048,-34.838226877135234
test_01055,2024-10-01,6048,-7.075719534152643
test_01055,2024-11-01,6048,-7.865364111365467
test_01055,2024-12-01,6048,31.411829085554114
test_01056,2024-07-01,2016,-60.34479822556947
test_01056,2024-08-01,4032,-22.39366206199352
test_01056,2024-09-01,6048,-17.408763173424322
test_01056,2024-10-01,6048,-6.209123940781489
test_01056,2024-11-01,4032,1.8299083845324253
test_01056,2024-12-01,2016,14.458868055805802
test_01057,2024-11-01,2016,-35.39013089358992
test_01057,2024-12-01,4032,-4.057476097217128
test_01058,2024-06-01,6048,80.46981581561168
test_01058,2024-07-01,6048,-62.622306628660034
test_01058,2024-08-01,6048,-21.053907816075604
test_01058,2024-09-01,6048,-17.408763173424322
test_01059,2024-10-01,6048,-6.209123940781489
test_01059,2024-11-01,6048,-10.576771374841687
test_01060,2024-12-01,6048,2.114638620457182
test_01061,2024-03-01,2016,107.89989544077412
test_01061,2024-04-01,4032,121.02694256017689
test_01061,2024-05-01,6048,72.2302585589403
test_01062,2024-03-01,2016,107.89989544077412
test_01062,2024-04-01,4032,121.02694256017689
test_01062,2024-05-01,6048,72.2302585589403
test_01062,2024-06-01,6048,80.46981581561168
test_01062,2024-07-01,6048,-62.622306628660034
test_01062,2024-08-01,6048,-21.053907816075604
test_01062,2024-09-01,6048,-17.408763173424322
test_01062,2024-10-01,6048,-6.209123940781489
test_01062,2024-11-01,6048,-10.576771374841687
test_01062,2024-12-01,6048,2.114638620457182
test_01063,2024-07-01,2016,-54.55895762644146
test_01063,2024-08-01,4032,-19.948859052225533
test_01063,2024-09-01,6048,-10.578290824763405
test_01063,2024-10-01,6048,-7.6947560643905435
test_01063,2024-11-01,4032,11.421461518870025
test_01063,2024-12-01,2016,20.358266983519304
test_01064,2024-11-01,2016,-25.54999561928093
test_01064,2024-12-01,4032,22.7677604866362
test_01065,2024-06-01,6048,95.48757949837292
test_01065,2024-07-01,6048,-63.60859897067372
test_01065,2024-08-01,6048,-15.685765051545353
test_01065,2024-09-01,6048,-10.578290824763405
test_01066,2024-10-01,6048,-7.6947560643905435
test_01066,2024-11-01,6048,-0.9023575271802946
test_01067,2024-12-01,6048,21.964595985597235
test_01068,2024-03-01,2016,73.90424547644693
test_01068,2024-04-01,4032,144.18571299216524
test_01068,2024-05-01,6048,87.61428853618682
test_01069,2024-03-01,2016,73.90424547644693
test_01069,2024-04-01,4032,144.18571299216524
test_01069,2024-05-01,6048,87.61428853618682
test_01069,2024-06-01,6048,95.48757949837292
test_01069,2024-07-01,6048,-63.60859897067372
test_01069,2024-08-01,6048,-15.685765051545353
test_01069,2024-09-01,6048,-10.578290824763405
test_01069,2024-10-01,6048,-7.6947560643905435
test_01069,2024-11-01,6048,-0.9023575271802946
test_01069,2024-12-01,6048,21.964595985597235
test_01070,2024-07-01,2016,1.3980730414865457
test_01070,2024-08-01,4032,2.2425310255277244
test_01070,2024-09-01,6048,5.7857749373817455
test_01070,2024-10-01,6048,-10.850255471268326
test_01070,2024-11-01,4032,-2.7892225411855427
test_01070,2024-12-01,2016,-15.102525340230718
test_01071,2024-11-01,2016,8.287737113046191
test_01071,2024-12-01,4032,-8.300039745363774
test_01072,2024-06-01,6048,-36.03443347968894
test_01072,2024-07-01,6048,13.240413940159248
test_01072,2024-08-01,6048,2.834283151357506
test_01072,2024-09-01,6048,5.7857749373817455
test_01073,2024-10-01,6048,-10.850255471268326
test_01073,2024-11-01,6048,0.9030973435583682
test_01074,2024-12-01,6048,-10.567534943652756
test_01075,2024-03-01,2016,-15.414833385438932
test_01075,2024-04-01,4032,-35.88277009057083
test_01075,2024-05-01,6048,-28.008611714910277
test_01076,2024-03-01,2016,-15.414833385438932
test_01076,2024-04-01,4032,-35.88277009057083
test_01076,2024-05-01,6048,-28.008611714910277
test_01076,2024-06-01,6048,-36.03443347968894
test_01076,2024-07-01,6048,13.240413940159248
test_01076,2024-08-01,6048,2.834283151357506
test_01076,2024-09-01,6048,5.7857749373817455
test_01076,2024-10-01,6048,-10.850255471268326
test_01076,2024-11-01,6048,0.9030973435583682
test_01076,2024-12-01,6048,-10.567534943652756
test_01077,2024-07-01,2016,3.5537799726516597
test_01077,2024-08-01,4032,5.476726741768444
test_01077,2024-09-01,6048,13.64463247386973
test_01077,2024-10-01,6048,-19.859907777950585
test_01077,2024-11-01,4032,-2.2123828541962745
test_01077,2024-12-01,2016,-28.332342519370343
test_01078,2024-11-01,2016,18.174856740476613
test_01078,2024-12-01,4032,-15.419054584124664
test_01079,2024-06-01,6048,-68.9427449989154
test_01079,2024-07-01,6048,30.289825455454583
test_01079,2024-08-01,6048,6.9779809988060535
test_01079,2024-09-01,6048,13.64463247386973
test_01080,2024-10-01,6048,-19.859907777950585
test_01080,2024-11-01,6048,4.583363677361356
test_01081,2024-12-01,6048,-19.723483895873223
test_01082,2024-03-01,2016,-29.89471497551889
test_01082,2024-04-01,4032,-71.68813360414332
test_01082,2024-05-01,6048,-54.87016198465708
test_01083,2024-03-01,2016,-29.89471497551889
test_01083,2024-04-01,4032,-71.68813360414332
test_01083,2024-05-01,6048,-54.87016198465708
test_01083,2024-06-01,6048,-68.9427449989154
test_01083,2024-07-01,6048,30.289825455454583
test_01083,2024-08-01,6048,6.9779809988060535
test_01083,2024-09-01,6048,13.64463247386973
test_01083,2024-10-01,6048,-19.859907777950585
test_01083,2024-11-01,6048,4.583363677361356
test_01083,2024-12-01,6048,-19.723483895873223
test_01084,2024-07-01,2016,6.6349509151623405
test_01084,2024-08-01,4032,9.716191742451302
test_01084,2024-09-01,6048,23.31245161580035
test_01084,2024-10-01,6048,-26.814143656541365
test_01084,2024-11-01,4032,1.8523224881111564
test_01084,2024-12-01,2016,-39.99883349779999
test_01085,2024-11-01,2016,29.572143144645313
test_01085,2024-12-01,4032,-21.530784289403325
test_01086,2024-06-01,6048,-98.91052851401639
test_01086,2024-07-01,6048,50.98702493413796
test_01086,2024-08-01,6048,12.41019829902331
test_01086,2024-09-01,6048,23.31245161580035
test_01087,2024-10-01,6048,-26.814143656541365
test_01087,2024-11-01,6048,11.092262706955877
test_01088,2024-12-01,6048,-27.686800692202212
test_01089,2024-03-01,2016,-43.51845969270222
test_01089,2024-04-01,4032,-107.43620952854893
test_01089,2024-05-01,6048,-80.43416067236666
test_01090,2024-03-01,2016,-43.51845969270222
test_01090,2024-04-01,4032,-107.43620952854893
test_01090,2024-05-01,6048,-80.43416067236666
test_01090,2024-06-01,6048,-98.91052851401639
test_01090,2024-07-01,6048,50.98702493413796
test_01090,2024-08-01,6048,12.41019829902331
test_01090,2024-09-01,6048,23.31245161580035
test_01090,2024-10-01,6048,-26.814143656541365
test_01090,2024-11-01,6048,11.092262706955877
test_01090,2024-12-01,6048,-27.686800692202212
test_01091,2024-07-01,2016,-134.56645284951423
test_01091,2024-08-01,4032,-54.6840917602075
test_01091,2024-09-01,6048,-36.4927146209397
test_01092,2024-07-01,2016,-134.56645284951423
test_01092,2024-08-01,4032,-54.6840917602075
test_01092,2024-09-01,6048,-36.4927146209397
test_01092,2024-10-01,6048,-44.20861817661317
test_01092,2024-11-01,6048,-16.583797022704914
test_01092,2024-12-01,6048,-18.00874939383081
test_01093,2024-07-01,2016,33.24776008998071
test_01093,2024-08-01,4032,7.330693105474344
test_01093,2024-09-01,6048,15.16839101516556
test_01094,2024-07-01,2016,33.24776008998071
test_01094,2024-08-01,4032,7.330693105474344
test_01094,2024-09-01,6048,15.16839101516556
test_01094,2024-10-01,6048,-27.909299965817016
test_01094,2024-11-01,6048,14.834718190888587
test_01094,2024-12-01,6048,-24.399660208755527
test_01095,2024-07-01,2016,13.336814900284626
test_01095,2024-08-01,4032,29.08337021583578
test_01095,2024-09-01,6048,48.985746499834434
test_01096,2024-07-01,2016,13.336814900284626
test_01096,2024-08-01,4032,29.08337021583578
test_01096,2024-09-01,6048,48.985746499834434
test_01096,2024-10-01,6048,-54.40088985255768
test_01096,2024-11-01,6048,-12.878942993112771
test_01096,2024-12-01,6048,-15.935803065956211
test_01097,2024-07-01,2016,-151.88560731352138
test_01097,2024-08-01,4032,-60.10129627817791
test_01097,2024-09-01,6048,-55.304668123449666
test_01098,2024-07-01,2016,-151.88560731352138
test_01098,2024-08-01,4032,-60.10129627817791
test_01098,2024-09-01,6048,-55.304668123449666
test_01098,2024-10-01,6048,-5.77326932049335
test_01098,2024-11-01,6048,-19.40590647063791
test_01098,2024-12-01,6048,9.53178983822521
test_01099,2024-07-01,2016,6.364499521704272
test_01099,2024-08-01,4032,-1.3712131199946318
test_01099,2024-09-01,6048,-6.597172500639503
test_01100,2024-07-01,2016,6.364499521704272
test_01100,2024-08-01,4032,-1.3712131199946318
test_01100,2024-09-01,6048,-6.597172500639503
test_01100,2024-10-01,6048,13.938669427370163
test_01100,2024-11-01,6048,12.445709073634195
test_01100,2024-12-01,6048,5.852947166170622
test_01101,2024-07-01,2016,-12.67274207439872
test_01101,2024-08-01,4032,14.54128877143391
test_01101,2024-09-01,6048,19.83159709258699
test_01102,2024-07-01,2016,-12.67274207439872
test_01102,2024-08-01,4032,14.54128877143391
test_01102,2024-09-01,6048,19.83159709258699
test_01102,2024-10-01,6048,-20.42341844153405
test_01102,2024-11-01,6048,-18.02805894103045
test_01102,2024-12-01,6048,11.381303388618296
test_01103,2024-07-01,2016,-125.46918392999217
test_01103,2024-08-01,4032,-49.477323866103525
test_01103,2024-09-01,6048,-39.75852233877195
test_01104,2024-07-01,2016,-125.46918392999217
test_01104,2024-08-01,4032,-49.477323866103525
test_01104,2024-09-01,6048,-39.75852233877195
test_01104,2024-10-01,6048,-7.035657820685946
test_01104,2024-11-01,6048,-7.483479647017707
test_01104,2024-12-01,6048,28.627167204295002
test_01105,2024-07-01,2016,42.538943435095206
test_01105,2024-08-01,4032,12.54660187237959
test_01105,2024-09-01,6048,10.740405666528114
test_01106,2024-07-01,2016,42.538943435095206
test_01106,2024-08-01,4032,12.54660187237959
test_01106,2024-09-01,6048,10.740405666528114
test_01106,2024-10-01,6048,11.229892092458105
test_01106,2024-11-01,6048,25.176162547105758
test_01106,2024-12-01,6048,18.07824517554057
test_01107,2024-07-01,2016,22.620394464263967
test_01107,2024-08-01,4032,32.81799357626009
test_01107,2024-09-01,6048,38.832348924798865
test_01108,2024-07-01,2016,22.620394464263967
test_01108,2024-08-01,4032,32.81799357626009
test_01108,2024-09-01,6048,38.832348924798865
test_01108,2024-10-01,6048,-20.74246360201728
test_01108,2024-11-01,6048,-6.413409155121724
test_01108,2024-12-01,6048,30.926904070707845
test_01109,2024-07-01,2016,-108.59935897497881
test_01109,2024-08-01,4032,-38.39389762047714
test_01109,2024-09-01,6048,-34.838226877135234
test_01110,2024-07-01,2016,-108.59935897497881
test_01110,2024-08-01,4032,-38.39389762047714
test_01110,2024-09-01,6048,-34.838226877135234
test_01110,2024-10-01,6048,-7.075719534152643
test_01110,2024-11-01,6048,-7.865364111365467
test_01110,2024-12-01,6048,31.411829085554114
test_01111,2024-07-01,2016,-60.34479822556947
test_01111,2024-08-01,4032,-22.39366206199352
test_01111,2024-09-01,6048,-17.408763173424322
test_01112,2024-07-01,2016,-60.34479822556947
test_01112,2024-08-01,4032,-22.39366206199352
test_01112,2024-09-01,6048,-17.408763173424322
test_01112,2024-10-01,6048,-6.209123940781489
test_01112,2024-11-01,6048,-10.576771374841687
test_01112,2024-12-01,6048,2.114638620457182
test_01113,2024-07-01,2016,-54.55895762644146
test_01113,2024-08-01,4032,-19.948859052225533
test_01113,2024-09-01,6048,-10.578290824763405
test_01114,2024-07-01,2016,-54.55895762644146
test_01114,2024-08-01,4032,-19.948859052225533
test_01114,2024-09-01,6048,-10.578290824763405
test_01114,2024-10-01,6048,-7.6947560643905435
test_01114,2024-11-01,6048,-0.9023575271802946
test_01114,2024-12-01,6048,21.964595985597235
test_01115,2024-07-01,2016,14.285138334609242
test_01115,2024-08-01,4032,4.586471929261624
test_01115,2024-09-01,6048,2.6406623166968557
test_01115,2024-10-01,6048,-26.341241029088707
test_01115,2024-11-01,4032,-11.506492944269064
test_01115,2024-12-01,2016,-8.52810695076546
test_01116,2024-11-01,2016,-30.814348516998354
test_01116,2024-12-01,4032,-11.146154811146234
test_01117,2024-07-01,2016,14.285138334609242
test_01117,2024-08-01,4032,4.586471929261624
test_01117,2024-09-01,6048,2.6406623166968557
test_01118,2024-10-01,6048,-26.341241029088707
test_01118,2024-11-01,6048,-17.942444801845493
test_01119,2024-12-01,6048,-10.273472191019309
test_01120,2024-07-01,2016,14.285138334609242
test_01120,2024-08-01,4032,4.586471929261624
test_01120,2024-09-01,6048,2.6406623166968557
test_01120,2024-10-01,6048,-26.341241029088707
test_01120,2024-11-01,6048,-17.942444801845493
test_01120,2024-12-01,6048,-10.273472191019309
test_01121,2024-07-01,2016,14.285138334609242
test_01121,2024-08-01,4032,0.511538489395741
test_01121,2024-09-01,6048,5.626132242145216
test_01121,2024-10-01,6048,-26.341241029088707
test_01121,2024-11-01,4032,1.4378708097240895
test_01121,2024-12-01,2016,-8.52810695076546
test_01122,2024-11-01,2016,-21.591955177150812
test_01122,2024-12-01,4032,-17.93032330650626
test_01123,2024-07-01,2016,14.285138334609242
test_01123,2024-08-01,4032,0.511538489395741
test_01123,2024-09-01,6048,5.626132242145216
test_01124,2024-10-01,6048,-26.341241029088707
test_01124,2024-11-01,6048,-6.238737852567544
test_01125,2024-12-01,6048,-14.796251187925991
test_01126,2024-07-01,2016,14.285138334609242
test_01126,2024-08-01,4032,0.511538489395741
test_01126,2024-09-01,6048,5.626132242145216
test_01126,2024-10-01,6048,-26.341241029088707
test_01126,2024-11-01,6048,-6.238737852567544
test_01126,2024-12-01,6048,-14.796251187925991
test_01127,2024-07-01,2016,25.508781581265318
test_01127,2024-08-01,4032,4.1276200404718635
test_01127,2024-09-01,6048,4.875976937099737
test_01127,2024-10-01,6048,-30.57638018719063
test_01127,2024-11-01,4032,8.998649695311638
test_01127,2024-12-01,2016,14.820603050279075
test_01128,2024-11-01,2016,-49.324386628347064
test_01128,2024-12-01,4032,-1.8743893219305443
test_01129,2024-07-01,2016,25.508781581265318
test_01129,2024-08-01,4032,4.1276200404718635
test_01129,2024-09-01,6048,4.875976937099737
test_01130,2024-10-01,6048,-30.57638018719063
test_01130,2024-11-01,6048,-10.442362412574598
test_01131,2024-12-01,6048,3.6906081354726625
test_01132,2024-07-01,2016,25.508781581265318
test_01132,2024-08-01,4032,4.1276200404718635
test_01132,2024-09-01,6048,4.875976937099737
test_01132,2024-10-01,6048,-30.57638018719063
test_01132,2024-11-01,6048,-10.442362412574598
test_01132,2024-12-01,6048,3.6906081354726625
test_01133,2024-07-01,2016,1.3980730414865457
test_01133,2024-08-01,4032,2.2425310255277244
test_01133,2024-09-01,6048,5.7857749373817455
test_01134,2024-07-01,2016,1.3980730414865457
test_01134,2024-08-01,4032,2.2425310255277244
test_01134,2024-09-01,6048,5.7857749373817455
test_01134,2024-10-01,6048,-10.850255471268326
test_01134,2024-11-01,6048,0.9030973435583682
test_01134,2024-12-01,6048,-10.567534943652756
test_01135,2024-07-01,2016,3.5537799726516597
test_01135,2024-08-01,4032,5.476726741768444
test_01135,2024-09-01,6048,13.64463247386973
test_01136,2024-07-01,2016,3.5537799726516597
test_01136,2024-08-01,4032,5.476726741768444
test_01136,2024-09-01,6048,13.64463247386973
test_01136,2024-10-01,6048,-19.859907777950585
test_01136,2024-11-01,6048,4.583363677361356
test_01136,2024-12-01,6048,-19.723483895873223
test_01137,2024-07-01,2016,6.6349509151623405
test_01137,2024-08-01,4032,9.716191742451302
test_01137,2024-09-01,6048,23.31245161580035
test_01138,2024-07-01,2016,6.6349509151623405
test_01138,2024-08-01,4032,9.716191742451302
test_01138,2024-09-01,6048,23.31245161580035
test_01138,2024-10-01,6048,-26.814143656541365
test_01138,2024-11-01,6048,11.092262706955877
test_01138,2024-12-01,6048,-27.686800692202212
test_01139,2024-07-01,2016,0.0
test_01139,2024-08-01,4032,0.0
test_01139,2024-09-01,6048,0.0
test_01139,2024-10-01,6048,0.0
test_01139,2024-11-01,4032,0.0
test_01139,2024-12-01,2016,0.0
test_01140,2024-11-01,2016,0.0
test_01140,2024-12-01,4032,0.0
test_01141,2024-06-01,6048,0.0
test_01141,2024-07-01,6048,0.0
test_01141,2024-08-01,6048,0.0
test_01141,2024-09-01,6048,0.0
test_01142,2024-10-01,6048,0.0
test_01142,2024-11-01,6048,0.0
test_01143,2024-12-01,6048,0.0
test_01144,2024-03-01,2016,0.0
test_01144,2024-04-01,4032,0.0
test_01144,2024-05-01,6048,0.0
test_01145,2024-03-01,2016,0.0
test_01145,2024-04-01,4032,0.0
test_01145,2024-05-01,6048,0.0
test_01145,2024-06-01,6048,0.0
test_01145,2024-07-01,6048,0.0
test_01145,2024-08-01,6048,0.0
test_01145,2024-09-01,6048,0.0
test_01145,2024-10-01,6048,0.0
test_01145,2024-11-01,6048,0.0
test_01145,2024-12-01,6048,0.0
test_01146,2024-07-01,2016,495.4269739661621
test_01146,2024-08-01,4032,-30.13441195354221
test_01146,2024-09-01,6048,0.0
test_01146,2024-10-01,6048,-9.777598592274654
test_01146,2024-11-01,4032,-59.81025007301354
test_01146,2024-12-01,2016,256.7249288090246
test_01147,2024-11-01,2016,-143.75377840312453
test_01147,2024-12-01,4032,295.0234826607486
test_01148,2024-06-01,6048,610.7606090467327
test_01148,2024-07-01,6048,330.12559812932915
test_01148,2024-08-01,6048,-13.422212345057824
test_01148,2024-09-01,6048,0.0
test_01149,2024-10-01,6048,-9.777598592274654
test_01149,2024-11-01,6048,-87.79142618305055
test_01150,2024-12-01,6048,282.25729804350726
test_01151,2024-03-01,2016,596.2913463833827
test_01151,2024-04-01,4032,-655.3006594178308
test_01151,2024-05-01,6048,0.0
test_01152,2024-03-01,2016,596.2913463833827
test_01152,2024-04-01,4032,-655.3006594178308
test_01152,2024-05-01,6048,0.0
test_01152,2024-06-01,6048,610.7606090467327
test_01152,2024-07-01,6048,330.12559812932915
test_01152,2024-08-01,6048,-13.422212345057824
test_01152,2024-09-01,6048,0.0
test_01152,2024-10-01,6048,-9.777598592274654
test_01152,2024-11-01,6048,-87.79142618305055
test_01152,2024-12-01,6048,282.25729804350726
test_01153,2024-07-01,2016,379.6588433887271
test_01153,2024-08-01,4032,106.22921737590323
test_01153,2024-09-01,6048,232.4526005916112
test_01153,2024-10-01,6048,4.04820534344967
test_01153,2024-11-01,4032,366.9470459297635
test_01153,2024-12-01,2016,382.16939599534726
test_01154,2024-11-01,2016,205.17120694051238
test_01154,2024-12-01,4032,266.5825531106365
test_01155,2024-06-01,6048,0.0
test_01155,2024-07-01,6048,126.55294779624238
test_01155,2024-08-01,6048,70.81947825060216
test_01155,2024-09-01,6048,232.4526005916112
test_01156,2024-10-01,6048,4.04820534344967
test_01156,2024-11-01,6048,313.0217662666798
test_01157,2024-12-01,6048,305.1115007388734
test_01158,2024-03-01,2016,0.0
test_01158,2024-04-01,4032,0.0
test_01158,2024-05-01,6048,0.0
test_01158,2024-06-01,6048,0.0
test_01158,2024-07-01,6048,126.55294779624238
test_01158,2024-08-01,6048,70.81947825060216
test_01158,2024-09-01,6048,232.4526005916112
test_01158,2024-10-01,6048,4.04820534344967
test_01158,2024-11-01,6048,313.0217662666798
test_01158,2024-12-01,6048,305.1115007388734
test_01159,2024-07-01,2016,379.6588433887271
test_01159,2024-08-01,4032,106.22921737590323
test_01159,2024-09-01,6048,232.40143196528555
test_01159,2024-10-01,6048,4.016846987385141
test_01159,2024-11-01,4032,366.727273270844
test_01159,2024-12-01,2016,382.16939599534726
test_01160,2024-11-01,2016,204.35227021523627
test_01160,2024-12-01,4032,265.32370951932216
test_01161,2024-06-01,6048,0.0
test_01161,2024-07-01,6048,126.55294779624238
test_01161,2024-08-01,6048,70.81947825060216
test_01161,2024-09-01,6048,232.40143196528555
test_01162,2024-10-01,6048,4.016846987385141
test_01162,2024-11-01,6048,312.6022722523081
test_01163,2024-12-01,6048,304.2722716779972
test_01164,2024-03-01,2016,0.0
test_01164,2024-04-01,4032,0.0
test_01164,2024-05-01,6048,0.0
test_01164,2024-06-01,6048,0.0
test_01164,2024-07-01,6048,126.55294779624238
test_01164,2024-08-01,6048,70.81947825060216
test_01164,2024-09-01,6048,232.40143196528555
test_01164,2024-10-01,6048,4.016846987385141
test_01164,2024-11-01,6048,312.6022722523081
test_01164,2024-12-01,6048,304.2722716779972
test_01165,2024-07-01,2016,0.16783008479343145
test_01165,2024-08-01,4032,-0.021052245313627274
test_01165,2024-09-01,6048,-0.0026793492645676557
test_01165,2024-10-01,6048,-0.020168730691506407
test_01165,2024-11-01,4032,-0.016437947093295623
test_01165,2024-12-01,2016,-0.05523612899161623
test_01166,2024-11-01,2016,-0.0752528313354919
test_01166,2024-12-01,4032,0.07907013984978159
test_01167,2024-06-01,6048,0.10540399895823639
test_01167,2024-07-01,6048,0.06302579944560821
test_01167,2024-08-01,6048,-0.007801610205184133
test_01167,2024-09-01,6048,-0.0026793492645676557
test_01168,2024-10-01,6048,-0.020168730691506407
test_01168,2024-11-01,6048,-0.03604290850736105
test_01169,2024-12-01,6048,0.034301383569315655
test_01170,2024-03-01,2016,-0.03453390958980937
test_01170,2024-04-01,4032,-0.16181385847812454
test_01170,2024-05-01,6048,-0.005208776125056057
test_01171,2024-03-01,2016,-0.03453390958980937
test_01171,2024-04-01,4032,-0.16181385847812454
test_01171,2024-05-01,6048,-0.005208776125056057
test_01171,2024-06-01,6048,0.10540399895823639
test_01171,2024-07-01,6048,0.06302579944560821
test_01171,2024-08-01,6048,-0.007801610205184133
test_01171,2024-09-01,6048,-0.0026793492645676557
test_01171,2024-10-01,6048,-0.020168730691506407
test_01171,2024-11-01,6048,-0.03604290850736105
test_01171,2024-12-01,6048,0.034301383569315655
test_01172,2024-07-01,2016,20.203579864642457
test_01172,2024-08-01,4032,33.616362287259115
test_01172,2024-09-01,6048,46.457501239097944
test_01172,2024-10-01,6048,25.202039084073316
test_01172,2024-11-01,4032,52.02863330690812
test_01172,2024-12-01,2016,-6.552112158562244
test_01173,2024-11-01,2016,-23.317275872076564
test_01173,2024-12-01,4032,-12.665551263886991
test_01174,2024-06-01,6048,-3.2008473303347085
test_01174,2024-07-01,6048,6.734526621547485
test_01174,2024-08-01,6048,22.410908191506078
test_01174,2024-09-01,6048,46.457501239097944
test_01175,2024-10-01,6048,25.202039084073316
test_01175,2024-11-01,6048,26.91333024724656
test_01176,2024-12-01,6048,-10.627738228778743
test_01177,2024-03-01,2016,0.0
test_01177,2024-04-01,4032,0.0
test_01177,2024-05-01,6048,0.0
test_01177,2024-06-01,6048,-3.2008473303347085
test_01177,2024-07-01,6048,6.734526621547485
test_01177,2024-08-01,6048,22.410908191506078
test_01177,2024-09-01,6048,46.457501239097944
test_01177,2024-10-01,6048,25.202039084073316
test_01177,2024-11-01,6048,26.91333024724656
test_01177,2024-12-01,6048,-10.627738228778743
test_01178,2024-07-01,2016,-15.469809518393214
test_01178,2024-08-01,4032,-9.889891941552703
test_01178,2024-09-01,6048,-20.329739897392184
test_01178,2024-10-01,6048,14.274443077573656
test_01178,2024-11-01,4032,-23.007849516475726
test_01178,2024-12-01,2016,-35.36574495994787
test_01179,2024-11-01,2016,-11.432475037004421
test_01179,2024-12-01,4032,6.15435303183312
test_01180,2024-06-01,6048,4.300468521012681
test_01180,2024-07-01,6048,-4.993778985041002
test_01180,2024-08-01,6048,-7.2479273951028205
test_01180,2024-09-01,6048,-20.329739897392184
test_01181,2024-10-01,6048,14.274443077573656
test_01181,2024-11-01,6048,-19.14939135665196
test_01182,2024-12-01,6048,-7.685679632093877
test_01183,2024-03-01,2016,27.171419966926308
test_01183,2024-04-01,4032,26.84078342711496
test_01183,2024-05-01,6048,3.0019475403046387
test_01184,2024-03-01,2016,27.171419966926308
test_01184,2024-04-01,4032,26.84078342711496
test_01184,2024-05-01,6048,3.0019475403046387
test_01184,2024-06-01,6048,4.300468521012681
test_01184,2024-07-01,6048,-4.993778985041002
test_01184,2024-08-01,6048,-7.2479273951028205
test_01184,2024-09-01,6048,-20.329739897392184
test_01184,2024-10-01,6048,14.274443077573656
test_01184,2024-11-01,6048,-19.14939135665196
test_01184,2024-12-01,6048,-7.685679632093877
test_01185,2024-07-01,2016,14.378213706208689
test_01185,2024-08-01,4032,2.767168117135376
test_01185,2024-09-01,6048,8.454449390770806
test_01185,2024-10-01,6048,24.537296289573206
test_01185,2024-11-01,4032,7.7767898978867835
test_01185,2024-12-01,2016,6.737372014623702
test_01186,2024-11-01,2016,-0.7843721917306818
test_01186,2024-12-01,4032,28.153651768437975
test_01187,2024-06-01,6048,38.79706979644204
test_01187,2024-07-01,6048,26.90535294463463
test_01187,2024-08-01,6048,8.171431659768695
test_01187,2024-09-01,6048,8.454449390770806
test_01188,2024-10-01,6048,24.537296289573206
test_01188,2024-11-01,6048,4.923069201347628
test_01189,2024-12-01,6048,21.014891850499886
test_01190,2024-03-01,2016,-29.63896069723849
test_01190,2024-04-01,4032,18.372451459104457
test_01190,2024-05-01,6048,25.220462918077448
test_01191,2024-03-01,2016,-29.63896069723849
test_01191,2024-04-01,4032,18.372451459104457
test_01191,2024-05-01,6048,25.220462918077448
test_01191,2024-06-01,6048,38.79706979644204
test_01191,2024-07-01,6048,26.90535294463463
test_01191,2024-08-01,6048,8.171431659768695
test_01191,2024-09-01,6048,8.454449390770806
test_01191,2024-10-01,6048,24.537296289573206
test_01191,2024-11-01,6048,4.923069201347628
test_01191,2024-12-01,6048,21.014891850499886
test_01192,2024-07-01,2016,-3.5314761087713777
test_01192,2024-08-01,4032,-0.21315455171353884
test_01192,2024-09-01,6048,0.9421090580961387
test_01192,2024-10-01,6048,9.202225217014565
test_01192,2024-11-01,4032,0.04605840836485629
test_01192,2024-12-01,2016,-4.222776355480009
test_01193,2024-11-01,2016,-8.565554357586437
test_01193,2024-12-01,4032,-0.8826085757291922
test_01194,2024-06-01,6048,-12.142427847683988
test_01194,2024-07-01,6048,-2.2592462945098886
test_01194,2024-08-01,6048,1.245113721137271
test_01194,2024-09-01,6048,0.9421090580961387
test_01195,2024-10-01,6048,9.202225217014565
test_01195,2024-11-01,6048,-2.8244791802855747
test_01196,2024-12-01,6048,-1.995997835646131
test_01197,2024-03-01,2016,-2.307908536214078
test_01197,2024-04-01,4032,-5.007489361999312
test_01197,2024-05-01,6048,-5.633402700830202
test_01198,2024-03-01,2016,-2.307908536214078
test_01198,2024-04-01,4032,-5.007489361999312
test_01198,2024-05-01,6048,-5.633402700830202
test_01198,2024-06-01,6048,-12.142427847683988
test_01198,2024-07-01,6048,-2.2592462945098886
test_01198,2024-08-01,6048,1.245113721137271
test_01198,2024-09-01,6048,0.9421090580961387
test_01198,2024-10-01,6048,9.202225217014565
test_01198,2024-11-01,6048,-2.8244791802855747
test_01198,2024-12-01,6048,-1.995997835646131
test_01199,2024-07-01,2016,-1.194713528458646
test_01199,2024-08-01,4032,-1.377034558470763
test_01199,2024-09-01,6048,-3.102242284693596
test_01199,2024-10-01,6048,3.572727534437927
test_01199,2024-11-01,4032,-7.0935698194383106
test_01199,2024-12-01,2016,-12.253686050557436
test_01200,2024-11-01,2016,-7.81691158294199
test_01200,2024-12-01,4032,-9.48831705708383
test_01201,2024-06-01,6048,1.2299538836299113
test_01201,2024-07-01,6048,-0.6163360204746271
test_01201,2024-08-01,6048,-1.0777293889228206
test_01201,2024-09-01,6048,-3.102242284693596
test_01202,2024-10-01,6048,3.572727534437927
test_01202,2024-11-01,6048,-7.334683740606203
test_01203,2024-12-01,6048,-10.410106721575032
test_01204,2024-03-01,2016,0.6964642204336496
test_01204,2024-04-01,4032,1.2253640112845972
test_01204,2024-05-01,6048,0.7445589631162054
test_01205,2024-03-01,2016,0.6964642204336496
test_01205,2024-04-01,4032,1.2253640112845972
test_01205,2024-05-01,6048,0.7445589631162054
test_01205,2024-06-01,6048,1.2299538836299113
test_01205,2024-07-01,6048,-0.6163360204746271
test_01205,2024-08-01,6048,-1.0777293889228206
test_01205,2024-09-01,6048,-3.102242284693596
test_01205,2024-10-01,6048,3.572727534437927
test_01205,2024-11-01,6048,-7.334683740606203
test_01205,2024-12-01,6048,-10.410106721575032
test_01206,2024-07-01,2016,0.12026623019267206
test_01206,2024-08-01,4032,-0.1512478361664058
test_01206,2024-09-01,6048,-0.25796348601721325
test_01206,2024-10-01,6048,0.08930814277413845
test_01206,2024-11-01,4032,0.05556926691232573
test_01206,2024-12-01,2016,-0.10085669319616883
test_01207,2024-11-01,2016,-0.6613532887224944
test_01207,2024-12-01,4032,-0.6422828285085971
test_01208,2024-06-01,6048,0.2493447508793966
test_01208,2024-07-01,6048,0.47586833022107805
test_01208,2024-08-01,6048,0.20271522685805385
test_01208,2024-09-01,6048,-0.25796348601721325
test_01209,2024-10-01,6048,0.08930814277413845
test_01209,2024-11-01,6048,-0.183404918299281
test_01210,2024-12-01,6048,-0.461807450071121
test_01211,2024-03-01,2016,0.12529488601226346
test_01211,2024-04-01,4032,0.04234141290698286
test_01211,2024-05-01,6048,0.14714686641614014
test_01212,2024-03-01,2016,0.12529488601226346
test_01212,2024-04-01,4032,0.04234141290698286
test_01212,2024-05-01,6048,0.14714686641614014
test_01212,2024-06-01,6048,0.2493447508793966
test_01212,2024-07-01,6048,0.47586833022107805
test_01212,2024-08-01,6048,0.20271522685805385
test_01212,2024-09-01,6048,-0.25796348601721325
test_01212,2024-10-01,6048,0.08930814277413845
test_01212,2024-11-01,6048,-0.183404918299281
test_01212,2024-12-01,6048,-0.461807450071121
test_01213,2024-07-01,2016,-1.8725650937781662
test_01213,2024-08-01,4032,-0.2971163915744229
test_01213,2024-09-01,6048,0.3091750272700579
test_01213,2024-10-01,6048,6.350911508698893
test_01213,2024-11-01,4032,-3.2197488400472953
test_01213,2024-12-01,2016,-18.536103936911662
test_01214,2024-11-01,2016,-5.751888302772317
test_01214,2024-12-01,4032,3.013510496696757
test_01215,2024-06-01,6048,0.0
test_01215,2024-07-01,6048,-0.6241883645927221
test_01215,2024-08-01,6048,-0.19807759438294859
test_01215,2024-09-01,6048,0.3091750272700579
test_01216,2024-10-01,6048,6.350911508698893
test_01216,2024-11-01,6048,-4.0637953276223024
test_01217,2024-12-01,6048,-4.1696943145060485
test_01218,2024-03-01,2016,0.0
test_01218,2024-04-01,4032,0.0
test_01218,2024-05-01,6048,0.0
test_01219,2024-03-01,2016,0.0
test_01219,2024-04-01,4032,0.0
test_01219,2024-05-01,6048,0.0
test_01219,2024-06-01,6048,0.0
test_01219,2024-07-01,6048,-0.6241883645927221
test_01219,2024-08-01,6048,-0.19807759438294859
test_01219,2024-09-01,6048,0.3091750272700579
test_01219,2024-10-01,6048,6.350911508698893
test_01219,2024-11-01,6048,-4.0637953276223024
test_01219,2024-12-01,6048,-4.1696943145060485
test_01220,2024-07-01,2016,0.02031671920397706
test_01220,2024-08-01,4032,0.0014955174238728266
test_01220,2024-09-01,6048,0.6165055335250395
test_01220,2024-10-01,6048,0.28380280587250295
test_01220,2024-11-01,4032,1.0265558177183138
test_01220,2024-12-01,2016,1.9968575886182516
test_01221,2024-11-01,2016,0.005137870568559164
test_01221,2024-12-01,4032,0.012300733856452752
test_01222,2024-06-01,6048,-0.08058196730722146
test_01222,2024-07-01,6048,0.16204044866318928
test_01222,2024-08-01,6048,0.19459899253661056
test_01222,2024-09-01,6048,0.6165055335250395
test_01223,2024-10-01,6048,0.28380280587250295
test_01223,2024-11-01,6048,0.6860831686683956
test_01224,2024-12-01,6048,0.6738196854437191
test_01225,2024-03-01,2016,-0.23415481055173537
test_01225,2024-04-01,4032,-0.3271004024783707
test_01225,2024-05-01,6048,-0.26817021712164957
test_01226,2024-03-01,2016,-0.23415481055173537
test_01226,2024-04-01,4032,-0.3271004024783707
test_01226,2024-05-01,6048,-0.26817021712164957
test_01226,2024-06-01,6048,-0.08058196730722146
test_01226,2024-07-01,6048,0.16204044866318928
test_01226,2024-08-01,6048,0.19459899253661056
test_01226,2024-09-01,6048,0.6165055335250395
test_01226,2024-10-01,6048,0.28380280587250295
test_01226,2024-11-01,6048,0.6860831686683956
test_01226,2024-12-01,6048,0.6738196854437191
test_01227,2024-07-01,2016,-15.259019872542957
test_01227,2024-08-01,4032,-10.099529638486066
test_01227,2024-09-01,6048,-19.90094419369721
test_01227,2024-10-01,6048,14.577373981917786
test_01227,2024-11-01,4032,-22.139955725660386
test_01227,2024-12-01,2016,-33.26950921545273
test_01228,2024-11-01,2016,-11.9358275370299
test_01228,2024-12-01,4032,5.431640584305607
test_01229,2024-06-01,6048,4.3635868916241405
test_01229,2024-07-01,6048,-4.328134546196566
test_01229,2024-08-01,6048,-6.852408573650527
test_01229,2024-09-01,6048,-19.90094419369721
test_01230,2024-10-01,6048,14.577373981917786
test_01230,2024-11-01,6048,-18.738579662783557
test_01231,2024-12-01,6048,-7.468742682280504
test_01232,2024-03-01,2016,27.032477538116215
test_01232,2024-04-01,4032,26.50105928108403
test_01232,2024-05-01,6048,2.8950691330846907
test_01233,2024-03-01,2016,27.032477538116215
test_01233,2024-04-01,4032,26.50105928108403
test_01233,2024-05-01,6048,2.8950691330846907
test_01233,2024-06-01,6048,4.3635868916241405
test_01233,2024-07-01,6048,-4.328134546196566
test_01233,2024-08-01,6048,-6.852408573650527
test_01233,2024-09-01,6048,-19.90094419369721
test_01233,2024-10-01,6048,14.577373981917786
test_01233,2024-11-01,6048,-18.738579662783557
test_01233,2024-12-01,6048,-7.468742682280504
test_01234,2024-07-01,2016,-15.348877928306004
test_01234,2024-08-01,4032,-10.390718537163925
test_01234,2024-09-01,6048,-20.50025743222561
test_01234,2024-10-01,6048,15.507666776187756
test_01234,2024-11-01,4032,-23.65588921589632
test_01234,2024-12-01,2016,-36.43383722344098
test_01235,2024-11-01,2016,-12.175716061324605
test_01235,2024-12-01,4032,4.513010227483243
test_01236,2024-06-01,6048,4.824056280519352
test_01236,2024-07-01,6048,-4.41338828761362
test_01236,2024-08-01,6048,-7.0956950555207765
test_01236,2024-09-01,6048,-20.50025743222561
test_01237,2024-10-01,6048,15.507666776187756
test_01237,2024-11-01,6048,-19.82916483103908
test_01238,2024-12-01,6048,-9.135938922824831
test_01239,2024-03-01,2016,27.267981734018864
test_01239,2024-04-01,4032,27.01488667875099
test_01239,2024-05-01,6048,3.196879841482187
test_01240,2024-03-01,2016,27.267981734018864
test_01240,2024-04-01,4032,27.01488667875099
test_01240,2024-05-01,6048,3.196879841482187
test_01240,2024-06-01,6048,4.824056280519352
test_01240,2024-07-01,6048,-4.41338828761362
test_01240,2024-08-01,6048,-7.0956950555207765
test_01240,2024-09-01,6048,-20.50025743222561
test_01240,2024-10-01,6048,15.507666776187756
test_01240,2024-11-01,6048,-19.82916483103908
test_01240,2024-12-01,6048,-9.135938922824831
test_01241,2024-07-01,2016,-0.5017483428778187
test_01241,2024-08-01,4032,-0.2794482544184319
test_01241,2024-09-01,6048,-1.3759813192205776
test_01241,2024-10-01,6048,1.4673746275137818
test_01241,2024-11-01,4032,-3.4806459954719875
test_01241,2024-12-01,2016,-4.1397192649550645
test_01242,2024-11-01,2016,-2.2757680907609648
test_01242,2024-12-01,4032,-2.5171208921121977
test_01243,2024-06-01,6048,2.385679848147114
test_01243,2024-07-01,6048,-0.12600930819769834
test_01243,2024-08-01,6048,-0.31495009151058334
test_01243,2024-09-01,6048,-1.3759813192205776
test_01244,2024-10-01,6048,1.4673746275137818
test_01244,2024-11-01,6048,-3.0790200272349804
test_01245,2024-12-01,6048,-3.0579870163931533
test_01246,2024-03-01,2016,-2.460075790159151
test_01246,2024-04-01,4032,1.0507188681201596
test_01246,2024-05-01,6048,1.060353996934269
test_01247,2024-03-01,2016,-2.460075790159151
test_01247,2024-04-01,4032,1.0507188681201596
test_01247,2024-05-01,6048,1.060353996934269
test_01247,2024-06-01,6048,2.385679848147114
test_01247,2024-07-01,6048,-0.12600930819769834
test_01247,2024-08-01,6048,-0.31495009151058334
test_01247,2024-09-01,6048,-1.3759813192205776
test_01247,2024-10-01,6048,1.4673746275137818
test_01247,2024-11-01,6048,-3.0790200272349804
test_01247,2024-12-01,6048,-3.0579870163931533
test_01248,2024-07-01,2016,-10.375055411806756
test_01248,2024-08-01,4032,-7.289035705242248
test_01248,2024-09-01,6048,-14.153759161280995
test_01248,2024-10-01,6048,3.974802756560558
test_01248,2024-11-01,4032,-1.465398913013656
test_01248,2024-12-01,2016,9.83582361680246
test_01249,2024-11-01,2016,15.838932743659392
test_01249,2024-12-01,4032,24.162556475559143
test_01250,2024-06-01,6048,2.357285777340005
test_01250,2024-07-01,6048,-3.4719475802018773
test_01250,2024-08-01,6048,-5.396729357716968
test_01250,2024-09-01,6048,-14.153759161280995
test_01251,2024-10-01,6048,3.974802756560558
test_01251,2024-11-01,6048,4.302711639210694
test_01252,2024-12-01,6048,19.38697885597358
test_01253,2024-03-01,2016,29.12174581259852
test_01253,2024-04-01,4032,32.65676772496515
test_01253,2024-05-01,6048,2.7522001498228232
test_01254,2024-03-01,2016,29.12174581259852
test_01254,2024-04-01,4032,32.65676772496515
test_01254,2024-05-01,6048,2.7522001498228232
test_01254,2024-06-01,6048,2.357285777340005
test_01254,2024-07-01,6048,-3.4719475802018773
test_01254,2024-08-01,6048,-5.396729357716968
test_01254,2024-09-01,6048,-14.153759161280995
test_01254,2024-10-01,6048,3.974802756560558
test_01254,2024-11-01,6048,4.302711639210694
test_01254,2024-12-01,6048,19.38697885597358
test_01255,2024-07-01,2016,-15.448283330300228
test_01255,2024-08-01,4032,-10.057709493831046
test_01255,2024-09-01,6048,-19.813340054703392
test_01255,2024-10-01,6048,13.672836902202363
test_01255,2024-11-01,4032,-21.873026619947748
test_01255,2024-12-01,2016,-34.02134701145355
test_01256,2024-11-01,2016,-12.067774126267107
test_01256,2024-12-01,4032,5.465242355732308
test_01257,2024-06-01,6048,2.171800188462044
test_01257,2024-07-01,6048,-5.049784036349157
test_01257,2024-08-01,6048,-7.2720810277866335
test_01257,2024-09-01,6048,-19.813340054703392
test_01258,2024-10-01,6048,13.672836902202363
test_01258,2024-11-01,6048,-18.6046091220542
test_01259,2024-12-01,6048,-7.69695409999631
test_01260,2024-03-01,2016,29.46726310532806
test_01260,2024-04-01,4032,25.62281205857577
test_01260,2024-05-01,6048,1.8125228236749267
test_01261,2024-03-01,2016,29.46726310532806
test_01261,2024-04-01,4032,25.62281205857577
test_01261,2024-05-01,6048,1.8125228236749267
test_01261,2024-06-01,6048,2.171800188462044
test_01261,2024-07-01,6048,-5.049784036349157
test_01261,2024-08-01,6048,-7.2720810277866335
test_01261,2024-09-01,6048,-19.813340054703392
test_01261,2024-10-01,6048,13.672836902202363
test_01261,2024-11-01,6048,-18.6046091220542
test_01261,2024-12-01,6048,-7.69695409999631
test_01262,2024-07-01,2016,15.558433279983554
test_01262,2024-08-01,4032,10.178669751861397
test_01262,2024-09-01,6048,20.923451693569298
test_01262,2024-10-01,6048,-15.208032074093559
test_01262,2024-11-01,4032,24.50079922989629
test_01262,2024-12-01,2016,38.45006394298357
test_01263,2024-11-01,2016,11.673026892816665
test_01263,2024-12-01,4032,-5.245327449214059
test_01264,2024-07-01,2016,15.558433279983554
test_01264,2024-08-01,4032,10.178669751861397
test_01264,2024-09-01,6048,20.923451693569298
test_01265,2024-10-01,6048,-15.208032074093559
test_01265,2024-11-01,6048,20.224875117536417
test_01266,2024-12-01,6048,9.319803014851818
test_01267,2024-07-01,2016,15.558433279983554
test_01267,2024-08-01,4032,10.178669751861397
test_01267,2024-09-01,6048,20.923451693569298
test_01267,2024-10-01,6048,-15.208032074093559
test_01267,2024-11-01,6048,20.224875117536417
test_01267,2024-12-01,6048,9.319803014851818
test_01268,2024-07-01,2016,0.06289484704392011
test_01268,2024-08-01,4032,-0.03988682665784509
test_01268,2024-09-01,6048,-0.018800567053565146
test_01268,2024-10-01,6048,-0.013909265866111787
test_01268,2024-11-01,4032,0.01707279286201973
test_01268,2024-12-01,2016,0.06575381187360924
test_01269,2024-11-01,2016,0.02907254530085206
test_01269,2024-12-01,4032,0.05514112106632977
test_01270,2024-07-01,2016,0.06289484704392011
test_01270,2024-08-01,4032,-0.03988682665784509
test_01270,2024-09-01,6048,-0.018800567053565146
test_01271,2024-10-01,6048,-0.013909265866111787
test_01271,2024-11-01,6048,0.021072710341630507
test_01272,2024-12-01,6048,0.05867868466875626
test_01273,2024-07-01,2016,0.06289484704392011
test_01273,2024-08-01,4032,-0.03988682665784509
test_01273,2024-09-01,6048,-0.018800567053565146
test_01273,2024-10-01,6048,-0.013909265866111787
test_01273,2024-11-01,6048,0.021072710341630507
test_01273,2024-12-01,6048,0.05867868466875626
test_01274,2024-07-01,2016,25.929864907501788
test_01274,2024-08-01,4032,25.891652785950235
test_01274,2024-09-01,6048,19.539879433648654
test_01274,2024-10-01,6048,-9.016830575690278
test_01274,2024-11-01,4032,13.326829200236443
test_01274,2024-12-01,2016,37.57545384783846
test_01275,2024-11-01,2016,-4.246179313897072
test_01275,2024-12-01,4032,-8.400262940563188
test_01276,2024-07-01,2016,25.929864907501788
test_01276,2024-08-01,4032,25.891652785950235
test_01276,2024-09-01,6048,19.539879433648654
test_01277,2024-10-01,6048,-9.016830575690278
test_01277,2024-11-01,6048,7.46915969552527
test_01278,2024-12-01,6048,6.924975988904027
test_01279,2024-07-01,2016,25.929864907501788
test_01279,2024-08-01,4032,25.891652785950235
test_01279,2024-09-01,6048,19.539879433648654
test_01279,2024-10-01,6048,-9.016830575690278
test_01279,2024-11-01,6048,7.46915969552527
test_01279,2024-12-01,6048,6.924975988904027
test_01280,2024-07-01,2016,4.6221725427072835
test_01280,2024-08-01,4032,2.288406101377712
test_01280,2024-09-01,6048,9.683117326986208
test_01280,2024-10-01,6048,9.29608400016482
test_01280,2024-11-01,4032,2.745774933897059
test_01280,2024-12-01,2016,-1.5422737502446349
test_01281,2024-11-01,2016,-2.7152985003539785
test_01281,2024-12-01,4032,-9.125241104136952
test_01282,2024-07-01,2016,4.6221725427072835
test_01282,2024-08-01,4032,2.288406101377712
test_01282,2024-09-01,6048,9.683117326986208
test_01283,2024-10-01,6048,9.29608400016482
test_01283,2024-11-01,6048,0.9254171224800467
test_01284,2024-12-01,6048,-6.597585319506179
test_01285,2024-07-01,2016,4.6221725427072835
test_01285,2024-08-01,4032,2.288406101377712
test_01285,2024-09-01,6048,9.683117326986208
test_01285,2024-10-01,6048,9.29608400016482
test_01285,2024-11-01,6048,0.9254171224800467
test_01285,2024-12-01,6048,-6.597585319506179
test_01286,2024-07-01,2016,4.63972270847217
test_01286,2024-08-01,4032,2.189531737650337
test_01286,2024-09-01,6048,9.649467685895342
test_01286,2024-10-01,6048,9.30305897881383
test_01286,2024-11-01,4032,2.7450413941221155
test_01286,2024-12-01,2016,-1.4830604042477222
test_01287,2024-11-01,2016,-2.70173610924896
test_01287,2024-12-01,4032,-9.085781239962984
test_01288,2024-07-01,2016,4.63972270847217
test_01288,2024-08-01,4032,2.189531737650337
test_01288,2024-09-01,6048,9.649467685895342
test_01289,2024-10-01,6048,9.30305897881383
test_01289,2024-11-01,6048,0.9294488929984236
test_01290,2024-12-01,6048,-6.551540961391229
test_01291,2024-07-01,2016,4.63972270847217
test_01291,2024-08-01,4032,2.189531737650337
test_01291,2024-09-01,6048,9.649467685895342
test_01291,2024-10-01,6048,9.30305897881383
test_01291,2024-11-01,6048,0.9294488929984236
test_01291,2024-12-01,6048,-6.551540961391229
test_01292,2024-07-01,2016,0.1351717511121774
test_01292,2024-08-01,4032,0.022250255473633865
test_01292,2024-09-01,6048,0.0
test_01292,2024-10-01,6048,-0.002122138025548319
test_01292,2024-11-01,4032,0.0032959928253518908
test_01292,2024-12-01,2016,0.9361116539196607
test_01293,2024-11-01,2016,0.016951155288815866
test_01293,2024-12-01,4032,0.821095596970603
test_01294,2024-06-01,6048,0.11142868609240889
test_01294,2024-07-01,6048,0.04505725037072581
test_01294,2024-08-01,6048,0.014833503649089242
test_01294,2024-09-01,6048,0.0
test_01295,2024-10-01,6048,-0.002122138025548319
test_01295,2024-11-01,6048,0.007847713646506549
test_01296,2024-12-01,6048,0.8594342826202889
test_01297,2024-03-01,2016,0.0
test_01297,2024-04-01,4032,0.0
test_01297,2024-05-01,6048,0.0
test_01298,2024-03-01,2016,0.0
test_01298,2024-04-01,4032,0.0
test_01298,2024-05-01,6048,0.0
test_01298,2024-06-01,6048,0.11142868609240889
test_01298,2024-07-01,6048,0.04505725037072581
test_01298,2024-08-01,6048,0.014833503649089242
test_01298,2024-09-01,6048,0.0
test_01298,2024-10-01,6048,-0.002122138025548319
test_01298,2024-11-01,6048,0.007847713646506549
test_01298,2024-12-01,6048,0.8594342826202889
test_01299,2024-07-01,2016,0.010689110375320552
test_01299,2024-08-01,4032,0.010647335059711315
test_01299,2024-09-01,6048,-0.0662323201158978
test_01299,2024-10-01,6048,0.020788083887025934
test_01299,2024-11-01,4032,-0.008024871540375523
test_01299,2024-12-01,2016,-0.04323406890501694
test_01300,2024-11-01,2016,-0.012260571287757984
test_01300,2024-12-01,4032,0.05994724385270196
test_01301,2024-06-01,6048,-0.1339637223436957
test_01301,2024-07-01,6048,0.002636767618537366
test_01301,2024-08-01,6048,0.014578776309375015
test_01301,2024-09-01,6048,-0.0662323201158978
test_01302,2024-10-01,6048,0.020788083887025934
test_01302,2024-11-01,6048,-0.009436771456169677
test_01303,2024-12-01,6048,0.02555347293346233
test_01304,2024-03-01,2016,-0.5241566505078868
test_01304,2024-04-01,4032,-0.571022251618232
test_01304,2024-05-01,6048,-0.12626817245626337
test_01305,2024-03-01,2016,-0.5241566505078868
test_01305,2024-04-01,4032,-0.571022251618232
test_01305,2024-05-01,6048,-0.12626817245626337
test_01305,2024-06-01,6048,-0.1339637223436957
test_01305,2024-07-01,6048,0.002636767618537366
test_01305,2024-08-01,6048,0.014578776309375015
test_01305,2024-09-01,6048,-0.0662323201158978
test_01305,2024-10-01,6048,0.020788083887025934
test_01305,2024-11-01,6048,-0.009436771456169677
test_01305,2024-12-01,6048,0.02555347293346233
test_01306,2024-07-01,2016,0.01047017198905429
test_01306,2024-08-01,4032,0.010404068074958812
test_01306,2024-09-01,6048,-0.06620360222328485
test_01306,2024-10-01,6048,0.020766861877682362
test_01306,2024-11-01,4032,-0.007870188919920591
test_01306,2024-12-01,2016,-0.04044750464547019
test_01307,2024-11-01,2016,-0.012192330424679335
test_01307,2024-12-01,4032,0.06158722256218028
test_01308,2024-06-01,6048,-0.1330907363157733
test_01308,2024-07-01,6048,0.0033758589842512593
test_01308,2024-08-01,6048,0.013956578287054683
test_01308,2024-09-01,6048,-0.06620360222328485
test_01309,2024-10-01,6048,0.020766861877682362
test_01309,2024-11-01,6048,-0.009310902754840172
test_01310,2024-12-01,6048,0.02757564682629679
test_01311,2024-03-01,2016,-0.5211609525522461
test_01311,2024-04-01,4032,-0.5685643771821551
test_01311,2024-05-01,6048,-0.1256537089498049
test_01312,2024-03-01,2016,-0.5211609525522461
test_01312,2024-04-01,4032,-0.5685643771821551
test_01312,2024-05-01,6048,-0.1256537089498049
test_01312,2024-06-01,6048,-0.1330907363157733
test_01312,2024-07-01,6048,0.0033758589842512593
test_01312,2024-08-01,6048,0.013956578287054683
test_01312,2024-09-01,6048,-0.06620360222328485
test_01312,2024-10-01,6048,0.020766861877682362
test_01312,2024-11-01,6048,-0.009310902754840172
test_01312,2024-12-01,6048,0.02757564682629679
test_01313,2024-07-01,2016,0.14564203882429003
test_01313,2024-08-01,4032,0.03258692573391337
test_01313,2024-09-01,6048,-0.06620360222328485
test_01313,2024-10-01,6048,0.01864476335519429
test_01313,2024-11-01,4032,-0.004574211959076066
test_01313,2024-12-01,2016,0.8953971737998007
test_01314,2024-11-01,2016,0.004758813815083303
test_01314,2024-12-01,4032,0.8826823670171502
test_01315,2024-06-01,6048,-0.02161511387593328
test_01315,2024-07-01,6048,0.04843314792932984
test_01315,2024-08-01,6048,0.028745150059691055
test_01315,2024-09-01,6048,-0.06620360222328485
test_01316,2024-10-01,6048,0.01864476335519429
test_01316,2024-11-01,6048,-0.0014632033676896094
test_01317,2024-12-01,6048,0.8869206359447003
test_01318,2024-03-01,2016,-0.5211609525522461
test_01318,2024-04-01,4032,-0.5685643771821551
test_01318,2024-05-01,6048,-0.1256537089498049
test_01318,2024-06-01,6048,-0.02161511387593328
test_01318,2024-07-01,6048,0.04843314792932984
test_01318,2024-08-01,6048,0.028745150059691055
test_01318,2024-09-01,6048,-0.06620360222328485
test_01318,2024-10-01,6048,0.01864476335519429
test_01318,2024-11-01,6048,-0.0014632033676896094
test_01318,2024-12-01,6048,0.8869206359447003
test_01319,2024-07-01,2016,55.61333062590447
test_01319,2024-08-01,4032,5.522308338127001
test_01319,2024-09-01,6048,46.4596390908174
test_01319,2024-10-01,6048,-18.120828982492146
test_01319,2024-11-01,4032,48.343125542185206
test_01319,2024-12-01,2016,69.74098630417292
test_01320,2024-11-01,2016,97.86863052916677
test_01320,2024-12-01,4032,26.519564390982968
test_01321,2024-06-01,6048,0.0
test_01321,2024-07-01,6048,18.53777687530149
test_01321,2024-08-01,6048,3.6815388920846672
test_01321,2024-09-01,6048,46.4596390908174
test_01322,2024-10-01,6048,-18.120828982492146
test_01322,2024-11-01,6048,64.8516272045124
test_01323,2024-12-01,6048,40.926705028712945
test_01324,2024-03-01,2016,0.0
test_01324,2024-04-01,4032,0.0
test_01324,2024-05-01,6048,0.0
test_01325,2024-03-01,2016,0.0
test_01325,2024-04-01,4032,0.0
test_01325,2024-05-01,6048,0.0
test_01325,2024-06-01,6048,0.0
test_01325,2024-07-01,6048,18.53777687530149
test_01325,2024-08-01,6048,3.6815388920846672
test_01325,2024-09-01,6048,46.4596390908174
test_01325,2024-10-01,6048,-18.120828982492146
test_01325,2024-11-01,6048,64.8516272045124
test_01325,2024-12-01,6048,40.926705028712945
test_01326,2024-07-01,2016,52.67252683878495
test_01326,2024-08-01,4032,5.518299593236183
test_01326,2024-09-01,6048,42.98069318775493
test_01326,2024-10-01,6048,-17.903584097482547
test_01326,2024-11-01,4032,45.53381564171009
test_01326,2024-12-01,2016,57.83209770241422
test_01327,2024-11-01,2016,90.53129924247345
test_01327,2024-12-01,4032,21.593015133782323
test_01328,2024-06-01,6048,0.0
test_01328,2024-07-01,6048,17.55750894626165
test_01328,2024-08-01,6048,3.6788663954907883
test_01328,2024-09-01,6048,42.98069318775493
test_01329,2024-10-01,6048,-17.903584097482547
test_01329,2024-11-01,6048,60.53297684196455
test_01330,2024-12-01,6048,33.67270932332629
test_01331,2024-03-01,2016,0.0
test_01331,2024-04-01,4032,0.0
test_01331,2024-05-01,6048,0.0
test_01331,2024-06-01,6048,0.0
test_01331,2024-07-01,6048,17.55750894626165
test_01331,2024-08-01,6048,3.6788663954907883
test_01331,2024-09-01,6048,42.98069318775493
test_01331,2024-10-01,6048,-17.903584097482547
test_01331,2024-11-01,6048,60.53297684196455
test_01331,2024-12-01,6048,33.67270932332629
test_01332,2024-07-01,2016,73.15085338350411
test_01332,2024-08-01,4032,15.986726627153002
test_01332,2024-09-01,6048,46.06385922882643
test_01332,2024-10-01,6048,-27.02198749183633
test_01332,2024-11-01,4032,77.23849859481943
test_01332,2024-12-01,2016,136.0907457420423
test_01333,2024-11-01,2016,30.699048946437784
test_01333,2024-12-01,4032,35.17015817850631
test_01334,2024-06-01,6048,0.0
test_01334,2024-07-01,6048,24.383617794501372
test_01334,2024-08-01,6048,10.657817751435335
test_01334,2024-09-01,6048,46.06385922882643
test_01335,2024-10-01,6048,-27.02198749183633
test_01335,2024-11-01,6048,61.72534871202556
test_01336,2024-12-01,6048,68.8103540330183
test_01337,2024-03-01,2016,0.0
test_01337,2024-04-01,4032,0.0
test_01337,2024-05-01,6048,0.0
test_01337,2024-06-01,6048,0.0
test_01337,2024-07-01,6048,24.383617794501372
test_01337,2024-08-01,6048,10.657817751435335
test_01337,2024-09-01,6048,46.06385922882643
test_01337,2024-10-01,6048,-27.02198749183633
test_01337,2024-11-01,6048,61.72534871202556
test_01337,2024-12-01,6048,68.8103540330183
test_01338,2024-07-01,2016,121.653628421707
test_01338,2024-08-01,4032,11.545750729335383
test_01338,2024-09-01,6048,47.36016124967115
test_01338,2024-10-01,6048,-29.882384362195967
test_01338,2024-11-01,4032,62.82393752893977
test_01338,2024-12-01,2016,50.00529544057565
test_01339,2024-11-01,2016,81.70545440060793
test_01339,2024-12-01,4032,60.68032428158275
test_01340,2024-06-01,6048,0.0
test_01340,2024-07-01,6048,40.55120947390233
test_01340,2024-08-01,6048,7.697167152890255
test_01340,2024-09-01,6048,47.36016124967115
test_01341,2024-10-01,6048,-29.882384362195967
test_01341,2024-11-01,6048,69.1177764861625
test_01342,2024-12-01,6048,57.12198133458039
test_01343,2024-03-01,2016,0.0
test_01343,2024-04-01,4032,0.0
test_01343,2024-05-01,6048,0.0
test_01343,2024-06-01,6048,0.0
test_01343,2024-07-01,6048,40.55120947390233
test_01343,2024-08-01,6048,7.697167152890255
test_01343,2024-09-01,6048,47.36016124967115
test_01343,2024-10-01,6048,-29.882384362195967
test_01343,2024-11-01,6048,69.1177764861625
test_01343,2024-12-01,6048,57.12198133458039
test_01344,2024-07-01,2016,117.070003088636
test_01344,2024-08-01,4032,16.46813253850407
test_01344,2024-09-01,6048,55.345117104976744
test_01344,2024-10-01,6048,-27.43118392391139
test_01344,2024-11-01,4032,105.13352966323474
test_01344,2024-12-01,2016,136.0907457420423
test_01345,2024-11-01,2016,135.6915910886301
test_01345,2024-12-01,4032,116.62245343323234
test_01346,2024-06-01,6048,0.0
test_01346,2024-07-01,6048,39.023334362878664
test_01346,2024-08-01,6048,10.978755025669379
test_01346,2024-09-01,6048,55.345117104976744
test_01347,2024-10-01,6048,-27.43118392391139
test_01347,2024-11-01,6048,115.31955013836651
test_01348,2024-12-01,6048,123.11188420283567
test_01349,2024-03-01,2016,0.0
test_01349,2024-04-01,4032,0.0
test_01349,2024-05-01,6048,0.0
test_01349,2024-06-01,6048,0.0
test_01349,2024-07-01,6048,39.023334362878664
test_01349,2024-08-01,6048,10.978755025669379
test_01349,2024-09-01,6048,55.345117104976744
test_01349,2024-10-01,6048,-27.43118392391139
test_01349,2024-11-01,6048,115.31955013836651
test_01349,2024-12-01,6048,123.11188420283567
test_01350,2024-07-01,2016,121.653628421707
test_01350,2024-08-01,4032,26.068699406981906
test_01350,2024-09-01,6048,56.406896219432575
test_01350,2024-10-01,6048,-29.076131160285218
test_01350,2024-11-01,4032,90.0407123207056
test_01350,2024-12-01,2016,103.44769983562585
test_01351,2024-11-01,2016,72.84289003807054
test_01351,2024-12-01,4032,96.0406941268979
test_01352,2024-06-01,6048,0.0
test_01352,2024-07-01,6048,40.55120947390233
test_01352,2024-08-01,6048,17.379132937987936
test_01352,2024-09-01,6048,56.406896219432575
test_01353,2024-10-01,6048,-29.076131160285218
test_01353,2024-11-01,6048,84.30810489316057
test_01354,2024-12-01,6048,98.50969602980723
test_01355,2024-03-01,2016,0.0
test_01355,2024-04-01,4032,0.0
test_01355,2024-05-01,6048,0.0
test_01355,2024-06-01,6048,0.0
test_01355,2024-07-01,6048,40.55120947390233
test_01355,2024-08-01,6048,17.379132937987936
test_01355,2024-09-01,6048,56.406896219432575
test_01355,2024-10-01,6048,-29.076131160285218
test_01355,2024-11-01,6048,84.30810489316057
test_01355,2024-12-01,6048,98.50969602980723
test_01356,2024-07-01,2016,53.7033364885335
test_01356,2024-08-01,4032,9.780021728945611
test_01356,2024-09-01,6048,26.27810747805544
test_01356,2024-10-01,6048,-4.840629439340444
test_01356,2024-11-01,4032,-1.6728879997776884
test_01356,2024-12-01,2016,-9.772146846133058
test_01357,2024-11-01,2016,34.47390041936321
test_01357,2024-12-01,4032,-4.496760058947556
test_01358,2024-06-01,6048,0.0
test_01358,2024-07-01,6048,17.901112162844502
test_01358,2024-08-01,6048,6.520014485963741
test_01358,2024-09-01,6048,26.27810747805544
test_01359,2024-10-01,6048,-4.840629439340444
test_01359,2024-11-01,6048,10.376041473269277
test_01360,2024-12-01,6048,-6.255222321342723
test_01361,2024-03-01,2016,0.0
test_01361,2024-04-01,4032,0.0
test_01361,2024-05-01,6048,0.0
test_01361,2024-06-01,6048,0.0
test_01361,2024-07-01,6048,17.901112162844502
test_01361,2024-08-01,6048,6.520014485963741
test_01361,2024-09-01,6048,26.27810747805544
test_01361,2024-10-01,6048,-4.840629439340444
test_01361,2024-11-01,6048,10.376041473269277
test_01361,2024-12-01,6048,-6.255222321342723
test_01362,2024-07-01,2016,22.43876289920988
test_01362,2024-08-01,4032,19.854788620538837
test_01362,2024-09-01,6048,33.371788258292185
test_01362,2024-10-01,6048,68.87828018744324
test_01362,2024-11-01,4032,26.25066854391823
test_01362,2024-12-01,2016,13.328306574190233
test_01363,2024-11-01,2016,6.5775060602484805
test_01363,2024-12-01,4032,111.68567929550574
test_01364,2024-06-01,6048,106.45239405414158
test_01364,2024-07-01,6048,42.35061424907902
test_01364,2024-08-01,6048,38.14272786721211
test_01364,2024-09-01,6048,33.371788258292185
test_01365,2024-10-01,6048,68.87828018744324
test_01365,2024-11-01,6048,19.692947716028314
test_01366,2024-12-01,6048,78.89988838840057
test_01367,2024-03-01,2016,-16.474179461883452
test_01367,2024-04-01,4032,155.91902134662087
test_01367,2024-05-01,6048,117.3104263326438
test_01368,2024-03-01,2016,-16.474179461883452
test_01368,2024-04-01,4032,155.91902134662087
test_01368,2024-05-01,6048,117.3104263326438
test_01368,2024-06-01,6048,106.45239405414158
test_01368,2024-07-01,6048,42.35061424907902
test_01368,2024-08-01,6048,38.14272786721211
test_01368,2024-09-01,6048,33.371788258292185
test_01368,2024-10-01,6048,68.87828018744324
test_01368,2024-11-01,6048,19.692947716028314
test_01368,2024-12-01,6048,78.89988838840057
test_01369,2024-07-01,2016,-12.1307632647282
test_01369,2024-08-01,4032,-4.687403856484037
test_01369,2024-09-01,6048,0.603397578062224
test_01369,2024-10-01,6048,-11.499814175274011
test_01369,2024-11-01,4032,-2.393667113373527
test_01369,2024-12-01,2016,8.220227817897943
test_01370,2024-11-01,2016,-5.182987756549959
test_01370,2024-12-01,4032,-26.54806733614981
test_01371,2024-06-01,6048,-13.387818464452382
test_01371,2024-07-01,6048,-5.797400911910982
test_01371,2024-08-01,6048,-6.320462892247318
test_01371,2024-09-01,6048,0.603397578062224
test_01372,2024-10-01,6048,-11.499814175274011
test_01372,2024-11-01,6048,-3.3234406610990037
test_01373,2024-12-01,6048,-14.958635618133892
test_01374,2024-03-01,2016,12.58698027259756
test_01374,2024-04-01,4032,-37.691578261761286
test_01374,2024-05-01,6048,-15.147315157534539
test_01375,2024-03-01,2016,12.58698027259756
test_01375,2024-04-01,4032,-37.691578261761286
test_01375,2024-05-01,6048,-15.147315157534539
test_01375,2024-06-01,6048,-13.387818464452382
test_01375,2024-07-01,6048,-5.797400911910982
test_01375,2024-08-01,6048,-6.320462892247318
test_01375,2024-09-01,6048,0.603397578062224
test_01375,2024-10-01,6048,-11.499814175274011
test_01375,2024-11-01,6048,-3.3234406610990037
test_01375,2024-12-01,6048,-14.958635618133892
test_01376,2024-07-01,2016,-3.2197150520924827
test_01376,2024-08-01,4032,35.478515238878444
test_01376,2024-09-01,6048,110.4040941140799
test_01376,2024-10-01,6048,20.43176263758305
test_01376,2024-11-01,4032,102.64319847727747
test_01376,2024-12-01,2016,41.17940502398
test_01377,2024-11-01,2016,68.99771857801005
test_01377,2024-12-01,4032,-73.43292275071424
test_01378,2024-06-01,6048,-74.89689642563835
test_01378,2024-07-01,6048,38.479350666168514
test_01378,2024-08-01,6048,36.79976495526591
test_01378,2024-09-01,6048,110.4040941140799
test_01379,2024-10-01,6048,20.43176263758305
test_01379,2024-11-01,6048,91.428038510855
test_01380,2024-12-01,6048,-35.22881349248282
test_01381,2024-03-01,2016,-31.773984257058515
test_01381,2024-04-01,4032,-254.69714098347188
test_01381,2024-05-01,6048,-111.1177236926545
test_01382,2024-03-01,2016,-31.773984257058515
test_01382,2024-04-01,4032,-254.69714098347188
test_01382,2024-05-01,6048,-111.1177236926545
test_01382,2024-06-01,6048,-74.89689642563835
test_01382,2024-07-01,6048,38.479350666168514
test_01382,2024-08-01,6048,36.79976495526591
test_01382,2024-09-01,6048,110.4040941140799
test_01382,2024-10-01,6048,20.43176263758305
test_01382,2024-11-01,6048,91.428038510855
test_01382,2024-12-01,6048,-35.22881349248282
test_01383,2024-09-01,64,-108.57364193585124
test_01383,2024-10-01,64,81.54310760863899
test_01383,2024-11-01,64,-70.07595470846962
test_01384,2024-06-01,64,-260.69765420423926
test_01384,2024-07-01,64,-381.2614559835911
test_01384,2024-08-01,64,-104.36207454731203
test_01384,2024-09-01,64,-108.57364193585124
test_01385,2024-10-01,64,81.54310760863899
test_01385,2024-11-01,64,-70.07595470846962
test_01386,2024-06-01,64,-260.69765420423926
test_01386,2024-07-01,64,-381.2614559835911
test_01386,2024-08-01,64,-104.36207454731203
test_01386,2024-09-01,64,-108.57364193585124
test_01386,2024-10-01,64,81.54310760863899
test_01386,2024-11-01,64,-70.07595470846962
test_01387,2024-09-01,256,-47.76799355010595
test_01387,2024-10-01,256,19.154183584718005
test_01387,2024-11-01,256,-54.215741882686125
test_01388,2024-06-01,256,-117.77186762261601
test_01388,2024-07-01,256,-147.20545918915084
test_01388,2024-08-01,256,-54.070272747408836
test_01388,2024-09-01,256,-47.76799355010595
test_01389,2024-10-01,256,19.154183584718005
test_01389,2024-11-01,256,-54.215741882686125
test_01390,2024-06-01,256,-117.77186762261601
test_01390,2024-07-01,256,-147.20545918915084
test_01390,2024-08-01,256,-54.070272747408836
test_01390,2024-09-01,256,-47.76799355010595
test_01390,2024-10-01,256,19.154183584718005
test_01390,2024-11-01,256,-54.215741882686125
test_01391,2024-06-01,8,-4056.7936276555183
test_01391,2024-07-01,8,-2543.1133690361635
test_01391,2024-08-01,8,-3755.183500054722
test_01392,2024-06-01,8,-4056.7936276555183
test_01392,2024-07-01,8,-2543.1133690361635
test_01392,2024-08-01,8,-3755.183500054722
test_01393,2024-11-01,8,-636.2481461055227
test_01394,2024-11-01,8,-636.2481461055227
test_01395,2024-07-01,2016,485.7877863754462
test_01395,2024-08-01,4032,658.1429038896102
test_01395,2024-09-01,6048,555.0712358110219
test_01395,2024-10-01,6048,175.22615760749872
test_01395,2024-11-01,4032,155.74763202648683
test_01395,2024-12-01,2016,5676.631942920656
test_01396,2024-11-01,2016,-238.4951638865763
test_01396,2024-12-01,4032,4855.024666918856
test_01397,2024-06-01,6048,1165.0607135160642
test_01397,2024-07-01,6048,991.4622330015435
test_01397,2024-08-01,6048,940.5990751261394
test_01397,2024-09-01,6048,555.0712358110219
test_01398,2024-10-01,6048,175.22615760749872
test_01398,2024-11-01,6048,24.33336672213245
test_01399,2024-12-01,6048,5128.893758919456
test_01400,2024-03-01,2016,2702.366207347566
test_01400,2024-04-01,4032,392.5136251139845
test_01400,2024-05-01,6048,1186.4981139842332
test_01401,2024-03-01,2016,2702.366207347566
test_01401,2024-04-01,4032,392.5136251139845
test_01401,2024-05-01,6048,1186.4981139842332
test_01401,2024-06-01,6048,1165.0607135160642
test_01401,2024-07-01,6048,991.4622330015435
test_01401,2024-08-01,6048,940.5990751261394
test_01401,2024-09-01,6048,555.0712358110219
test_01401,2024-10-01,6048,175.22615760749872
test_01401,2024-11-01,6048,24.33336672213245
test_01401,2024-12-01,6048,5128.893758919456
test_01402,2024-12-01,2016,5051.215618504119
test_01403,2024-08-01,2016,3463.253703579188
test_01403,2024-09-01,2016,498.93116588381304
test_01404,2024-10-01,2016,840.8575048993832
test_01404,2024-11-01,2016,432.0585437774759
test_01405,2024-12-01,2016,5051.215618504119
test_01406,2024-08-01,2016,3463.253703579188
test_01406,2024-09-01,2016,498.93116588381304
test_01406,2024-10-01,2016,840.8575048993832
test_01406,2024-11-01,2016,432.0585437774759
test_01406,2024-12-01,2016,5051.215618504119
test_01407,2024-07-01,2016,527.6939017105776
test_01407,2024-08-01,4032,698.5822497186808
test_01407,2024-09-01,6048,546.2269171183755
test_01407,2024-10-01,6048,170.36486920379087
test_01407,2024-11-01,4032,154.159539404184
test_01407,2024-12-01,2016,5625.766785081804
test_01408,2024-11-01,2016,-228.75901886704506
test_01408,2024-12-01,4032,4842.2381412530885
test_01409,2024-06-01,6048,1152.561992993784
test_01409,2024-07-01,6048,1021.480111296796
test_01409,2024-08-01,6048,984.1421806401006
test_01409,2024-09-01,6048,546.2269171183755
test_01410,2024-10-01,6048,170.36486920379087
test_01410,2024-11-01,6048,26.520019980440985
test_01411,2024-12-01,6048,5103.41435586266
test_01412,2024-03-01,2016,2670.457295536585
test_01412,2024-04-01,4032,372.76128446418295
test_01412,2024-05-01,6048,1148.5980409681017
test_01413,2024-03-01,2016,2670.457295536585
test_01413,2024-04-01,4032,372.76128446418295
test_01413,2024-05-01,6048,1148.5980409681017
test_01413,2024-06-01,6048,1152.561992993784
test_01413,2024-07-01,6048,1021.480111296796
test_01413,2024-08-01,6048,984.1421806401006
test_01413,2024-09-01,6048,546.2269171183755
test_01413,2024-10-01,6048,170.36486920379087
test_01413,2024-11-01,6048,26.520019980440985
test_01413,2024-12-01,6048,5103.41435586266
test_01414,2024-12-01,2016,4991.3455812436105
test_01415,2024-08-01,2016,3439.899273395656
test_01415,2024-09-01,2016,457.07689700747994
test_01416,2024-10-01,2016,780.0872141007721
test_01416,2024-11-01,2016,457.950419029367
test_01417,2024-12-01,2016,4991.3455812436105
test_01418,2024-08-01,2016,3439.899273395656
test_01418,2024-09-01,2016,457.07689700747994
test_01418,2024-10-01,2016,780.0872141007721
test_01418,2024-11-01,2016,457.950419029367
test_01418,2024-12-01,2016,4991.3455812436105
test_01419,2024-07-01,2016,119.34921262157472
test_01419,2024-08-01,4032,91.24197173570023
test_01419,2024-09-01,6048,80.88547302143424
test_01419,2024-10-01,6048,316.7413123405351
test_01419,2024-11-01,4032,18.326739764895564
test_01419,2024-12-01,2016,67.54979613702662
test_01420,2024-11-01,2016,-54.37093294732688
test_01420,2024-12-01,4032,302.2741825802253
test_01421,2024-06-01,6048,188.35129419305463
test_01421,2024-07-01,6048,552.742634188054
test_01421,2024-08-01,6048,141.59477609884036
test_01421,2024-09-01,6048,80.88547302143424
test_01422,2024-10-01,6048,316.7413123405351
test_01422,2024-11-01,6048,-5.905817805845251
test_01423,2024-12-01,6048,224.0327204324924
test_01424,2024-03-01,2016,111.58690736688527
test_01424,2024-04-01,4032,306.6838032922184
test_01424,2024-05-01,6048,267.2645127035271
test_01425,2024-03-01,2016,111.58690736688527
test_01425,2024-04-01,4032,306.6838032922184
test_01425,2024-05-01,6048,267.2645127035271
test_01425,2024-06-01,6048,188.35129419305463
test_01425,2024-07-01,6048,552.742634188054
test_01425,2024-08-01,6048,141.59477609884036
test_01425,2024-09-01,6048,80.88547302143424
test_01425,2024-10-01,6048,316.7413123405351
test_01425,2024-11-01,6048,-5.905817805845251
test_01425,2024-12-01,6048,224.0327204324924
test_01426,2024-12-01,2016,259.1686500818979
test_01427,2024-08-01,2016,453.4356532318923
test_01427,2024-09-01,2016,-249.10229353541953
test_01428,2024-10-01,2016,770.949227295882
test_01428,2024-11-01,2016,-14.244833380912281
test_01429,2024-12-01,2016,259.1686500818979
test_01430,2024-08-01,2016,453.4356532318923
test_01430,2024-09-01,2016,-249.10229353541953
test_01430,2024-10-01,2016,770.949227295882
test_01430,2024-11-01,2016,-14.244833380912281
test_01430,2024-12-01,2016,259.1686500818979
test_01431,2024-07-01,2016,588.5448935803073
test_01431,2024-08-01,4032,806.4119025352111
test_01431,2024-09-01,6048,494.9887495423173
test_01431,2024-10-01,6048,182.86784943098374
test_01431,2024-11-01,4032,160.3740903307558
test_01431,2024-12-01,2016,5620.712329612279
test_01432,2024-11-01,2016,-207.9803255619235
test_01432,2024-12-01,4032,4918.414614477063
test_01433,2024-06-01,6048,1230.8317456173272
test_01433,2024-07-01,6048,1101.5085435070825
test_01433,2024-08-01,6048,1080.0241875729193
test_01433,2024-09-01,6048,494.9887495423173
test_01434,2024-10-01,6048,182.86784943098374
test_01434,2024-11-01,6048,37.58928503319603
test_01435,2024-12-01,6048,5152.513852855468
test_01436,2024-03-01,2016,2671.865168781098
test_01436,2024-04-01,4032,448.6995224567269
test_01436,2024-05-01,6048,1190.466016112261
test_01437,2024-03-01,2016,2671.865168781098
test_01437,2024-04-01,4032,448.6995224567269
test_01437,2024-05-01,6048,1190.466016112261
test_01437,2024-06-01,6048,1230.8317456173272
test_01437,2024-07-01,6048,1101.5085435070825
test_01437,2024-08-01,6048,1080.0241875729193
test_01437,2024-09-01,6048,494.9887495423173
test_01437,2024-10-01,6048,182.86784943098374
test_01437,2024-11-01,6048,37.58928503319603
test_01437,2024-12-01,6048,5152.513852855468
test_01438,2024-12-01,2016,4955.149016069689
test_01439,2024-08-01,2016,3427.588664032282
test_01439,2024-09-01,2016,492.02691551178924
test_01440,2024-10-01,2016,779.2687786740298
test_01440,2024-11-01,2016,499.9604864393063
test_01441,2024-12-01,2016,4955.149016069689
test_01442,2024-08-01,2016,3427.588664032282
test_01442,2024-09-01,2016,492.02691551178924
test_01442,2024-10-01,2016,779.2687786740298
test_01442,2024-11-01,2016,499.9604864393063
test_01442,2024-12-01,2016,4955.149016069689
test_01443,2024-06-01,8,827.5802040402145
test_01443,2024-07-01,8,718.4021029401965
test_01443,2024-08-01,8,2405.1757152548553
test_01444,2024-06-01,8,827.5802040402145
test_01444,2024-07-01,8,718.4021029401965
test_01444,2024-08-01,8,2405.1757152548553
test_01445,2024-11-01,8,1283.9557842113913
test_01446,2024-11-01,8,1283.9557842113913
test_01447,2024-07-01,2016,-0.1641321373910455
test_01447,2024-08-01,4032,-0.23424664867403924
test_01447,2024-09-01,6048,-0.3726242087945696
test_01447,2024-10-01,6048,0.41302685694993685
test_01447,2024-11-01,4032,-0.7407034041852029
test_01447,2024-12-01,2016,-1.4777478612560742
test_01448,2024-11-01,2016,-0.2631557773985757
test_01448,2024-12-01,4032,-0.33407547366019413
test_01449,2024-06-01,6048,0.31778816334561183
test_01449,2024-07-01,6048,-0.08423202917367689
test_01449,2024-08-01,6048,-0.20564057817212147
test_01449,2024-09-01,6048,-0.3726242087945696
test_01450,2024-10-01,6048,0.41302685694993685
test_01450,2024-11-01,6048,-0.5815208619229938
test_01451,2024-12-01,6048,-0.7152996028588208
test_01452,2024-03-01,2016,0.1270029598697943
test_01452,2024-04-01,4032,0.31161851303080756
test_01452,2024-05-01,6048,0.3175560043737993
test_01453,2024-03-01,2016,0.1270029598697943
test_01453,2024-04-01,4032,0.31161851303080756
test_01453,2024-05-01,6048,0.3175560043737993
test_01453,2024-06-01,6048,0.31778816334561183
test_01453,2024-07-01,6048,-0.08423202917367689
test_01453,2024-08-01,6048,-0.20564057817212147
test_01453,2024-09-01,6048,-0.3726242087945696
test_01453,2024-10-01,6048,0.41302685694993685
test_01453,2024-11-01,6048,-0.5815208619229938
test_01453,2024-12-01,6048,-0.7152996028588208
test_01454,2024-07-01,2016,5.857228622876928
test_01454,2024-08-01,4032,1.446215191501419
test_01454,2024-09-01,6048,-0.782515328003233
test_01454,2024-10-01,6048,-0.47504509165291614
test_01454,2024-11-01,4032,-0.8104559537214083
test_01454,2024-12-01,2016,0.9516220871402697
test_01455,2024-11-01,2016,2.3589325148337252
test_01455,2024-12-01,4032,2.55768969656238
test_01456,2024-06-01,6048,-2.9143041161228274
test_01456,2024-07-01,6048,1.9367580249839822
test_01456,2024-08-01,6048,0.707238613462676
test_01456,2024-09-01,6048,-0.782515328003233
test_01457,2024-10-01,6048,-0.47504509165291614
test_01457,2024-11-01,6048,0.24600686913030287
test_01458,2024-12-01,6048,2.02233382675501
test_01459,2024-03-01,2016,6.792814148016422
test_01459,2024-04-01,4032,18.932930532611945
test_01459,2024-05-01,6048,1.287674904423126
test_01460,2024-03-01,2016,6.792814148016422
test_01460,2024-04-01,4032,18.932930532611945
test_01460,2024-05-01,6048,1.287674904423126
test_01460,2024-06-01,6048,-2.9143041161228274
test_01460,2024-07-01,6048,1.9367580249839822
test_01460,2024-08-01,6048,0.707238613462676
test_01460,2024-09-01,6048,-0.782515328003233
test_01460,2024-10-01,6048,-0.47504509165291614
test_01460,2024-11-01,6048,0.24600686913030287
test_01460,2024-12-01,6048,2.02233382675501
test_01461,2024-07-01,2016,6.091416120467513
test_01461,2024-08-01,4032,1.7291843519208625
test_01461,2024-09-01,6048,-0.3637810752858695
test_01461,2024-10-01,6048,-0.8771454670973131
test_01461,2024-11-01,4032,-0.08756097570244809
test_01461,2024-12-01,2016,2.442581523077791
test_01462,2024-11-01,2016,2.664336977945123
test_01462,2024-12-01,4032,2.929839759772639
test_01463,2024-06-01,6048,-3.2539912124550963
test_01463,2024-07-01,6048,2.039924619906714
test_01463,2024-08-01,6048,0.9394835690907125
test_01463,2024-09-01,6048,-0.3637810752858695
test_01464,2024-10-01,6048,-0.8771454670973131
test_01464,2024-11-01,6048,0.8297383421800757
test_01465,2024-12-01,6048,2.767420347541023
test_01466,2024-03-01,2016,6.695260546725579
test_01466,2024-04-01,4032,18.744357636386628
test_01466,2024-05-01,6048,1.0212589705118105
test_01467,2024-03-01,2016,6.695260546725579
test_01467,2024-04-01,4032,18.744357636386628
test_01467,2024-05-01,6048,1.0212589705118105
test_01467,2024-06-01,6048,-3.2539912124550963
test_01467,2024-07-01,6048,2.039924619906714
test_01467,2024-08-01,6048,0.9394835690907125
test_01467,2024-09-01,6048,-0.3637810752858695
test_01467,2024-10-01,6048,-0.8771454670973131
test_01467,2024-11-01,6048,0.8297383421800757
test_01467,2024-12-01,6048,2.767420347541023
test_01468,2024-07-01,2016,-15.558433279983554
test_01468,2024-08-01,4032,-10.178669751861397
test_01468,2024-09-01,6048,-20.923451693569298
test_01468,2024-10-01,6048,15.208032074093559
test_01468,2024-11-01,4032,-24.50079922989629
test_01468,2024-12-01,2016,-38.45006394298357
test_01469,2024-11-01,2016,-11.673026892816665
test_01469,2024-12-01,4032,5.245327449214059
test_01470,2024-06-01,6048,4.760455696231224
test_01470,2024-07-01,6048,-5.078318646646626
test_01470,2024-08-01,6048,-7.492848437201551
test_01470,2024-09-01,6048,-20.923451693569298
test_01471,2024-10-01,6048,15.208032074093559
test_01471,2024-11-01,6048,-20.224875117536417
test_01472,2024-12-01,6048,-9.319803014851818
test_01473,2024-03-01,2016,27.407396504677806
test_01473,2024-04-01,4032,27.355309171489733
test_01473,2024-05-01,6048,3.3033290880004196
test_01474,2024-03-01,2016,27.407396504677806
test_01474,2024-04-01,4032,27.355309171489733
test_01474,2024-05-01,6048,3.3033290880004196
test_01474,2024-06-01,6048,4.760455696231224
test_01474,2024-07-01,6048,-5.078318646646626
test_01474,2024-08-01,6048,-7.492848437201551
test_01474,2024-09-01,6048,-20.923451693569298
test_01474,2024-10-01,6048,15.208032074093559
test_01474,2024-11-01,6048,-20.224875117536417
test_01474,2024-12-01,6048,-9.319803014851818
test_01475,2024-07-01,2016,-8.491850399837018
test_01475,2024-08-01,4032,-5.976894676309546
test_01475,2024-09-01,6048,-11.978774781639277
test_01475,2024-10-01,6048,8.67604717379327
test_01475,2024-11-01,4032,-15.483119146204114
test_01475,2024-12-01,2016,-24.225940097484102
test_01476,2024-11-01,2016,-9.63975760970982
test_01476,2024-12-01,4032,-1.7909109206003384
test_01477,2024-06-01,6048,2.7467735565727125
test_01477,2024-07-01,6048,-2.8833784048353204
test_01477,2024-08-01,6048,-4.4165072814003885
test_01477,2024-09-01,6048,-11.978774781639277
test_01478,2024-10-01,6048,8.67604717379327
test_01478,2024-11-01,6048,-13.535331967372684
test_01479,2024-12-01,6048,-9.269253979561594
test_01480,2024-03-01,2016,13.858770517663208
test_01480,2024-04-01,4032,14.033073719199777
test_01480,2024-05-01,6048,1.8478631977680071
test_01481,2024-03-01,2016,13.858770517663208
test_01481,2024-04-01,4032,14.033073719199777
test_01481,2024-05-01,6048,1.8478631977680071
test_01481,2024-06-01,6048,2.7467735565727125
test_01481,2024-07-01,6048,-2.8833784048353204
test_01481,2024-08-01,6048,-4.4165072814003885
test_01481,2024-09-01,6048,-11.978774781639277
test_01481,2024-10-01,6048,8.67604717379327
test_01481,2024-11-01,6048,-13.535331967372684
test_01481,2024-12-01,6048,-9.269253979561594
test_01482,2024-07-01,2016,-15.587675846244341
test_01482,2024-08-01,4032,-10.239883400596288
test_01482,2024-09-01,6048,-20.944331489740517
test_01482,2024-10-01,6048,15.305573239266332
test_01482,2024-11-01,4032,-24.517633055963508
test_01482,2024-12-01,2016,-38.560034157862916
test_01483,2024-11-01,2016,-11.50045060078974
test_01483,2024-12-01,4032,5.48227948507326
test_01484,2024-06-01,6048,4.97683868443306
test_01484,2024-07-01,6048,-5.097321615826039
test_01484,2024-08-01,6048,-7.553829360300706
test_01484,2024-09-01,6048,-20.944331489740517
test_01485,2024-10-01,6048,15.305573239266332
test_01485,2024-11-01,6048,-20.178572237572254
test_01486,2024-12-01,6048,-9.198491729238798
test_01487,2024-03-01,2016,27.39754521945683
test_01487,2024-04-01,4032,27.496866997813207
test_01487,2024-05-01,6048,3.466791043317607
test_01488,2024-03-01,2016,27.39754521945683
test_01488,2024-04-01,4032,27.496866997813207
test_01488,2024-05-01,6048,3.466791043317607
test_01488,2024-06-01,6048,4.97683868443306
test_01488,2024-07-01,6048,-5.097321615826039
test_01488,2024-08-01,6048,-7.553829360300706
test_01488,2024-09-01,6048,-20.944331489740517
test_01488,2024-10-01,6048,15.305573239266332
test_01488,2024-11-01,6048,-20.178572237572254
test_01488,2024-12-01,6048,-9.198491729238798
test_01489,2024-07-01,2016,-14.757845790189656
test_01489,2024-08-01,4032,-10.677044632702833
test_01489,2024-09-01,6048,-23.015065899656005
test_01489,2024-10-01,6048,14.466571040927407
test_01489,2024-11-01,4032,-25.5240293841306
test_01489,2024-12-01,2016,-38.14607415441103
test_01490,2024-11-01,2016,-9.742017401224414
test_01490,2024-12-01,4032,6.2441617432575045
test_01491,2024-06-01,6048,3.203407359246593
test_01491,2024-07-01,6048,-4.893621902525117
test_01491,2024-08-01,6048,-7.8669736261288605
test_01491,2024-09-01,6048,-23.015065899656005
test_01492,2024-10-01,6048,14.466571040927407
test_01492,2024-11-01,6048,-20.263358723161872
test_01493,2024-12-01,6048,-8.55258355596534
test_01494,2024-03-01,2016,29.718902885314645
test_01494,2024-04-01,4032,32.77658318687648
test_01494,2024-05-01,6048,2.381865309444585
test_01495,2024-03-01,2016,29.718902885314645
test_01495,2024-04-01,4032,32.77658318687648
test_01495,2024-05-01,6048,2.381865309444585
test_01495,2024-06-01,6048,3.203407359246593
test_01495,2024-07-01,6048,-4.893621902525117
test_01495,2024-08-01,6048,-7.8669736261288605
test_01495,2024-09-01,6048,-23.015065899656005
test_01495,2024-10-01,6048,14.466571040927407
test_01495,2024-11-01,6048,-20.263358723161872
test_01495,2024-12-01,6048,-8.55258355596534
test_01496,2024-07-01,2016,-14.71105207978247
test_01496,2024-08-01,4032,-10.600815446975213
test_01496,2024-09-01,6048,-22.96632985871843
test_01496,2024-10-01,6048,14.37883708039927
test_01496,2024-11-01,4032,-25.49995978440576
test_01496,2024-12-01,2016,-38.03983428496644
test_01497,2024-11-01,2016,-9.919104785691784
test_01497,2024-12-01,4032,5.995041525719692
test_01498,2024-06-01,6048,2.9653324288508873
test_01498,2024-07-01,6048,-4.867361468257318
test_01498,2024-08-01,6048,-7.795888498115313
test_01498,2024-09-01,6048,-22.96632985871843
test_01499,2024-10-01,6048,14.37883708039927
test_01499,2024-11-01,6048,-20.306341451501105
test_01500,2024-12-01,6048,-8.683250411175687
test_01501,2024-03-01,2016,29.733004786690007
test_01501,2024-04-01,4032,32.65806684085243
test_01501,2024-05-01,6048,2.228563409750454
test_01502,2024-03-01,2016,29.733004786690007
test_01502,2024-04-01,4032,32.65806684085243
test_01502,2024-05-01,6048,2.228563409750454
test_01502,2024-06-01,6048,2.9653324288508873
test_01502,2024-07-01,6048,-4.867361468257318
test_01502,2024-08-01,6048,-7.795888498115313
test_01502,2024-09-01,6048,-22.96632985871843
test_01502,2024-10-01,6048,14.37883708039927
test_01502,2024-11-01,6048,-20.306341451501105
test_01502,2024-12-01,6048,-8.683250411175687
test_01503,2024-07-01,2016,15.469809518393214
test_01503,2024-08-01,4032,9.889891941552703
test_01503,2024-09-01,6048,20.329739897392184
test_01503,2024-10-01,6048,-14.274443077573656
test_01503,2024-11-01,4032,23.007849516475726
test_01503,2024-12-01,2016,35.36574495994787
test_01504,2024-11-01,2016,11.432475037004421
test_01504,2024-12-01,4032,-6.15435303183312
test_01505,2024-06-01,6048,-4.300468521012681
test_01505,2024-07-01,6048,4.993778985041002
test_01505,2024-08-01,6048,7.2479273951028205
test_01505,2024-09-01,6048,20.329739897392184
test_01506,2024-10-01,6048,-14.274443077573656
test_01506,2024-11-01,6048,19.14939135665196
test_01507,2024-12-01,6048,7.685679632093877
test_01508,2024-03-01,2016,-27.171419966926308
test_01508,2024-04-01,4032,-26.84078342711496
test_01508,2024-05-01,6048,-3.0019475403046387
test_01509,2024-03-01,2016,-27.171419966926308
test_01509,2024-04-01,4032,-26.84078342711496
test_01509,2024-05-01,6048,-3.0019475403046387
test_01509,2024-06-01,6048,-4.300468521012681
test_01509,2024-07-01,6048,4.993778985041002
test_01509,2024-08-01,6048,7.2479273951028205
test_01509,2024-09-01,6048,20.329739897392184
test_01509,2024-10-01,6048,-14.274443077573656
test_01509,2024-11-01,6048,19.14939135665196
test_01509,2024-12-01,6048,7.685679632093877
test_01510,2024-07-01,2016,14.27509598993457
test_01510,2024-08-01,4032,8.51285738308194
test_01510,2024-09-01,6048,17.22749761269859
test_01510,2024-10-01,6048,-10.70171554313573
test_01510,2024-11-01,4032,15.914279697037417
test_01510,2024-12-01,2016,23.112058909390438
test_01511,2024-11-01,2016,3.6155634540624306
test_01511,2024-12-01,4032,-15.642670088916951
test_01512,2024-06-01,6048,-3.0705146373827708
test_01512,2024-07-01,6048,4.3774429645663755
test_01512,2024-08-01,6048,6.17019800618
test_01512,2024-09-01,6048,17.22749761269859
test_01513,2024-10-01,6048,-10.70171554313573
test_01513,2024-11-01,6048,11.814707616045755
test_01514,2024-12-01,6048,-2.7244270894811553
test_01515,2024-03-01,2016,-26.474955746492657
test_01515,2024-04-01,4032,-25.615419415830363
test_01515,2024-05-01,6048,-2.257388577188433
test_01516,2024-03-01,2016,-26.474955746492657
test_01516,2024-04-01,4032,-25.615419415830363
test_01516,2024-05-01,6048,-2.257388577188433
test_01516,2024-06-01,6048,-3.0705146373827708
test_01516,2024-07-01,6048,4.3774429645663755
test_01516,2024-08-01,6048,6.17019800618
test_01516,2024-09-01,6048,17.22749761269859
test_01516,2024-10-01,6048,-10.70171554313573
test_01516,2024-11-01,6048,11.814707616045755
test_01516,2024-12-01,6048,-2.7244270894811553
test_01517,2024-07-01,2016,15.30567738100217
test_01517,2024-08-01,4032,9.655645292878663
test_01517,2024-09-01,6048,19.957115688597614
test_01517,2024-10-01,6048,-13.861416220623719
test_01517,2024-11-01,4032,22.267146112290522
test_01517,2024-12-01,2016,33.8879970986918
test_01518,2024-11-01,2016,11.169319259605844
test_01518,2024-12-01,4032,-6.488428505493314
test_01519,2024-06-01,6048,-3.98268035766707
test_01519,2024-07-01,6048,4.9095469558673255
test_01519,2024-08-01,6048,7.0422868169307
test_01519,2024-09-01,6048,19.957115688597614
test_01520,2024-10-01,6048,-13.861416220623719
test_01520,2024-11-01,6048,18.567870494728965
test_01521,2024-12-01,6048,6.970380029235057
test_01522,2024-03-01,2016,-27.044417007056513
test_01522,2024-04-01,4032,-26.529164914084152
test_01522,2024-05-01,6048,-2.6843915359308395
test_01523,2024-03-01,2016,-27.044417007056513
test_01523,2024-04-01,4032,-26.529164914084152
test_01523,2024-05-01,6048,-2.6843915359308395
test_01523,2024-06-01,6048,-3.98268035766707
test_01523,2024-07-01,6048,4.9095469558673255
test_01523,2024-08-01,6048,7.0422868169307
test_01523,2024-09-01,6048,19.957115688597614
test_01523,2024-10-01,6048,-13.861416220623719
test_01523,2024-11-01,6048,18.567870494728965
test_01523,2024-12-01,6048,6.970380029235057
test_01524,2024-07-01,2016,21.327038141270144
test_01524,2024-08-01,4032,11.33610713305412
test_01524,2024-09-01,6048,19.547224569388952
test_01524,2024-10-01,6048,-14.749488169226574
test_01524,2024-11-01,4032,22.197393562754318
test_01524,2024-12-01,2016,36.31736704708815
test_01525,2024-11-01,2016,13.791407551838144
test_01525,2024-12-01,4032,-3.59666333527074
test_01526,2024-06-01,6048,-7.21477263713551
test_01526,2024-07-01,6048,6.9305370100249855
test_01526,2024-08-01,6048,7.955166008565496
test_01526,2024-09-01,6048,19.547224569388952
test_01527,2024-10-01,6048,-14.749488169226574
test_01527,2024-11-01,6048,19.395398225782262
test_01528,2024-12-01,6048,9.708013458848887
test_01529,2024-03-01,2016,-20.378605818909882
test_01529,2024-04-01,4032,-7.907852894503017
test_01529,2024-05-01,6048,-1.7142726358815128
test_01530,2024-03-01,2016,-20.378605818909882
test_01530,2024-04-01,4032,-7.907852894503017
test_01530,2024-05-01,6048,-1.7142726358815128
test_01530,2024-06-01,6048,-7.21477263713551
test_01530,2024-07-01,6048,6.9305370100249855
test_01530,2024-08-01,6048,7.955166008565496
test_01530,2024-09-01,6048,19.547224569388952
test_01530,2024-10-01,6048,-14.749488169226574
test_01530,2024-11-01,6048,19.395398225782262
test_01530,2024-12-01,6048,9.708013458848887
test_01531,2024-07-01,2016,21.56122563886073
test_01531,2024-08-01,4032,11.619076293473563
test_01531,2024-09-01,6048,19.965958822106316
test_01531,2024-10-01,6048,-15.15158854467097
test_01531,2024-11-01,4032,22.92028854077328
test_01531,2024-12-01,2016,37.80832648302567
test_01532,2024-11-01,2016,14.096812014949545
test_01532,2024-12-01,4032,-3.224513272060481
test_01533,2024-06-01,6048,-7.554459733467778
test_01533,2024-07-01,6048,7.033703604947716
test_01533,2024-08-01,6048,8.187410964193534
test_01533,2024-09-01,6048,19.965958822106316
test_01534,2024-10-01,6048,-15.15158854467097
test_01534,2024-11-01,6048,19.979129698832036
test_01535,2024-12-01,6048,10.4530999796349
test_01536,2024-03-01,2016,-20.476159420200727
test_01536,2024-04-01,4032,-8.096425790728333
test_01536,2024-05-01,6048,-1.980688569792828
test_01537,2024-03-01,2016,-20.476159420200727
test_01537,2024-04-01,4032,-8.096425790728333
test_01537,2024-05-01,6048,-1.980688569792828
test_01537,2024-06-01,6048,-7.554459733467778
test_01537,2024-07-01,6048,7.033703604947716
test_01537,2024-08-01,6048,8.187410964193534
test_01537,2024-09-01,6048,19.965958822106316
test_01537,2024-10-01,6048,-15.15158854467097
test_01537,2024-11-01,6048,19.979129698832036
test_01537,2024-12-01,6048,10.4530999796349
test_01538,2024-07-01,2016,-0.08862376159033775
test_01538,2024-08-01,4032,-0.2887778103086941
test_01538,2024-09-01,6048,-0.5937117961771127
test_01538,2024-10-01,6048,0.9335889965199031
test_01538,2024-11-01,4032,-1.492949713420565
test_01538,2024-12-01,2016,-3.0843189830357005
test_01539,2024-11-01,2016,-0.2405518558122446
test_01539,2024-12-01,4032,-0.9090255826190609
test_01540,2024-06-01,6048,0.4599871752185427
test_01540,2024-07-01,6048,-0.08453966160562378
test_01540,2024-08-01,6048,-0.24492104209872995
test_01540,2024-09-01,6048,-0.5937117961771127
test_01541,2024-10-01,6048,0.9335889965199031
test_01541,2024-11-01,6048,-1.075483760884458
test_01542,2024-12-01,6048,-1.6341233827579407
test_01543,2024-03-01,2016,0.23597653775149977
test_01543,2024-04-01,4032,0.514525744374769
test_01543,2024-05-01,6048,0.3013815476957809
test_01544,2024-03-01,2016,0.23597653775149977
test_01544,2024-04-01,4032,0.514525744374769
test_01544,2024-05-01,6048,0.3013815476957809
test_01544,2024-06-01,6048,0.4599871752185427
test_01544,2024-07-01,6048,-0.08453966160562378
test_01544,2024-08-01,6048,-0.24492104209872995
test_01544,2024-09-01,6048,-0.5937117961771127
test_01544,2024-10-01,6048,0.9335889965199031
test_01544,2024-11-01,6048,-1.075483760884458
test_01544,2024-12-01,6048,-1.6341233827579407
test_01545,2024-07-01,2016,6.9779591185562
test_01545,2024-08-01,4032,3.9129972652431557
test_01545,2024-09-01,6048,8.350965115752905
test_01545,2024-10-01,6048,-5.5983959037803865
test_01545,2024-11-01,4032,7.524730370271613
test_01545,2024-12-01,2016,11.139804862463768
test_01546,2024-11-01,2016,1.7927174272945998
test_01546,2024-12-01,4032,-7.945263952433458
test_01547,2024-06-01,6048,-1.553694964439969
test_01547,2024-07-01,6048,2.1104005802056824
test_01547,2024-08-01,6048,2.8314201137024315
test_01547,2024-09-01,6048,8.350965115752905
test_01548,2024-10-01,6048,-5.5983959037803865
test_01548,2024-11-01,6048,5.614059389279276
test_01549,2024-12-01,6048,-1.5835743474677162
test_01550,2024-03-01,2016,-13.312649449263098
test_01550,2024-04-01,4032,-12.807709707915183
test_01550,2024-05-01,6048,-1.1540843425366314
test_01551,2024-03-01,2016,-13.312649449263098
test_01551,2024-04-01,4032,-12.807709707915183
test_01551,2024-05-01,6048,-1.1540843425366314
test_01551,2024-06-01,6048,-1.553694964439969
test_01551,2024-07-01,6048,2.1104005802056824
test_01551,2024-08-01,6048,2.8314201137024315
test_01551,2024-09-01,6048,8.350965115752905
test_01551,2024-10-01,6048,-5.5983959037803865
test_01551,2024-11-01,6048,5.614059389279276
test_01551,2024-12-01,6048,-1.5835743474677162
test_01552,2024-07-01,2016,-0.11786632785112527
test_01552,2024-08-01,4032,-0.349991459043585
test_01552,2024-09-01,6048,-0.6145915923483306
test_01552,2024-10-01,6048,1.0311301616926756
test_01552,2024-11-01,4032,-1.509783539487782
test_01552,2024-12-01,2016,-3.1942891979150456
test_01553,2024-11-01,2016,-0.0679755637853216
test_01553,2024-12-01,4032,-0.6720735467598598
test_01554,2024-06-01,6048,0.6763701634203784
test_01554,2024-07-01,6048,-0.10354263078503635
test_01554,2024-08-01,6048,-0.3059019651978856
test_01554,2024-09-01,6048,-0.6145915923483306
test_01555,2024-10-01,6048,1.0311301616926756
test_01555,2024-11-01,6048,-1.0291808809202951
test_01556,2024-12-01,6048,-1.5128120971449217
test_01557,2024-03-01,2016,0.22612525253052376
test_01557,2024-04-01,4032,0.6560835706982446
test_01557,2024-05-01,6048,0.46484350301296845
test_01558,2024-03-01,2016,0.22612525253052376
test_01558,2024-04-01,4032,0.6560835706982446
test_01558,2024-05-01,6048,0.46484350301296845
test_01558,2024-06-01,6048,0.6763701634203784
test_01558,2024-07-01,6048,-0.10354263078503635
test_01558,2024-08-01,6048,-0.3059019651978856
test_01558,2024-09-01,6048,-0.6145915923483306
test_01558,2024-10-01,6048,1.0311301616926756
test_01558,2024-11-01,6048,-1.0291808809202951
test_01558,2024-12-01,6048,-1.5128120971449217
test_01559,2024-07-01,2016,0.7119637282035606
test_01559,2024-08-01,4032,-0.7871526911501311
test_01559,2024-09-01,6048,-2.685326002263817
test_01559,2024-10-01,6048,0.19212796335375004
test_01559,2024-11-01,4032,-2.5161798676548726
test_01559,2024-12-01,2016,-2.7803291944631576
test_01560,2024-11-01,2016,1.6904576357800072
test_01560,2024-12-01,4032,0.08980871142438489
test_01561,2024-06-01,6048,-1.0970611617660893
test_01561,2024-07-01,6048,0.1001570825158857
test_01561,2024-08-01,6048,-0.6190462310260397
test_01561,2024-09-01,6048,-2.685326002263817
test_01562,2024-10-01,6048,0.19212796335375004
test_01562,2024-11-01,6048,-1.1139673665099126
test_01563,2024-12-01,6048,-0.8669039238714626
test_01564,2024-03-01,2016,2.547482918388337
test_01564,2024-04-01,4032,5.935799759761519
test_01564,2024-05-01,6048,-0.6200822308600537
test_01565,2024-03-01,2016,2.547482918388337
test_01565,2024-04-01,4032,5.935799759761519
test_01565,2024-05-01,6048,-0.6200822308600537
test_01565,2024-06-01,6048,-1.0970611617660893
test_01565,2024-07-01,6048,0.1001570825158857
test_01565,2024-08-01,6048,-0.6190462310260397
test_01565,2024-09-01,6048,-2.685326002263817
test_01565,2024-10-01,6048,0.19212796335375004
test_01565,2024-11-01,6048,-1.1139673665099126
test_01565,2024-12-01,6048,-0.8669039238714626
test_01566,2024-07-01,2016,0.7587574386107441
test_01566,2024-08-01,4032,-0.7109235054225123
test_01566,2024-09-01,6048,-2.6365899613262433
test_01566,2024-10-01,6048,0.10439400282561286
test_01566,2024-11-01,4032,-2.492110267930035
test_01566,2024-12-01,2016,-2.674089325018572
test_01567,2024-11-01,2016,1.5133702513126344
test_01567,2024-12-01,4032,-0.15931150611342695
test_01568,2024-06-01,6048,-1.3351360921617943
test_01568,2024-07-01,6048,0.12641751678368457
test_01568,2024-08-01,6048,-0.5479611030124928
test_01568,2024-09-01,6048,-2.6365899613262433
test_01569,2024-10-01,6048,0.10439400282561286
test_01569,2024-11-01,6048,-1.1569500948491451
test_01570,2024-12-01,6048,-0.9975707790818087
test_01571,2024-03-01,2016,2.5615848197636986
test_01571,2024-04-01,4032,5.81728341373747
test_01571,2024-05-01,6048,-0.7733841305541845
test_01572,2024-03-01,2016,2.5615848197636986
test_01572,2024-04-01,4032,5.81728341373747
test_01572,2024-05-01,6048,-0.7733841305541845
test_01572,2024-06-01,6048,-1.3351360921617943
test_01572,2024-07-01,6048,0.12641751678368457
test_01572,2024-08-01,6048,-0.5479611030124928
test_01572,2024-09-01,6048,-2.6365899613262433
test_01572,2024-10-01,6048,0.10439400282561286
test_01572,2024-11-01,6048,-1.1569500948491451
test_01572,2024-12-01,6048,-0.9975707790818087
test_01573,2024-07-01,2016,1.194713528458646
test_01573,2024-08-01,4032,1.377034558470763
test_01573,2024-09-01,6048,3.102242284693596
test_01573,2024-10-01,6048,-3.572727534437927
test_01573,2024-11-01,4032,7.0935698194383106
test_01573,2024-12-01,2016,12.253686050557436
test_01574,2024-11-01,2016,7.81691158294199
test_01574,2024-12-01,4032,9.48831705708383
test_01575,2024-06-01,6048,-1.2299538836299113
test_01575,2024-07-01,6048,0.6163360204746271
test_01575,2024-08-01,6048,1.0777293889228206
test_01575,2024-09-01,6048,3.102242284693596
test_01576,2024-10-01,6048,-3.572727534437927
test_01576,2024-11-01,6048,7.334683740606203
test_01577,2024-12-01,6048,10.410106721575032
test_01578,2024-03-01,2016,-0.6964642204336496
test_01578,2024-04-01,4032,-1.2253640112845972
test_01578,2024-05-01,6048,-0.7445589631162054
test_01579,2024-03-01,2016,-0.6964642204336496
test_01579,2024-04-01,4032,-1.2253640112845972
test_01579,2024-05-01,6048,-0.7445589631162054
test_01579,2024-06-01,6048,-1.2299538836299113
test_01579,2024-07-01,6048,0.6163360204746271
test_01579,2024-08-01,6048,1.0777293889228206
test_01579,2024-09-01,6048,3.102242284693596
test_01579,2024-10-01,6048,-3.572727534437927
test_01579,2024-11-01,6048,7.334683740606203
test_01579,2024-12-01,6048,10.410106721575032
test_01580,2024-07-01,2016,-14.27509598993457
test_01580,2024-08-01,4032,-8.51285738308194
test_01580,2024-09-01,6048,-17.22749761269859
test_01580,2024-10-01,6048,10.70171554313573
test_01580,2024-11-01,4032,-15.914279697037417
test_01580,2024-12-01,2016,-23.112058909390438
test_01581,2024-11-01,2016,-3.6155634540624306
test_01581,2024-12-01,4032,15.642670088916951
test_01582,2024-06-01,6048,3.0705146373827708
test_01582,2024-07-01,6048,-4.3774429645663755
test_01582,2024-08-01,6048,-6.17019800618
test_01582,2024-09-01,6048,-17.22749761269859
test_01583,2024-10-01,6048,10.70171554313573
test_01583,2024-11-01,6048,-11.814707616045755
test_01584,2024-12-01,6048,2.7244270894811553
test_01585,2024-03-01,2016,26.474955746492657
test_01585,2024-04-01,4032,25.615419415830363
test_01585,2024-05-01,6048,2.257388577188433
test_01586,2024-03-01,2016,26.474955746492657
test_01586,2024-04-01,4032,25.615419415830363
test_01586,2024-05-01,6048,2.257388577188433
test_01586,2024-06-01,6048,3.0705146373827708
test_01586,2024-07-01,6048,-4.3774429645663755
test_01586,2024-08-01,6048,-6.17019800618
test_01586,2024-09-01,6048,-17.22749761269859
test_01586,2024-10-01,6048,10.70171554313573
test_01586,2024-11-01,6048,-11.814707616045755
test_01586,2024-12-01,6048,2.7244270894811553
test_01587,2024-07-01,2016,1.0305813910676005
test_01587,2024-08-01,4032,1.1427879097967237
test_01587,2024-09-01,6048,2.7296180758990265
test_01587,2024-10-01,6048,-3.15970067748799
test_01587,2024-11-01,4032,6.352866415253108
test_01587,2024-12-01,2016,10.77593818930136
test_01588,2024-11-01,2016,7.553755805543414
test_01588,2024-12-01,4032,9.154241583423637
test_01589,2024-06-01,6048,-0.9121657202842994
test_01589,2024-07-01,6048,0.5321039913009502
test_01589,2024-08-01,6048,0.872088810750699
test_01589,2024-09-01,6048,2.7296180758990265
test_01590,2024-10-01,6048,-3.15970067748799
test_01590,2024-11-01,6048,6.753162878683209
test_01591,2024-12-01,6048,9.694807118716211
test_01592,2024-03-01,2016,-0.5694612605638554
test_01592,2024-04-01,4032,-0.9137454982537896
test_01592,2024-05-01,6048,-0.42700295874240607
test_01593,2024-03-01,2016,-0.5694612605638554
test_01593,2024-04-01,4032,-0.9137454982537896
test_01593,2024-05-01,6048,-0.42700295874240607
test_01593,2024-06-01,6048,-0.9121657202842994
test_01593,2024-07-01,6048,0.5321039913009502
test_01593,2024-08-01,6048,0.872088810750699
test_01593,2024-09-01,6048,2.7296180758990265
test_01593,2024-10-01,6048,-3.15970067748799
test_01593,2024-11-01,6048,6.753162878683209
test_01593,2024-12-01,6048,9.694807118716211
test_01594,2024-07-01,2016,7.051942151335575
test_01594,2024-08-01,4032,2.823249749972182
test_01594,2024-09-01,6048,2.319726956690363
test_01594,2024-10-01,6048,-4.047772626090843
test_01594,2024-11-01,4032,6.283113865716903
test_01594,2024-12-01,2016,13.205308137697704
test_01595,2024-11-01,2016,10.175844097775714
test_01595,2024-12-01,4032,12.04600675364621
test_01596,2024-06-01,6048,-4.144257999752739
test_01596,2024-07-01,6048,2.553094045458609
test_01596,2024-08-01,6048,1.7849680023854966
test_01596,2024-09-01,6048,2.319726956690363
test_01597,2024-10-01,6048,-4.047772626090843
test_01597,2024-11-01,6048,7.580690609736506
test_01598,2024-12-01,6048,12.432440548330042
test_01599,2024-03-01,2016,6.096349927582772
test_01599,2024-04-01,4032,17.70756652132735
test_01599,2024-05-01,6048,0.5431159413069204
test_01600,2024-03-01,2016,6.096349927582772
test_01600,2024-04-01,4032,17.70756652132735
test_01600,2024-05-01,6048,0.5431159413069204
test_01600,2024-06-01,6048,-4.144257999752739
test_01600,2024-07-01,6048,2.553094045458609
test_01600,2024-08-01,6048,1.7849680023854966
test_01600,2024-09-01,6048,2.319726956690363
test_01600,2024-10-01,6048,-4.047772626090843
test_01600,2024-11-01,6048,7.580690609736506
test_01600,2024-12-01,6048,12.432440548330042
test_01601,2024-07-01,2016,7.286129648926159
test_01601,2024-08-01,4032,3.1062189103916253
test_01601,2024-09-01,6048,2.7384612094077263
test_01601,2024-10-01,6048,-4.44987300153524
test_01601,2024-11-01,4032,7.006008843735862
test_01601,2024-12-01,2016,14.696267573635227
test_01602,2024-11-01,2016,10.481248560887114
test_01602,2024-12-01,4032,12.41815681685647
test_01603,2024-06-01,6048,-4.483945096085007
test_01603,2024-07-01,6048,2.6562606403813414
test_01603,2024-08-01,6048,2.017212958013533
test_01603,2024-09-01,6048,2.7384612094077263
test_01604,2024-10-01,6048,-4.44987300153524
test_01604,2024-11-01,6048,8.16442208278628
test_01605,2024-12-01,6048,13.177527069116055
test_01606,2024-03-01,2016,5.998796326291929
test_01606,2024-04-01,4032,17.51899362510203
test_01606,2024-05-01,6048,0.2767000073956051
test_01607,2024-03-01,2016,5.998796326291929
test_01607,2024-04-01,4032,17.51899362510203
test_01607,2024-05-01,6048,0.2767000073956051
test_01607,2024-06-01,6048,-4.483945096085007
test_01607,2024-07-01,6048,2.6562606403813414
test_01607,2024-08-01,6048,2.017212958013533
test_01607,2024-09-01,6048,2.7384612094077263
test_01607,2024-10-01,6048,-4.44987300153524
test_01607,2024-11-01,6048,8.16442208278628
test_01607,2024-12-01,6048,13.177527069116055
test_01608,2024-07-01,2016,-14.363719751524906
test_01608,2024-08-01,4032,-8.801635193390634
test_01608,2024-09-01,6048,-17.821209408875703
test_01608,2024-10-01,6048,11.635304539655632
test_01608,2024-11-01,4032,-17.407229410457983
test_01608,2024-12-01,2016,-26.19637789242614
test_01609,2024-11-01,2016,-3.856115309874675
test_01609,2024-12-01,4032,14.733644506297889
test_01610,2024-06-01,6048,3.530501812601313
test_01610,2024-07-01,6048,-4.461982626171999
test_01610,2024-08-01,6048,-6.415119048278729
test_01610,2024-09-01,6048,-17.821209408875703
test_01611,2024-10-01,6048,11.635304539655632
test_01611,2024-11-01,6048,-12.890191376930215
test_01612,2024-12-01,6048,1.0903037067232142
test_01613,2024-03-01,2016,26.710932284244155
test_01613,2024-04-01,4032,26.129945160205132
test_01613,2024-05-01,6048,2.558770124884214
test_01614,2024-03-01,2016,26.710932284244155
test_01614,2024-04-01,4032,26.129945160205132
test_01614,2024-05-01,6048,2.558770124884214
test_01614,2024-06-01,6048,3.530501812601313
test_01614,2024-07-01,6048,-4.461982626171999
test_01614,2024-08-01,6048,-6.415119048278729
test_01614,2024-09-01,6048,-17.821209408875703
test_01614,2024-10-01,6048,11.635304539655632
test_01614,2024-11-01,6048,-12.890191376930215
test_01614,2024-12-01,6048,1.0903037067232142
test_01615,2024-07-01,2016,-7.29713687137837
test_01615,2024-08-01,4032,-4.599860117838783
test_01615,2024-09-01,6048,-8.876532496945682
test_01615,2024-10-01,6048,5.103319639355343
test_01615,2024-11-01,4032,-8.389549326765804
test_01615,2024-12-01,2016,-11.972254046926668
test_01616,2024-11-01,2016,-1.822846026767831
test_01616,2024-12-01,4032,7.697406136483493
test_01617,2024-06-01,6048,1.5168196729428016
test_01617,2024-07-01,6048,-2.267042384360693
test_01617,2024-08-01,6048,-3.3387778924775686
test_01617,2024-09-01,6048,-8.876532496945682
test_01618,2024-10-01,6048,5.103319639355343
test_01618,2024-11-01,6048,-6.2006482267664795
test_01619,2024-12-01,6048,1.140852742013439
test_01620,2024-03-01,2016,13.162306297229557
test_01620,2024-04-01,4032,12.80770970791518
test_01620,2024-05-01,6048,1.1033042346518018
test_01621,2024-03-01,2016,13.162306297229557
test_01621,2024-04-01,4032,12.80770970791518
test_01621,2024-05-01,6048,1.1033042346518018
test_01621,2024-06-01,6048,1.5168196729428016
test_01621,2024-07-01,6048,-2.267042384360693
test_01621,2024-08-01,6048,-3.3387778924775686
test_01621,2024-09-01,6048,-8.876532496945682
test_01621,2024-10-01,6048,5.103319639355343
test_01621,2024-11-01,6048,-6.2006482267664795
test_01621,2024-12-01,6048,1.140852742013439
test_01622,2024-07-01,2016,-14.392962317785694
test_01622,2024-08-01,4032,-8.862848842125524
test_01622,2024-09-01,6048,-17.842089205046918
test_01622,2024-10-01,6048,11.732845704828405
test_01622,2024-11-01,4032,-17.4240632365252
test_01622,2024-12-01,2016,-26.30634810730548
test_01623,2024-11-01,2016,-3.6835390178477523
test_01623,2024-12-01,4032,14.970596542157091
test_01624,2024-06-01,6048,3.746884800803149
test_01624,2024-07-01,6048,-4.480985595351411
test_01624,2024-08-01,6048,-6.476099971377885
test_01624,2024-09-01,6048,-17.842089205046918
test_01625,2024-10-01,6048,11.732845704828405
test_01625,2024-11-01,6048,-12.84388849696605
test_01626,2024-12-01,6048,1.2116149923362334
test_01627,2024-03-01,2016,26.70108099902318
test_01627,2024-04-01,4032,26.271502986528606
test_01627,2024-05-01,6048,2.7222320802014015
test_01628,2024-03-01,2016,26.70108099902318
test_01628,2024-04-01,4032,26.271502986528606
test_01628,2024-05-01,6048,2.7222320802014015
test_01628,2024-06-01,6048,3.746884800803149
test_01628,2024-07-01,6048,-4.480985595351411
test_01628,2024-08-01,6048,-6.476099971377885
test_01628,2024-09-01,6048,-17.842089205046918
test_01628,2024-10-01,6048,11.732845704828405
test_01628,2024-11-01,6048,-12.84388849696605
test_01628,2024-12-01,6048,1.2116149923362334
test_01629,2024-07-01,2016,-13.56313226173101
test_01629,2024-08-01,4032,-9.300010074232071
test_01629,2024-09-01,6048,-19.912823614962406
test_01629,2024-10-01,6048,10.893843506489478
test_01629,2024-11-01,4032,-18.43045956469229
test_01629,2024-12-01,2016,-25.892388103853595
test_01630,2024-11-01,2016,-1.9251058182824234
test_01630,2024-12-01,4032,15.732478800341337
test_01631,2024-06-01,6048,1.973453475616681
test_01631,2024-07-01,6048,-4.2772858820504895
test_01631,2024-08-01,6048,-6.789244237206041
test_01631,2024-09-01,6048,-19.912823614962406
test_01632,2024-10-01,6048,10.893843506489478
test_01632,2024-11-01,6048,-12.928674982555666
test_01633,2024-12-01,6048,1.8575231656096922
test_01634,2024-03-01,2016,29.022438664880994
test_01634,2024-04-01,4032,31.551219175591886
test_01634,2024-05-01,6048,1.6373063463283795
test_01635,2024-03-01,2016,29.022438664880994
test_01635,2024-04-01,4032,31.551219175591886
test_01635,2024-05-01,6048,1.6373063463283795
test_01635,2024-06-01,6048,1.973453475616681
test_01635,2024-07-01,6048,-4.2772858820504895
test_01635,2024-08-01,6048,-6.789244237206041
test_01635,2024-09-01,6048,-19.912823614962406
test_01635,2024-10-01,6048,10.893843506489478
test_01635,2024-11-01,6048,-12.928674982555666
test_01635,2024-12-01,6048,1.8575231656096922
test_01636,2024-07-01,2016,-13.516338551323825
test_01636,2024-08-01,4032,-9.223780888504452
test_01636,2024-09-01,6048,-19.864087574024833
test_01636,2024-10-01,6048,10.806109545961341
test_01636,2024-11-01,4032,-18.406389964967452
test_01636,2024-12-01,2016,-25.78614823440901
test_01637,2024-11-01,2016,-2.1021932027497963
test_01637,2024-12-01,4032,15.483358582803524
test_01638,2024-06-01,6048,1.7353785452209762
test_01638,2024-07-01,6048,-4.251025447782691
test_01638,2024-08-01,6048,-6.718159109192492
test_01638,2024-09-01,6048,-19.864087574024833
test_01639,2024-10-01,6048,10.806109545961341
test_01639,2024-11-01,6048,-12.9716577108949
test_01640,2024-12-01,6048,1.7268563103993464
test_01641,2024-03-01,2016,29.036540566256356
test_01641,2024-04-01,4032,31.432702829567837
test_01641,2024-05-01,6048,1.4840044466342486
test_01642,2024-03-01,2016,29.036540566256356
test_01642,2024-04-01,4032,31.432702829567837
test_01642,2024-05-01,6048,1.4840044466342486
test_01642,2024-06-01,6048,1.7353785452209762
test_01642,2024-07-01,6048,-4.251025447782691
test_01642,2024-08-01,6048,-6.718159109192492
test_01642,2024-09-01,6048,-19.864087574024833
test_01642,2024-10-01,6048,10.806109545961341
test_01642,2024-11-01,6048,-12.9716577108949
test_01642,2024-12-01,6048,1.7268563103993464
test_01643,2024-07-01,2016,268.93011126227634
test_01643,2024-08-01,4032,302.2124119058941
test_01643,2024-09-01,6048,331.9163046899783
test_01643,2024-10-01,6048,73.41043349030727
test_01643,2024-11-01,4032,175.22273060336968
test_01643,2024-12-01,2016,67.04555686920958
test_01644,2024-11-01,2016,-33.5899985310933
test_01644,2024-12-01,4032,-47.34263419565382
test_01645,2024-07-01,2016,268.93011126227634
test_01645,2024-08-01,4032,302.2124119058941
test_01645,2024-09-01,6048,331.9163046899783
test_01646,2024-10-01,6048,73.41043349030727
test_01646,2024-11-01,6048,105.61848755854871
test_01647,2024-12-01,6048,-9.21323717403269
test_01648,2024-07-01,2016,268.93011126227634
test_01648,2024-08-01,4032,302.2124119058941
test_01648,2024-09-01,6048,331.9163046899783
test_01648,2024-10-01,6048,73.41043349030727
test_01648,2024-11-01,6048,105.61848755854871
test_01648,2024-12-01,6048,-9.21323717403269
test_01649,2024-07-01,2016,242.84163973414135
test_01649,2024-08-01,4032,236.11358950471015
test_01649,2024-09-01,6048,285.1565254240992
test_01649,2024-10-01,6048,11.283857924208386
test_01649,2024-11-01,4032,113.71583874889728
test_01649,2024-12-01,2016,162.37949423945588
test_01650,2024-11-01,2016,-36.4582985935917
test_01650,2024-12-01,4032,-51.9107191847302
test_01651,2024-07-01,2016,242.84163973414135
test_01651,2024-08-01,4032,236.11358950471015
test_01651,2024-09-01,6048,285.1565254240992
test_01652,2024-10-01,6048,11.283857924208386
test_01652,2024-11-01,6048,63.657792968067625
test_01653,2024-12-01,6048,19.51935195666516
test_01654,2024-07-01,2016,242.84163973414135
test_01654,2024-08-01,4032,236.11358950471015
test_01654,2024-09-01,6048,285.1565254240992
test_01654,2024-10-01,6048,11.283857924208386
test_01654,2024-11-01,6048,63.657792968067625
test_01654,2024-12-01,6048,19.51935195666516
test_01655,2024-07-01,2016,103.41482038183301
test_01655,2024-08-01,4032,94.94991137841045
test_01655,2024-09-01,6048,124.49954765883511
test_01655,2024-10-01,6048,-4.973772300645713
test_01655,2024-11-01,4032,49.725345621969375
test_01655,2024-12-01,2016,74.11057546221764
test_01656,2024-11-01,2016,-19.002514287083663
test_01656,2024-12-01,4032,-27.050408466042413
test_01657,2024-07-01,2016,103.41482038183301
test_01657,2024-08-01,4032,94.94991137841045
test_01657,2024-09-01,6048,124.49954765883511
test_01658,2024-10-01,6048,-4.973772300645713
test_01658,2024-11-01,6048,26.816058985618362
test_01659,2024-12-01,6048,6.669919510044272
test_01660,2024-07-01,2016,103.41482038183301
test_01660,2024-08-01,4032,94.94991137841045
test_01660,2024-09-01,6048,124.49954765883511
test_01660,2024-10-01,6048,-4.973772300645713
test_01660,2024-11-01,6048,26.816058985618362
test_01660,2024-12-01,6048,6.669919510044272
test_01661,2024-07-01,2016,116.22259342232805
test_01661,2024-08-01,4032,213.39842216915434
test_01661,2024-09-01,6048,257.5840324474765
test_01661,2024-10-01,6048,37.17415403324336
test_01661,2024-11-01,4032,70.9368878777433
test_01661,2024-12-01,2016,-56.84026568522517
test_01662,2024-11-01,2016,-53.17386111182012
test_01662,2024-12-01,4032,-62.4680745690249
test_01663,2024-07-01,2016,116.22259342232805
test_01663,2024-08-01,4032,213.39842216915434
test_01663,2024-09-01,6048,257.5840324474765
test_01664,2024-10-01,6048,37.17415403324336
test_01664,2024-11-01,6048,29.566638214555496
test_01665,2024-12-01,6048,-60.59213827442499
test_01666,2024-07-01,2016,116.22259342232805
test_01666,2024-08-01,4032,213.39842216915434
test_01666,2024-09-01,6048,257.5840324474765
test_01666,2024-10-01,6048,37.17415403324336
test_01666,2024-11-01,6048,29.566638214555496
test_01666,2024-12-01,6048,-60.59213827442499
test_01667,2024-07-01,2016,68.11355461973798
test_01667,2024-08-01,4032,137.67217533183552
test_01667,2024-09-01,6048,177.02946353686733
test_01667,2024-10-01,6048,42.86079361664015
test_01667,2024-11-01,4032,18.486134632726998
test_01667,2024-12-01,2016,-23.126864326695497
test_01668,2024-11-01,2016,-47.77090958694897
test_01668,2024-12-01,4032,-66.54512254550524
test_01669,2024-07-01,2016,68.11355461973798
test_01669,2024-08-01,4032,137.67217533183552
test_01669,2024-09-01,6048,177.02946353686733
test_01670,2024-10-01,6048,42.86079361664015
test_01670,2024-11-01,6048,-3.599546773831658
test_01671,2024-12-01,6048,-52.072369805901985
test_01672,2024-07-01,2016,68.11355461973798
test_01672,2024-08-01,4032,137.67217533183552
test_01672,2024-09-01,6048,177.02946353686733
test_01672,2024-10-01,6048,42.86079361664015
test_01672,2024-11-01,6048,-3.599546773831658
test_01672,2024-12-01,6048,-52.072369805901985
test_01673,2024-07-01,2016,31.44396816593348
test_01673,2024-08-01,4032,59.40445533212336
test_01673,2024-09-01,6048,77.07505881068714
test_01673,2024-10-01,6048,17.314216341809164
test_01673,2024-11-01,4032,6.275555226263731
test_01673,2024-12-01,2016,-12.969415126629665
test_01674,2024-11-01,2016,-24.493936578968462
test_01674,2024-12-01,4032,-35.23348309150817
test_01675,2024-07-01,2016,31.44396816593348
test_01675,2024-08-01,4032,59.40445533212336
test_01675,2024-09-01,6048,77.07505881068714
test_01676,2024-10-01,6048,17.314216341809164
test_01676,2024-11-01,6048,-3.9809420421469994
test_01677,2024-12-01,6048,-27.81212710321533
test_01678,2024-07-01,2016,31.44396816593348
test_01678,2024-08-01,4032,59.40445533212336
test_01678,2024-09-01,6048,77.07505881068714
test_01678,2024-10-01,6048,17.314216341809164
test_01678,2024-11-01,6048,-3.9809420421469994
test_01678,2024-12-01,6048,-27.81212710321533
test_01679,2024-01-01,128,-10312.552140031265
test_01680,2024-01-01,128,-10312.552140031265
test_01681,2024-07-01,128,-443.5683497866269
test_01681,2024-10-01,128,-465.49565611609916
test_01682,2024-07-01,128,-443.5683497866269
test_01683,2024-10-01,128,-465.49565611609916
test_01684,2024-04-01,128,743.7950033135521
test_01685,2024-04-01,128,743.7950033135521
test_01685,2024-07-01,128,-443.5683497866269
test_01685,2024-10-01,128,-465.49565611609916
test_01686,2024-01-01,128,-366.85092956749884
test_01687,2024-01-01,128,-366.85092956749884
test_01688,2024-07-01,128,-3603.19705411456
test_01688,2024-10-01,128,-3812.2670424802786
test_01689,2024-07-01,128,-3603.19705411456
test_01690,2024-10-01,128,-3812.2670424802786
test_01691,2024-04-01,128,-2699.9629160994346
test_01692,2024-04-01,128,-2699.9629160994346
test_01692,2024-07-01,128,-3603.19705411456
test_01692,2024-10-01,128,-3812.2670424802786
test_01693,2024-03-01,128,-6728.497839637026
test_01694,2024-03-01,128,-6728.497839637026
test_01695,2024-09-01,128,-339.0128198018587
test_01695,2024-12-01,128,-2582.2790911138977
test_01696,2024-06-01,128,394.44624198210454
test_01696,2024-09-01,128,-339.0128198018587
test_01697,2024-12-01,128,-2582.2790911138977
test_01698,2024-06-01,128,394.44624198210454
test_01698,2024-09-01,128,-339.0128198018587
test_01698,2024-12-01,128,-2582.2790911138977
test_01699,2024-03-01,128,-253.0267839345224
test_01700,2024-03-01,128,-253.0267839345224
test_01701,2024-09-01,128,-2928.4440567290762
test_01701,2024-12-01,128,-3730.1641567807546
test_01702,2024-06-01,128,-2629.9909919243178
test_01702,2024-09-01,128,-2928.4440567290762
test_01703,2024-12-01,128,-3730.1641567807546
test_01704,2024-06-01,128,-2629.9909919243178
test_01704,2024-09-01,128,-2928.4440567290762
test_01704,2024-12-01,128,-3730.1641567807546
test_01705,2024-06-01,128,-3706.9348026090784
test_01706,2024-06-01,128,-3706.9348026090784
test_01707,2024-12-01,128,-1783.3290789648627
test_01708,2024-09-01,128,-225.81517107353483
test_01709,2024-12-01,128,-1783.3290789648627
test_01710,2024-09-01,128,-225.81517107353483
test_01710,2024-12-01,128,-1783.3290789648627
test_01711,2024-06-01,128,338.6917249510673
test_01712,2024-06-01,128,338.6917249510673
test_01713,2024-12-01,128,-2910.113684224459
test_01714,2024-09-01,128,-2373.3933364197947
test_01715,2024-12-01,128,-2910.113684224459
test_01716,2024-09-01,128,-2373.3933364197947
test_01716,2024-12-01,128,-2910.113684224459
test_01717,2024-12-01,128,-3006.9171416774866
test_01718,2024-12-01,128,-3006.9171416774866
test_01719,2024-12-01,128,267.15564549903064
test_01720,2024-12-01,128,267.15564549903064
test_01721,2024-07-01,2016,0.0
test_01721,2024-08-01,4032,0.0
test_01721,2024-09-01,6048,0.0
test_01721,2024-10-01,6048,0.0
test_01721,2024-11-01,4032,0.0
test_01721,2024-12-01,2016,0.0
test_01722,2024-11-01,2016,0.0
test_01722,2024-12-01,4032,0.0
test_01723,2024-06-01,6048,0.0
test_01723,2024-07-01,6048,0.0
test_01723,2024-08-01,6048,0.0
test_01723,2024-09-01,6048,0.0
test_01724,2024-10-01,6048,0.0
test_01724,2024-11-01,6048,0.0
test_01725,2024-12-01,6048,0.0
test_01726,2024-03-01,2016,0.0
test_01726,2024-04-01,4032,0.0
test_01726,2024-05-01,6048,0.0
test_01727,2024-03-01,2016,0.0
test_01727,2024-04-01,4032,0.0
test_01727,2024-05-01,6048,0.0
test_01727,2024-06-01,6048,0.0
test_01727,2024-07-01,6048,0.0
test_01727,2024-08-01,6048,0.0
test_01727,2024-09-01,6048,0.0
test_01727,2024-10-01,6048,0.0
test_01727,2024-11-01,6048,0.0
test_01727,2024-12-01,6048,0.0
