test_id,source,experiment,comparator,window,n,municipalities,target_months,time_blocks,block_months,horizons,mae_candidate_rub,mae_reference_rub,delta_mae_rub,relative_improvement_percent,ci_time_block_low,ci_time_block_high,ci_month_low,ci_month_high,ci_time_cluster_t_low,ci_time_cluster_t_high,ci_region_conditional_low,ci_region_conditional_high,p_time_block,p_month_sensitivity,smallest_two_sided_p,status,confirmatory,confidence_interval_scope,p_time_block_holm_all,p_month_sensitivity_holm_all,reject_time_block_holm_005,significant_improvement_time_block_holm_005,p_time_block_holm_point_and_interval,p_month_sensitivity_holm_point_and_interval
test_00001,results/baselines/predictions.parquet,naive,ridge_seasonal_ensemble,public_origins_jun_sep,24192,2016,6,2,3,"1,2,3",1915.6308697089944,842.9038302645305,1072.727039444464,-127.2656501166696,608.7823768488222,1536.6717020401063,343.9688742745861,2484.7311114548447,-4822.248829870673,6967.702908759601,965.8719384634562,1189.894365616081,0.5,0.03125,0.5,exploratory; insufficient time blocks,False,exploratory; cluster-t assumes independent approximately normal block scores; bootstrap descriptive; no simultaneous CI correction,1.0,1.0,False,False,1.0,1.0
test_00002,results/baselines/predictions.parquet,naive,ridge_seasonal_ensemble,later_origins,6048,2016,2,1,3,"1,2",4042.36507936508,913.1381628813896,3129.22691648369,-342.68931512066865,,,,,,,2736.709066277721,3555.56454787079,,1.0,,exploratory; insufficient time blocks,False,exploratory; cluster-t assumes independent approximately normal block scores; bootstrap descriptive; no simultaneous CI correction,,1.0,False,False,,1.0
test_00003,results/baselines/predictions.parquet,naive,ridge_seasonal_ensemble,targets_jun_sep,24192,2016,4,2,3,"1,2,3",1433.3509424603174,1047.7426285929864,385.6083138673309,-36.80372482173073,,,-193.22253700661696,922.3248847901458,-4167.782687166052,4938.999314900714,292.262731073984,490.46406557087647,0.5,0.375,0.5,exploratory; insufficient time blocks,False,exploratory; cluster-t assumes independent approximately normal block scores; bootstrap descriptive; no simultaneous CI correction,1.0,1.0,False,False,1.0,1.0
test_00004,results/baselines/predictions.parquet,naive,ridge_seasonal_ensemble,targets_oct_nov,12096,2016,2,1,3,"1,2,3",1251.671378968254,770.6851252213036,480.9862537469504,-62.41021631354755,,,,,,,413.3000277418647,557.0136112342441,,0.5,,exploratory; insufficient time blocks,False,exploratory; cluster-t assumes independent approximately normal block scores; bootstrap descriptive; no simultaneous CI correction,,1.0,False,False,,1.0
test_00005,results/baselines/predictions.parquet,naive,ridge_seasonal_ensemble,targets_dec,6048,2016,1,1,3,"1,2,3",6238.712962962963,998.1151498929612,5240.597813070001,-525.0494207639277,,,,,,,4583.287100371666,5979.906152567158,,,,exploratory; insufficient time blocks,False,exploratory; cluster-t assumes independent approximately normal block scores; bootstrap descriptive; no simultaneous CI correction,,,False,False,,
test_00006,results/baselines/predictions.parquet,naive,ridge_seasonal_ensemble,targets_jan_may,12096,2016,3,1,3,"1,2,3",1679.5789517195767,1735.6956794202838,-56.11672770070709,3.2330971590278934,,,-715.3636273878467,1892.4803209055865,,,-203.19034651963491,94.3041946857428,,1.0,,exploratory; insufficient time blocks,False,exploratory; cluster-t assumes independent approximately normal block scores; bootstrap descriptive; no simultaneous CI correction,,1.0,False,False,,1.0
test_00007,results/baselines/predictions.parquet,naive,ridge_seasonal_ensemble,all_available,54432,2016,10,4,3,"1,2,3",1981.6241549088768,1133.5385859497867,848.0855689590906,-74.81752976661872,-159.20464546860308,1363.384396246288,38.16777023391398,2030.1796089860572,-1282.2614825430735,2978.4326204612544,729.3381498756182,976.098253733392,0.25,0.08984375,0.125,exploratory; insufficient time blocks,False,exploratory; cluster-t assumes independent approximately normal block scores; bootstrap descriptive; no simultaneous CI correction,1.0,1.0,False,False,1.0,1.0
test_00008,results/baselines/predictions.parquet,naive,ridge_seasonal_ensemble,public_origins_jun_sep/h6,2016,2016,1,1,6,6,5975.548611111111,1742.3843030695705,4233.164308041541,-242.9523900429972,,,,,,,3560.4743826284607,4990.078601121969,,,,exploratory; insufficient time blocks,False,exploratory; cluster-t assumes independent approximately normal block scores; bootstrap descriptive; no simultaneous CI correction,,,False,False,,
test_00009,results/baselines/predictions.parquet,naive,ridge_seasonal_ensemble,targets_jun_sep/h6,4032,2016,2,1,6,6,2840.922123015873,1723.3274491836544,1117.5946738322189,-64.85097619501313,,,,,,,799.7138062829719,1458.9654845961618,,1.0,,exploratory; insufficient time blocks,False,exploratory; cluster-t assumes independent approximately normal block scores; bootstrap descriptive; no simultaneous CI correction,,1.0,False,False,,1.0
test_00010,results/baselines/predictions.parquet,naive,ridge_seasonal_ensemble,targets_oct_nov/h6,4032,2016,2,1,6,6,1477.2864583333333,1324.1783142429745,153.1081440903588,-11.562502001695284,,,,,,,4.7033133659710735,336.30368995282333,,0.5,,exploratory; insufficient time blocks,False,exploratory; cluster-t assumes independent approximately normal block scores; bootstrap descriptive; no simultaneous CI correction,,1.0,False,False,,1.0
test_00011,results/baselines/predictions.parquet,naive,ridge_seasonal_ensemble,targets_dec/h6,2016,2016,1,1,6,6,5975.548611111111,1742.3843030695705,4233.164308041541,-242.9523900429972,,,,,,,3560.4743826284607,4990.078601121969,,,,exploratory; insufficient time blocks,False,exploratory; cluster-t assumes independent approximately normal block scores; bootstrap descriptive; no simultaneous CI correction,,,False,False,,
test_00012,results/baselines/predictions.parquet,naive,ridge_seasonal_ensemble,all_available/h6,10080,2016,5,1,6,6,2922.393154761905,1567.4791659845655,1354.9139887773392,-86.43904290276738,,,49.38646436657684,3037.7847777042207,,,1062.7169184480688,1698.7804337882435,,0.125,,exploratory; insufficient time blocks,False,exploratory; cluster-t assumes independent approximately normal block scores; bootstrap descriptive; no simultaneous CI correction,,1.0,False,False,,1.0
test_00013,results/baselines/predictions.parquet,seasonal_growth,ridge_seasonal_ensemble,public_origins_jun_sep,24192,2016,6,2,3,"1,2,3",1012.053339951942,842.9038302645305,169.14950968741152,-20.06747432080442,121.5356959871134,236.42025630887755,69.22960535469282,227.99585648551985,-435.8413554709118,774.1403748457349,98.27621809699905,242.3504129270556,0.5,0.0625,0.5,exploratory; insufficient time blocks,False,exploratory; cluster-t assumes independent approximately normal block scores; bootstrap descriptive; no simultaneous CI correction,1.0,1.0,False,False,1.0,1.0
test_00014,results/baselines/predictions.parquet,seasonal_growth,ridge_seasonal_ensemble,later_origins,6048,2016,2,1,3,"1,2",951.391029212558,913.1381628813896,38.252866331168434,-4.189165220130793,,,,,,,-39.97931110142995,115.34610248274524,,1.0,,exploratory; insufficient time blocks,False,exploratory; cluster-t assumes independent approximately normal block scores; bootstrap descriptive; no simultaneous CI correction,,1.0,False,False,,1.0
test_00015,results/baselines/predictions.parquet,seasonal_growth,ridge_seasonal_ensemble,targets_jun_sep,24192,2016,4,2,3,"1,2,3",1107.9453960856126,1047.7426285929864,60.20276749262621,-5.745949992840561,,,-41.07561931579729,177.1551928363242,-1003.5478480512886,1123.953383036541,-10.823836829199124,114.6789396212626,0.5,0.5,0.5,exploratory; insufficient time blocks,False,exploratory; cluster-t assumes independent approximately normal block scores; bootstrap descriptive; no simultaneous CI correction,1.0,1.0,False,False,1.0,1.0
test_00016,results/baselines/predictions.parquet,seasonal_growth,ridge_seasonal_ensemble,targets_oct_nov,12096,2016,2,1,3,"1,2,3",991.2630749936684,770.6851252213036,220.57794977236483,-28.62102077148894,,,,,,,131.46260420406816,309.9499487908862,,0.5,,exploratory; insufficient time blocks,False,exploratory; cluster-t assumes independent approximately normal block scores; bootstrap descriptive; no simultaneous CI correction,,1.0,False,False,,1.0
test_00017,results/baselines/predictions.parquet,seasonal_growth,ridge_seasonal_ensemble,targets_dec,6048,2016,1,1,3,"1,2,3",1028.7387634548193,998.1151498929612,30.623613561858065,-3.0681443483892785,,,,,,,-66.47403443186248,122.52686035308076,,,,exploratory; insufficient time blocks,False,exploratory; cluster-t assumes independent approximately normal block scores; bootstrap descriptive; no simultaneous CI correction,,,False,False,,
test_00018,results/baselines/predictions.parquet,seasonal_growth,ridge_seasonal_ensemble,targets_jan_may,12096,2016,3,1,3,"1,2,3",1599.2991814029915,1735.6956794202838,-136.39649801729206,7.85831869229795,,,-283.5709188076989,42.860750043674,,,-295.78138234305374,13.73439522979407,,0.5,,exploratory; insufficient time blocks,False,exploratory; cluster-t assumes independent approximately normal block scores; bootstrap descriptive; no simultaneous CI correction,,1.0,False,False,,1.0
test_00019,results/baselines/predictions.parquet,seasonal_growth,ridge_seasonal_ensemble,all_available,54432,2016,10,4,3,"1,2,3",1182.4049845100656,1133.5385859497867,48.86639856027887,-4.310960311892157,-92.84229648281776,178.41719272617613,-49.24014681266361,138.34874242698547,-218.29177868510465,316.02457580566204,-8.75150266635929,101.82837924458376,0.625,0.36328125,0.125,exploratory; insufficient time blocks,False,exploratory; cluster-t assumes independent approximately normal block scores; bootstrap descriptive; no simultaneous CI correction,1.0,1.0,False,False,1.0,1.0
test_00020,results/baselines/predictions.parquet,seasonal_growth,ridge_seasonal_ensemble,public_origins_jun_sep/h6,2016,2016,1,1,6,6,1702.7922803504416,1742.3843030695705,-39.59202271912886,2.272289910404916,,,,,,,-224.2645688250332,135.3604425186653,,,,exploratory; insufficient time blocks,False,exploratory; cluster-t assumes independent approximately normal block scores; bootstrap descriptive; no simultaneous CI correction,,,False,False,,
test_00021,results/baselines/predictions.parquet,seasonal_growth,ridge_seasonal_ensemble,targets_jun_sep/h6,4032,2016,2,1,6,6,1914.6535198654988,1723.3274491836544,191.3260706818444,-11.10213098343418,,,,,,,-42.02371846152888,393.9176888737624,,1.0,,exploratory; insufficient time blocks,False,exploratory; cluster-t assumes independent approximately normal block scores; bootstrap descriptive; no simultaneous CI correction,,1.0,False,False,,1.0
test_00022,results/baselines/predictions.parquet,seasonal_growth,ridge_seasonal_ensemble,targets_oct_nov/h6,4032,2016,2,1,6,6,1717.2921017041658,1324.1783142429745,393.11378746119135,-29.687375426166252,,,,,,,248.0681403560172,550.2175099378925,,0.5,,exploratory; insufficient time blocks,False,exploratory; cluster-t assumes independent approximately normal block scores; bootstrap descriptive; no simultaneous CI correction,,1.0,False,False,,1.0
test_00023,results/baselines/predictions.parquet,seasonal_growth,ridge_seasonal_ensemble,targets_dec/h6,2016,2016,1,1,6,6,1702.7922803504416,1742.3843030695705,-39.59202271912886,2.272289910404916,,,,,,,-224.2645688250332,135.3604425186653,,,,exploratory; insufficient time blocks,False,exploratory; cluster-t assumes independent approximately normal block scores; bootstrap descriptive; no simultaneous CI correction,,,False,False,,
test_00024,results/baselines/predictions.parquet,seasonal_growth,ridge_seasonal_ensemble,all_available/h6,10080,2016,5,1,6,6,1793.3367046979545,1567.4791659845655,225.85753871338875,-14.408965912572306,,,21.741014899466688,429.9740625273102,,,97.41081419777215,345.4748692423222,,0.25,,exploratory; insufficient time blocks,False,exploratory; cluster-t assumes independent approximately normal block scores; bootstrap descriptive; no simultaneous CI correction,,1.0,False,False,,1.0
test_00025,results/baselines/predictions.parquet,seasonal_naive,ridge_seasonal_ensemble,public_origins_jun_sep,24192,2016,6,2,3,"1,2,3",4205.640955687831,842.9038302645305,3362.7371254233003,-398.94671309868943,3232.779515170904,3480.9146749237043,3041.2411730161016,3704.492593668138,1861.148986221329,4864.325264625271,2895.4629799742406,3896.4845786247897,0.5,0.03125,0.5,exploratory; insufficient time blocks,False,exploratory; cluster-t assumes independent approximately normal block scores; bootstrap descriptive; no simultaneous CI correction,1.0,1.0,False,False,1.0,1.0
test_00026,results/baselines/predictions.parquet,seasonal_naive,ridge_seasonal_ensemble,later_origins,6048,2016,2,1,3,"1,2",4420.425099206349,913.1381628813896,3507.2869363249592,-384.0915952146589,,,,,,,2944.092515386488,4156.121273361546,,0.5,,exploratory; insufficient time blocks,False,exploratory; cluster-t assumes independent approximately normal block scores; bootstrap descriptive; no simultaneous CI correction,,1.0,False,False,,1.0
test_00027,results/baselines/predictions.parquet,seasonal_naive,ridge_seasonal_ensemble,targets_jun_sep,24192,2016,4,2,3,"1,2,3",4364.112971230159,1047.7426285929864,3316.3703426371726,-316.5252851352174,,,3025.943199013184,3523.6075297016905,571.9304363505344,6060.810248923811,2818.312610878117,3884.63531272949,0.5,0.125,0.5,exploratory; insufficient time blocks,False,exploratory; cluster-t assumes independent approximately normal block scores; bootstrap descriptive; no simultaneous CI correction,1.0,1.0,False,False,1.0,1.0
test_00028,results/baselines/predictions.parquet,seasonal_naive,ridge_seasonal_ensemble,targets_oct_nov,12096,2016,2,1,3,"1,2,3",4152.485863095239,770.6851252213036,3381.800737873935,-438.8044646512212,,,,,,,2926.7170855303816,3896.754506259822,,0.5,,exploratory; insufficient time blocks,False,exploratory; cluster-t assumes independent approximately normal block scores; bootstrap descriptive; no simultaneous CI correction,,1.0,False,False,,1.0
test_00029,results/baselines/predictions.parquet,seasonal_naive,ridge_seasonal_ensemble,targets_dec,6048,2016,1,1,3,"1,2,3",4703.62996031746,998.1151498929612,3705.514810424499,-371.2512339705376,,,,,,,3068.895743135716,4445.472841996004,,,,exploratory; insufficient time blocks,False,exploratory; cluster-t assumes independent approximately normal block scores; bootstrap descriptive; no simultaneous CI correction,,,False,False,,
test_00030,results/baselines/predictions.parquet,seasonal_naive,ridge_seasonal_ensemble,targets_jan_may,12096,2016,3,1,3,"1,2,3",4432.450396825397,1735.6956794202838,2696.754717405113,-155.37025006053017,,,2541.038654358185,2810.8220867786026,,,2114.531592562578,3341.331061300515,,0.25,,exploratory; insufficient time blocks,False,exploratory; cluster-t assumes independent approximately normal block scores; bootstrap descriptive; no simultaneous CI correction,,1.0,False,False,,1.0
test_00031,results/baselines/predictions.parquet,seasonal_naive,ridge_seasonal_ensemble,all_available,54432,2016,10,4,3,"1,2,3",4369.994929453263,1133.5385859497867,3236.456343503476,-285.5179685649311,2954.8978792068574,3443.718238134342,2971.73951541438,3478.755313746821,2682.583649583348,3790.329037423605,2717.5584910841967,3824.685120391651,0.125,0.001953125,0.125,exploratory; insufficient time blocks,False,exploratory; cluster-t assumes independent approximately normal block scores; bootstrap descriptive; no simultaneous CI correction,1.0,1.0,False,False,1.0,1.0
test_00032,results/baselines/predictions.parquet,seasonal_naive,ridge_seasonal_ensemble,public_origins_jun_sep/h6,2016,2016,1,1,6,6,4703.62996031746,1742.3843030695705,2961.245657247889,-169.9536463931087,,,,,,,2440.913283408927,3551.9956020831537,,,,exploratory; insufficient time blocks,False,exploratory; cluster-t assumes independent approximately normal block scores; bootstrap descriptive; no simultaneous CI correction,,,False,False,,
test_00033,results/baselines/predictions.parquet,seasonal_naive,ridge_seasonal_ensemble,targets_jun_sep/h6,4032,2016,2,1,6,6,4117.808283730159,1723.3274491836544,2394.4808345465044,-138.94520369189138,,,,,,,1808.0754268310548,3033.533229299432,,0.5,,exploratory; insufficient time blocks,False,exploratory; cluster-t assumes independent approximately normal block scores; bootstrap descriptive; no simultaneous CI correction,,1.0,False,False,,1.0
test_00034,results/baselines/predictions.parquet,seasonal_naive,ridge_seasonal_ensemble,targets_oct_nov/h6,4032,2016,2,1,6,6,4152.485863095239,1324.1783142429745,2828.307548852264,-213.5896290122522,,,,,,,2434.563562747001,3273.3633189795883,,0.5,,exploratory; insufficient time blocks,False,exploratory; cluster-t assumes independent approximately normal block scores; bootstrap descriptive; no simultaneous CI correction,,1.0,False,False,,1.0
test_00035,results/baselines/predictions.parquet,seasonal_naive,ridge_seasonal_ensemble,targets_dec/h6,2016,2016,1,1,6,6,4703.62996031746,1742.3843030695705,2961.245657247889,-169.9536463931087,,,,,,,2440.913283408927,3551.9956020831537,,,,exploratory; insufficient time blocks,False,exploratory; cluster-t assumes independent approximately normal block scores; bootstrap descriptive; no simultaneous CI correction,,,False,False,,
test_00036,results/baselines/predictions.parquet,seasonal_naive,ridge_seasonal_ensemble,all_available/h6,10080,2016,5,1,6,6,4248.84365079365,1567.4791659845655,2681.3644848090844,-171.06220886354583,,,2434.919501910041,2927.809467708129,,,2202.7053923810945,3227.699508879702,,0.0625,,exploratory; insufficient time blocks,False,exploratory; cluster-t assumes independent approximately normal block scores; bootstrap descriptive; no simultaneous CI correction,,1.0,False,False,,1.0
test_00037,results/baselines/predictions.parquet,weighted_panel_ridge,ridge_seasonal_ensemble,public_origins_jun_sep,24192,2016,6,2,3,"1,2,3",903.5603134011616,842.9038302645305,60.65648313663121,-7.196133290507797,46.826855830864325,65.64845353682914,39.96040133989279,87.6771672070875,-2.772514806491316,124.08548107975392,35.563356604344534,91.58454469195492,0.5,0.03125,0.5,exploratory; insufficient time blocks,False,exploratory; cluster-t assumes independent approximately normal block scores; bootstrap descriptive; no simultaneous CI correction,1.0,1.0,False,False,1.0,1.0
test_00038,results/baselines/predictions.parquet,weighted_panel_ridge,ridge_seasonal_ensemble,later_origins,6048,2016,2,1,3,"1,2",1046.7554699999178,913.1381628813896,133.6173071185283,-14.632759044578918,,,,,,,71.82873583969653,198.85253109972453,,0.5,,exploratory; insufficient time blocks,False,exploratory; cluster-t assumes independent approximately normal block scores; bootstrap descriptive; no simultaneous CI correction,,1.0,False,False,,1.0
test_00039,results/baselines/predictions.parquet,weighted_panel_ridge,ridge_seasonal_ensemble,targets_jun_sep,24192,2016,4,2,3,"1,2,3",1157.586297134465,1047.7426285929864,109.84366854147856,-10.483840739494166,,,54.12571342687983,165.56162365607736,-434.6012303836116,654.2885674665687,71.74673223469343,154.20626655427264,0.5,0.125,0.5,exploratory; insufficient time blocks,False,exploratory; cluster-t assumes independent approximately normal block scores; bootstrap descriptive; no simultaneous CI correction,1.0,1.0,False,False,1.0,1.0
test_00040,results/baselines/predictions.parquet,weighted_panel_ridge,ridge_seasonal_ensemble,targets_oct_nov,12096,2016,2,1,3,"1,2,3",826.3592191884666,770.6851252213036,55.674093967163,-7.223974116689497,,,,,,,24.743580808483305,92.35721063433292,,0.5,,exploratory; insufficient time blocks,False,exploratory; cluster-t assumes independent approximately normal block scores; bootstrap descriptive; no simultaneous CI correction,,1.0,False,False,,1.0
test_00041,results/baselines/predictions.parquet,weighted_panel_ridge,ridge_seasonal_ensemble,targets_dec,6048,2016,1,1,3,"1,2,3",1151.681176150822,998.1151498929612,153.5660262578608,-15.385602179701348,,,,,,,83.57453102673097,228.9804009498252,,,,exploratory; insufficient time blocks,False,exploratory; cluster-t assumes independent approximately normal block scores; bootstrap descriptive; no simultaneous CI correction,,,False,False,,
test_00042,results/baselines/predictions.parquet,weighted_panel_ridge,ridge_seasonal_ensemble,targets_jan_may,12096,2016,3,1,3,"1,2,3",1899.3200518625952,1735.6956794202838,163.62437244231137,-9.427019631515204,,,47.69376190995885,200.0426411930526,,,67.53534553999604,264.51022423514854,,0.25,,exploratory; insufficient time blocks,False,exploratory; cluster-t assumes independent approximately normal block scores; bootstrap descriptive; no simultaneous CI correction,,1.0,False,False,,1.0
test_00043,results/baselines/predictions.parquet,weighted_panel_ridge,ridge_seasonal_ensemble,all_available,54432,2016,10,4,3,"1,2,3",1248.1538785323116,1133.5385859497867,114.61529258252494,-10.1112828449937,64.25450223816856,169.85475427852342,74.80308989098287,152.85168508513954,14.909052070229675,214.32153309482004,67.91979445691986,162.5376378466782,0.125,0.001953125,0.125,exploratory; insufficient time blocks,False,exploratory; cluster-t assumes independent approximately normal block scores; bootstrap descriptive; no simultaneous CI correction,1.0,1.0,False,False,1.0,1.0
test_00044,results/baselines/predictions.parquet,weighted_panel_ridge,ridge_seasonal_ensemble,public_origins_jun_sep/h6,2016,2016,1,1,6,6,1901.8963178509505,1742.3843030695705,159.51201478137978,-9.154812431469129,,,,,,,88.3216953202447,235.6621881717558,,,,exploratory; insufficient time blocks,False,exploratory; cluster-t assumes independent approximately normal block scores; bootstrap descriptive; no simultaneous CI correction,,,False,False,,
test_00045,results/baselines/predictions.parquet,weighted_panel_ridge,ridge_seasonal_ensemble,targets_jun_sep/h6,4032,2016,2,1,6,6,1869.4535979916889,1723.3274491836544,146.1261488080345,-8.479302576956858,,,,,,,66.16783837032746,242.06309046457224,,0.5,,exploratory; insufficient time blocks,False,exploratory; cluster-t assumes independent approximately normal block scores; bootstrap descriptive; no simultaneous CI correction,,1.0,False,False,,1.0
test_00046,results/baselines/predictions.parquet,weighted_panel_ridge,ridge_seasonal_ensemble,targets_oct_nov/h6,4032,2016,2,1,6,6,1420.1679600829775,1324.1783142429745,95.98964584000304,-7.24899696721584,,,,,,,56.95579276809156,141.00887751453254,,0.5,,exploratory; insufficient time blocks,False,exploratory; cluster-t assumes independent approximately normal block scores; bootstrap descriptive; no simultaneous CI correction,,1.0,False,False,,1.0
test_00047,results/baselines/predictions.parquet,weighted_panel_ridge,ridge_seasonal_ensemble,targets_dec/h6,2016,2016,1,1,6,6,1901.8963178509505,1742.3843030695705,159.51201478137978,-9.154812431469129,,,,,,,88.3216953202447,235.6621881717558,,,,exploratory; insufficient time blocks,False,exploratory; cluster-t assumes independent approximately normal block scores; bootstrap descriptive; no simultaneous CI correction,,,False,False,,
test_00048,results/baselines/predictions.parquet,weighted_panel_ridge,ridge_seasonal_ensemble,all_available/h6,10080,2016,5,1,6,6,1696.2278868000567,1567.4791659845655,128.74872081549097,-8.213743672607047,,,69.88308925228024,174.1642756660095,,,80.72906637745358,186.2691471538569,,0.0625,,exploratory; insufficient time blocks,False,exploratory; cluster-t assumes independent approximately normal block scores; bootstrap descriptive; no simultaneous CI correction,,1.0,False,False,,1.0
test_00049,results/hypotheses/predictions.parquet,catboost_multi,ridge_seasonal_ensemble,public_origins_jun_sep,24192,2016,6,2,3,"1,2,3",972.287769424348,818.089793804466,154.19797561988207,-18.84853921753452,136.86355976865755,183.10040783781847,91.91927134209796,222.3039604489604,-66.05666117223166,374.452612411996,108.25569188543544,202.8203123362126,0.5,0.03125,0.5,exploratory; insufficient time blocks,False,exploratory; cluster-t assumes independent approximately normal block scores; bootstrap descriptive; no simultaneous CI correction,1.0,1.0,False,False,1.0,1.0
test_00050,results/hypotheses/predictions.parquet,catboost_multi,ridge_seasonal_ensemble,later_origins,6048,2016,2,1,3,"1,2",1119.5668096646727,899.3242339958058,220.24257566886692,-24.4897854792929,,,,,,,127.1006576089021,321.02437801396974,,0.5,,exploratory; insufficient time blocks,False,exploratory; cluster-t assumes independent approximately normal block scores; bootstrap descriptive; no simultaneous CI correction,,1.0,False,False,,1.0
test_00051,results/hypotheses/predictions.parquet,catboost_multi,ridge_seasonal_ensemble,targets_jun_sep,24192,2016,4,2,3,"1,2,3",1261.2209873083325,950.6647588420032,310.55622846632923,-32.66727051548804,,,145.19024834525771,577.163375602056,-906.1780620298232,1527.2905189624817,249.0336260433532,379.5359633052785,0.5,0.125,0.5,exploratory; insufficient time blocks,False,exploratory; cluster-t assumes independent approximately normal block scores; bootstrap descriptive; no simultaneous CI correction,1.0,1.0,False,False,1.0,1.0
test_00052,results/hypotheses/predictions.parquet,catboost_multi,ridge_seasonal_ensemble,targets_oct_nov,12096,2016,2,1,3,"1,2,3",964.1353077710856,792.1686357592141,171.96667201187142,-21.70834141231288,,,,,,,99.31280035767536,251.64035231278368,,0.5,,exploratory; insufficient time blocks,False,exploratory; cluster-t assumes independent approximately normal block scores; bootstrap descriptive; no simultaneous CI correction,,1.0,False,False,,1.0
test_00053,results/hypotheses/predictions.parquet,catboost_multi,ridge_seasonal_ensemble,targets_dec,6048,2016,1,1,3,"1,2,3",1118.677702460726,899.3036878733885,219.3740145873373,-24.393763480065104,,,,,,,117.32835588512351,329.8985072162091,,,,exploratory; insufficient time blocks,False,exploratory; cluster-t assumes independent approximately normal block scores; bootstrap descriptive; no simultaneous CI correction,,,False,False,,
test_00054,results/hypotheses/predictions.parquet,catboost_multi,ridge_seasonal_ensemble,targets_jan_may,12096,2016,3,1,3,"1,2,3",1396.2713699189912,1268.157895192844,128.11347472614716,-10.102328362405173,,,66.83289175064783,184.8606960576305,,,-1.2536558518139638,278.55991961335303,,0.25,,exploratory; insufficient time blocks,False,exploratory; cluster-t assumes independent approximately normal block scores; bootstrap descriptive; no simultaneous CI correction,,1.0,False,False,,1.0
test_00055,results/hypotheses/predictions.parquet,catboost_multi,ridge_seasonal_ensemble,all_available,54432,2016,10,4,3,"1,2,3",1209.3750007860233,980.2906427939464,229.0843579920768,-23.36902424562156,155.10825091815477,353.1843837762364,133.71881413142466,360.25873746930256,12.55969322357774,445.60902276057584,153.60530681545384,308.96607897744605,0.125,0.001953125,0.125,exploratory; insufficient time blocks,False,exploratory; cluster-t assumes independent approximately normal block scores; bootstrap descriptive; no simultaneous CI correction,1.0,1.0,False,False,1.0,1.0
test_00056,results/hypotheses/predictions.parquet,catboost_multi,ridge_seasonal_ensemble,public_origins_jun_sep/h6,2016,2016,1,1,6,6,2494.750235810888,1795.5694689602276,699.1807668506606,-38.93922117396772,,,,,,,334.89512328345023,1102.989814944809,,,,exploratory; insufficient time blocks,False,exploratory; cluster-t assumes independent approximately normal block scores; bootstrap descriptive; no simultaneous CI correction,,,False,False,,
test_00057,results/hypotheses/predictions.parquet,catboost_multi,ridge_seasonal_ensemble,targets_jun_sep/h6,4032,2016,2,1,6,6,1557.3794784479255,1549.1696666992411,8.209811748684615,-0.5299491672966306,,,,,,,-97.52297490370256,145.0762125821452,,1.0,,exploratory; insufficient time blocks,False,exploratory; cluster-t assumes independent approximately normal block scores; bootstrap descriptive; no simultaneous CI correction,,1.0,False,False,,1.0
test_00058,results/hypotheses/predictions.parquet,catboost_multi,ridge_seasonal_ensemble,targets_oct_nov/h6,4032,2016,2,1,6,6,2149.435794654267,1608.4929346401325,540.9428600141343,-33.630415674480986,,,,,,,424.98416716668953,655.5550713951794,,0.5,,exploratory; insufficient time blocks,False,exploratory; cluster-t assumes independent approximately normal block scores; bootstrap descriptive; no simultaneous CI correction,,1.0,False,False,,1.0
test_00059,results/hypotheses/predictions.parquet,catboost_multi,ridge_seasonal_ensemble,targets_dec/h6,2016,2016,1,1,6,6,2494.750235810888,1795.5694689602276,699.1807668506606,-38.93922117396772,,,,,,,334.89512328345023,1102.989814944809,,,,exploratory; insufficient time blocks,False,exploratory; cluster-t assumes independent approximately normal block scores; bootstrap descriptive; no simultaneous CI correction,,,False,False,,
test_00060,results/hypotheses/predictions.parquet,catboost_multi,ridge_seasonal_ensemble,all_available/h6,10080,2016,5,1,6,6,1981.6761564030548,1622.1789343277949,359.49722207526,-22.16137902346944,,,22.245314281068644,747.822413871221,,,279.2716914473372,447.9566527636001,,0.125,,exploratory; insufficient time blocks,False,exploratory; cluster-t assumes independent approximately normal block scores; bootstrap descriptive; no simultaneous CI correction,,1.0,False,False,,1.0
test_00061,results/hypotheses/predictions.parquet,factor_only,ridge_seasonal_ensemble,public_origins_jun_sep,24192,2016,6,2,3,"1,2,3",1121.6189677782538,818.089793804466,303.5291739737878,-37.1021831921711,302.55133285580666,330.82822141783066,264.4792734061634,333.50728175820416,291.1045245290182,315.9538234185574,259.3952686201354,354.5910301382362,0.5,0.03125,0.5,exploratory; insufficient time blocks,False,exploratory; cluster-t assumes independent approximately normal block scores; bootstrap descriptive; no simultaneous CI correction,1.0,1.0,False,False,1.0,1.0
test_00062,results/hypotheses/predictions.parquet,factor_only,ridge_seasonal_ensemble,later_origins,6048,2016,2,1,3,"1,2",1314.8235158813986,899.3242339958058,415.4992818855928,-46.20127715668014,,,,,,,342.04944305884817,490.7649871045548,,0.5,,exploratory; insufficient time blocks,False,exploratory; cluster-t assumes independent approximately normal block scores; bootstrap descriptive; no simultaneous CI correction,,1.0,False,False,,1.0
test_00063,results/hypotheses/predictions.parquet,factor_only,ridge_seasonal_ensemble,targets_jun_sep,24192,2016,4,2,3,"1,2,3",1332.8309566676944,950.6647588420032,382.1661978256912,-40.19989110474702,,,297.5324946979045,505.0590462388136,-67.82329850372196,832.1556941551039,304.3882689802872,482.9660645567488,0.5,0.125,0.5,exploratory; insufficient time blocks,False,exploratory; cluster-t assumes independent approximately normal block scores; bootstrap descriptive; no simultaneous CI correction,1.0,1.0,False,False,1.0,1.0
test_00064,results/hypotheses/predictions.parquet,factor_only,ridge_seasonal_ensemble,targets_oct_nov,12096,2016,2,1,3,"1,2,3",1133.7829178168029,792.1686357592141,341.61428205758875,-43.12393430348145,,,,,,,269.5687891439809,419.56310981841887,,0.5,,exploratory; insufficient time blocks,False,exploratory; cluster-t assumes independent approximately normal block scores; bootstrap descriptive; no simultaneous CI correction,,1.0,False,False,,1.0
test_00065,results/hypotheses/predictions.parquet,factor_only,ridge_seasonal_ensemble,targets_dec,6048,2016,1,1,3,"1,2,3",1236.6770713554172,899.3036878733885,337.37338348202866,-37.51495607449648,,,,,,,271.5072756506729,406.0727879597208,,,,exploratory; insufficient time blocks,False,exploratory; cluster-t assumes independent approximately normal block scores; bootstrap descriptive; no simultaneous CI correction,,,False,False,,
test_00066,results/hypotheses/predictions.parquet,factor_only,ridge_seasonal_ensemble,targets_jan_may,12096,2016,3,1,3,"1,2,3",1754.6663857640278,1268.157895192844,486.50849057118376,-38.36340036326488,,,327.47963392933656,1265.2085253007651,,,235.73006108566352,754.6013024486874,,0.25,,exploratory; insufficient time blocks,False,exploratory; cluster-t assumes independent approximately normal block scores; bootstrap descriptive; no simultaneous CI correction,,1.0,False,False,,1.0
test_00067,results/hypotheses/predictions.parquet,factor_only,ridge_seasonal_ensemble,all_available,54432,2016,10,4,3,"1,2,3",1371.6555005764285,980.2906427939464,391.364857782482,-39.923349331076444,328.2582944129629,441.8299147003206,324.1635050650638,496.0265541449516,280.8766657317732,501.8530498331907,320.12565106516223,467.2898182271505,0.125,0.001953125,0.125,exploratory; insufficient time blocks,False,exploratory; cluster-t assumes independent approximately normal block scores; bootstrap descriptive; no simultaneous CI correction,1.0,1.0,False,False,1.0,1.0
test_00068,results/hypotheses/predictions.parquet,factor_only,ridge_seasonal_ensemble,public_origins_jun_sep/h6,2016,2016,1,1,6,6,1849.1349544479683,1795.5694689602276,53.56548548774094,-2.983203179477064,,,,,,,-118.61796760167556,227.7345304837163,,,,exploratory; insufficient time blocks,False,exploratory; cluster-t assumes independent approximately normal block scores; bootstrap descriptive; no simultaneous CI correction,,,False,False,,
test_00069,results/hypotheses/predictions.parquet,factor_only,ridge_seasonal_ensemble,targets_jun_sep/h6,4032,2016,2,1,6,6,1459.1794095539017,1549.1696666992411,-89.99025714533946,5.808934881682675,,,,,,,-195.2877253249005,1.9315327695301971,,1.0,,exploratory; insufficient time blocks,False,exploratory; cluster-t assumes independent approximately normal block scores; bootstrap descriptive; no simultaneous CI correction,,1.0,False,False,,1.0
test_00070,results/hypotheses/predictions.parquet,factor_only,ridge_seasonal_ensemble,targets_oct_nov/h6,4032,2016,2,1,6,6,2213.745402753183,1608.4929346401325,605.2524681130506,-37.6285437802351,,,,,,,511.31421017408496,714.5707820351212,,0.5,,exploratory; insufficient time blocks,False,exploratory; cluster-t assumes independent approximately normal block scores; bootstrap descriptive; no simultaneous CI correction,,1.0,False,False,,1.0
test_00071,results/hypotheses/predictions.parquet,factor_only,ridge_seasonal_ensemble,targets_dec/h6,2016,2016,1,1,6,6,1849.1349544479683,1795.5694689602276,53.56548548774094,-2.983203179477064,,,,,,,-118.61796760167556,227.7345304837163,,,,exploratory; insufficient time blocks,False,exploratory; cluster-t assumes independent approximately normal block scores; bootstrap descriptive; no simultaneous CI correction,,,False,False,,
test_00072,results/hypotheses/predictions.parquet,factor_only,ridge_seasonal_ensemble,all_available/h6,10080,2016,5,1,6,6,1838.9969158124277,1622.1789343277949,216.81798148463255,-13.36584866788931,,,-126.42494115069768,673.6544323486254,,,150.2511900694732,284.8016168579433,,0.5,,exploratory; insufficient time blocks,False,exploratory; cluster-t assumes independent approximately normal block scores; bootstrap descriptive; no simultaneous CI correction,,1.0,False,False,,1.0
test_00073,results/hypotheses/predictions.parquet,growth_ridge_fixed_0.3,ridge_seasonal_ensemble,public_origins_jun_sep,24192,2016,6,2,3,"1,2,3",851.3668647296988,818.089793804466,33.277070925232806,-4.067655063936228,24.482062382135627,42.07207946832983,6.336589366297888,59.91815940153997,-78.47410828202842,145.02825013249387,13.809001222311975,58.441449307474,0.5,0.125,0.5,exploratory; insufficient time blocks,False,exploratory; cluster-t assumes independent approximately normal block scores; bootstrap descriptive; no simultaneous CI correction,1.0,1.0,False,False,1.0,1.0
test_00074,results/hypotheses/predictions.parquet,growth_ridge_fixed_0.3,ridge_seasonal_ensemble,later_origins,6048,2016,2,1,3,"1,2",947.5802472833432,899.3242339958058,48.25601328753737,-5.365808177227706,,,,,,,13.672974146018596,83.67732886480013,,0.5,,exploratory; insufficient time blocks,False,exploratory; cluster-t assumes independent approximately normal block scores; bootstrap descriptive; no simultaneous CI correction,,1.0,False,False,,1.0
test_00075,results/hypotheses/predictions.parquet,growth_ridge_fixed_0.3,ridge_seasonal_ensemble,targets_jun_sep,20160,2016,4,2,3,"1,2,3",907.0107305317108,856.7793667989125,50.23136373279817,-5.862812023645237,,,23.622693897325146,84.04372874241457,-185.6233163530748,286.08604381867127,22.326841257390228,80.72561549644406,0.5,0.125,0.5,exploratory; insufficient time blocks,False,exploratory; cluster-t assumes independent approximately normal block scores; bootstrap descriptive; no simultaneous CI correction,1.0,1.0,False,False,1.0,1.0
test_00076,results/hypotheses/predictions.parquet,growth_ridge_fixed_0.3,ridge_seasonal_ensemble,targets_oct_nov,12096,2016,2,1,3,"1,2,3",823.7025466391808,792.1686357592141,31.533910879966697,-3.980706816263258,,,,,,,7.532236447202106,59.62368119193168,,0.5,,exploratory; insufficient time blocks,False,exploratory; cluster-t assumes independent approximately normal block scores; bootstrap descriptive; no simultaneous CI correction,,1.0,False,False,,1.0
test_00077,results/hypotheses/predictions.parquet,growth_ridge_fixed_0.3,ridge_seasonal_ensemble,targets_dec,6048,2016,1,1,3,"1,2,3",933.4560041652634,899.3036878733885,34.152316291874854,-3.797639968833654,,,,,,,-2.4593381197928643,71.1503681310135,,,,exploratory; insufficient time blocks,False,exploratory; cluster-t assumes independent approximately normal block scores; bootstrap descriptive; no simultaneous CI correction,,,False,False,,
test_00078,results/hypotheses/predictions.parquet,growth_ridge_fixed_0.3,ridge_seasonal_ensemble,targets_jan_may,4032,2016,2,1,3,1,1183.1862240667235,1169.1909124009198,13.995311665803683,-1.1970082488123752,,,,,,,-30.67802465869256,62.430383986954055,,0.5,,exploratory; insufficient time blocks,False,exploratory; cluster-t assumes independent approximately normal block scores; bootstrap descriptive; no simultaneous CI correction,,1.0,False,False,,1.0
test_00079,results/hypotheses/predictions.parquet,growth_ridge_fixed_0.3,ridge_seasonal_ensemble,all_available,42336,2016,9,3,3,"1,2,3",913.2887164657824,874.1475414745911,39.14117499119118,-4.477639429742524,27.535416249686328,59.53744915056842,20.35160529183999,58.83526546960502,-0.5143186399671933,78.79666862234959,23.251758975981303,57.75419841115226,0.25,0.00390625,0.25,exploratory; insufficient time blocks,False,exploratory; cluster-t assumes independent approximately normal block scores; bootstrap descriptive; no simultaneous CI correction,1.0,1.0,False,False,1.0,1.0
test_00080,results/hypotheses/predictions.parquet,growth_space_ridge,ridge_seasonal_ensemble,public_origins_jun_sep,24192,2016,6,2,3,"1,2,3",876.006972432789,818.089793804466,57.91717862832297,-7.079562545204656,34.29339506693144,81.54096218971439,13.360483620550452,86.52232109486846,-242.25145195187605,358.0858092085219,36.48169600056212,78.00170471820523,0.5,0.09375,0.5,exploratory; insufficient time blocks,False,exploratory; cluster-t assumes independent approximately normal block scores; bootstrap descriptive; no simultaneous CI correction,1.0,1.0,False,False,1.0,1.0
test_00081,results/hypotheses/predictions.parquet,growth_space_ridge,ridge_seasonal_ensemble,later_origins,6048,2016,2,1,3,"1,2",874.6195355525629,899.3242339958058,-24.704698443242933,2.7470291035611245,,,,,,,-55.58573080295733,3.78456955386441,,0.5,,exploratory; insufficient time blocks,False,exploratory; cluster-t assumes independent approximately normal block scores; bootstrap descriptive; no simultaneous CI correction,,1.0,False,False,,1.0
test_00082,results/hypotheses/predictions.parquet,growth_space_ridge,ridge_seasonal_ensemble,targets_jun_sep,20160,2016,4,2,3,"1,2,3",903.540153899332,856.7793667989125,46.76078710041941,-5.457739636649564,,,-53.63692184014321,167.54235333738742,-220.05921023536283,313.58078443620167,-11.912773276263742,101.25994451373036,0.5,0.625,0.5,exploratory; insufficient time blocks,False,exploratory; cluster-t assumes independent approximately normal block scores; bootstrap descriptive; no simultaneous CI correction,1.0,1.0,False,False,1.0,1.0
test_00083,results/hypotheses/predictions.parquet,growth_space_ridge,ridge_seasonal_ensemble,targets_oct_nov,12096,2016,2,1,3,"1,2,3",850.5514151348876,792.1686357592141,58.38277937567352,-7.369993804377207,,,,,,,14.869114955058713,100.6777026063908,,0.5,,exploratory; insufficient time blocks,False,exploratory; cluster-t assumes independent approximately normal block scores; bootstrap descriptive; no simultaneous CI correction,,1.0,False,False,,1.0
test_00084,results/hypotheses/predictions.parquet,growth_space_ridge,ridge_seasonal_ensemble,targets_dec,6048,2016,1,1,3,"1,2,3",920.9153550582272,899.3036878733885,21.611667184838552,-2.4031556276550288,,,,,,,-14.737292418172052,57.6684885976618,,,,exploratory; insufficient time blocks,False,exploratory; cluster-t assumes independent approximately normal block scores; bootstrap descriptive; no simultaneous CI correction,,,False,False,,
test_00085,results/hypotheses/predictions.parquet,growth_space_ridge,ridge_seasonal_ensemble,targets_jan_may,4032,2016,2,1,3,1,1325.3198285818432,1169.1909124009198,156.1289161809234,-13.3535861872476,,,,,,,106.70524110688665,208.76635297273555,,0.5,,exploratory; insufficient time blocks,False,exploratory; cluster-t assumes independent approximately normal block scores; bootstrap descriptive; no simultaneous CI correction,,1.0,False,False,,1.0
test_00086,results/hypotheses/predictions.parquet,growth_space_ridge,ridge_seasonal_ensemble,all_available,42336,2016,9,3,3,"1,2,3",931.0521786733814,874.1475414745911,56.90463719879028,-6.509729135976107,14.772762962322004,124.6960525529014,4.910201334573425,119.4010639662082,-132.35379388956852,246.16306828714943,29.99177128100402,80.74715887630454,0.5,0.08984375,0.25,exploratory; insufficient time blocks,False,exploratory; cluster-t assumes independent approximately normal block scores; bootstrap descriptive; no simultaneous CI correction,1.0,1.0,False,False,1.0,1.0
test_00087,results/hypotheses/predictions.parquet,hierarchical_2,ridge_seasonal_ensemble,public_origins_jun_sep,24192,2016,6,2,3,"1,2,3",934.7108001988646,818.089793804466,116.6210063943986,-14.255281911299887,103.08656951686764,133.86438592636154,63.546115312084886,166.99504098245117,-55.35031956382619,288.59233235262326,80.58817038272126,159.06752651720322,0.5,0.03125,0.5,exploratory; insufficient time blocks,False,exploratory; cluster-t assumes independent approximately normal block scores; bootstrap descriptive; no simultaneous CI correction,1.0,1.0,False,False,1.0,1.0
test_00088,results/hypotheses/predictions.parquet,hierarchical_2,ridge_seasonal_ensemble,later_origins,6048,2016,2,1,3,"1,2",1096.9103189524037,899.3242339958058,197.5860849565977,-21.97050601858008,,,,,,,104.92456025527808,295.2987465605086,,0.5,,exploratory; insufficient time blocks,False,exploratory; cluster-t assumes independent approximately normal block scores; bootstrap descriptive; no simultaneous CI correction,,1.0,False,False,,1.0
test_00089,results/hypotheses/predictions.parquet,hierarchical_2,ridge_seasonal_ensemble,targets_jun_sep,24192,2016,4,2,3,"1,2,3",1247.2179819478438,950.6647588420032,296.5532231058405,-31.1943006562134,,,123.27800223504649,570.8838342750431,-983.361410336373,1576.467856548054,243.32648270590045,351.616565251343,0.5,0.125,0.5,exploratory; insufficient time blocks,False,exploratory; cluster-t assumes independent approximately normal block scores; bootstrap descriptive; no simultaneous CI correction,1.0,1.0,False,False,1.0,1.0
test_00090,results/hypotheses/predictions.parquet,hierarchical_2,ridge_seasonal_ensemble,targets_oct_nov,12096,2016,2,1,3,"1,2,3",907.5207104025544,792.1686357592141,115.35207464334042,-14.561555385588706,,,,,,,66.66922738130414,169.9908755083135,,0.5,,exploratory; insufficient time blocks,False,exploratory; cluster-t assumes independent approximately normal block scores; bootstrap descriptive; no simultaneous CI correction,,1.0,False,False,,1.0
test_00091,results/hypotheses/predictions.parquet,hierarchical_2,ridge_seasonal_ensemble,targets_dec,6048,2016,1,1,3,"1,2,3",1072.3587625770406,899.3036878733885,173.05507470365205,-19.243229738430276,,,,,,,82.90987253431527,268.89350203783454,,,,exploratory; insufficient time blocks,False,exploratory; cluster-t assumes independent approximately normal block scores; bootstrap descriptive; no simultaneous CI correction,,,False,False,,
test_00092,results/hypotheses/predictions.parquet,hierarchical_2,ridge_seasonal_ensemble,targets_jan_may,12096,2016,3,1,3,"1,2,3",1336.0347184613977,1268.157895192844,67.87682326855338,-5.3523952755292825,,,-30.953259004972047,134.54094009467988,,,-41.23209923776293,185.22590859703692,,0.5,,exploratory; insufficient time blocks,False,exploratory; cluster-t assumes independent approximately normal block scores; bootstrap descriptive; no simultaneous CI correction,,1.0,False,False,,1.0
test_00093,results/hypotheses/predictions.parquet,hierarchical_2,ridge_seasonal_ensemble,all_available,54432,2016,10,4,3,"1,2,3",1172.03794978848,980.2906427939464,191.74730699453332,-19.56025066688696,102.5987468926762,330.7069683007205,95.58192283650337,326.6133783276545,-63.26776469810568,446.7623786871727,129.80080147148254,256.61315432605744,0.125,0.00390625,0.125,exploratory; insufficient time blocks,False,exploratory; cluster-t assumes independent approximately normal block scores; bootstrap descriptive; no simultaneous CI correction,1.0,1.0,False,False,1.0,1.0
test_00094,results/hypotheses/predictions.parquet,hierarchical_2,ridge_seasonal_ensemble,public_origins_jun_sep/h6,2016,2016,1,1,6,6,2360.1862648005917,1795.5694689602276,564.6167958403637,-31.44499868152248,,,,,,,413.35319652439387,723.4896587868716,,,,exploratory; insufficient time blocks,False,exploratory; cluster-t assumes independent approximately normal block scores; bootstrap descriptive; no simultaneous CI correction,,,False,False,,
test_00095,results/hypotheses/predictions.parquet,hierarchical_2,ridge_seasonal_ensemble,targets_jun_sep/h6,4032,2016,2,1,6,6,1563.1362435040555,1549.1696666992411,13.966576804814396,-0.9015524319277736,,,,,,,-73.82019521272687,123.1360212158176,,0.5,,exploratory; insufficient time blocks,False,exploratory; cluster-t assumes independent approximately normal block scores; bootstrap descriptive; no simultaneous CI correction,,1.0,False,False,,1.0
test_00096,results/hypotheses/predictions.parquet,hierarchical_2,ridge_seasonal_ensemble,targets_oct_nov/h6,4032,2016,2,1,6,6,2419.1283734742715,1608.4929346401325,810.635438834139,-50.397202336204366,,,,,,,713.432529153724,907.4744511489524,,0.5,,exploratory; insufficient time blocks,False,exploratory; cluster-t assumes independent approximately normal block scores; bootstrap descriptive; no simultaneous CI correction,,1.0,False,False,,1.0
test_00097,results/hypotheses/predictions.parquet,hierarchical_2,ridge_seasonal_ensemble,targets_dec/h6,2016,2016,1,1,6,6,2360.1862648005917,1795.5694689602276,564.6167958403637,-31.44499868152248,,,,,,,413.35319652439387,723.4896587868716,,,,exploratory; insufficient time blocks,False,exploratory; cluster-t assumes independent approximately normal block scores; bootstrap descriptive; no simultaneous CI correction,,,False,False,,
test_00098,results/hypotheses/predictions.parquet,hierarchical_2,ridge_seasonal_ensemble,all_available/h6,10080,2016,5,1,6,6,2064.943099751449,1622.1789343277949,442.7641654236543,-27.29440976294817,,,83.65955354408689,870.569247048282,,,360.4196687643278,529.0379394781555,,0.0625,,exploratory; insufficient time blocks,False,exploratory; cluster-t assumes independent approximately normal block scores; bootstrap descriptive; no simultaneous CI correction,,1.0,False,False,,1.0
test_00099,results/hypotheses/predictions.parquet,hierarchical_3,ridge_seasonal_ensemble,public_origins_jun_sep,24192,2016,6,2,3,"1,2,3",935.2400269734536,818.089793804466,117.1502331689876,-14.319972459769865,103.24897604684328,132.52816486048394,69.55213650546695,161.44117698928918,-59.4819859187602,293.7824522567349,81.4863407285009,159.9627101033741,0.5,0.03125,0.5,exploratory; insufficient time blocks,False,exploratory; cluster-t assumes independent approximately normal block scores; bootstrap descriptive; no simultaneous CI correction,1.0,1.0,False,False,1.0,1.0
test_00100,results/hypotheses/predictions.parquet,hierarchical_3,ridge_seasonal_ensemble,later_origins,6048,2016,2,1,3,"1,2",1106.9630537735873,899.3242339958058,207.63881977778144,-23.08831586303609,,,,,,,111.403590073597,309.84874267782453,,0.5,,exploratory; insufficient time blocks,False,exploratory; cluster-t assumes independent approximately normal block scores; bootstrap descriptive; no simultaneous CI correction,,1.0,False,False,,1.0
test_00101,results/hypotheses/predictions.parquet,hierarchical_3,ridge_seasonal_ensemble,targets_jun_sep,24192,2016,4,2,3,"1,2,3",1252.807462988825,950.6647588420032,302.1427041468214,-31.78225566232821,,,127.90877741511898,577.0476878266575,-980.6757525795545,1584.9611608731975,249.76576000401005,356.78028914392354,0.5,0.125,0.5,exploratory; insufficient time blocks,False,exploratory; cluster-t assumes independent approximately normal block scores; bootstrap descriptive; no simultaneous CI correction,1.0,1.0,False,False,1.0,1.0
test_00102,results/hypotheses/predictions.parquet,hierarchical_3,ridge_seasonal_ensemble,targets_oct_nov,12096,2016,2,1,3,"1,2,3",906.9990205641128,792.1686357592141,114.8303848048986,-14.495699478791556,,,,,,,65.91076069093681,169.74060042971828,,0.5,,exploratory; insufficient time blocks,False,exploratory; cluster-t assumes independent approximately normal block scores; bootstrap descriptive; no simultaneous CI correction,,1.0,False,False,,1.0
test_00103,results/hypotheses/predictions.parquet,hierarchical_3,ridge_seasonal_ensemble,targets_dec,6048,2016,1,1,3,"1,2,3",1083.7796901350591,899.3036878733885,184.4760022616706,-20.513204243374865,,,,,,,88.15397659969062,286.5394085613266,,,,exploratory; insufficient time blocks,False,exploratory; cluster-t assumes independent approximately normal block scores; bootstrap descriptive; no simultaneous CI correction,,,False,False,,
test_00104,results/hypotheses/predictions.parquet,hierarchical_3,ridge_seasonal_ensemble,targets_jan_may,12096,2016,3,1,3,"1,2,3",1332.5954523393486,1268.157895192844,64.43755714650456,-5.081193547803902,,,-20.48340392709286,125.36026227614067,,,-43.59061231706538,180.72652690095123,,0.5,,exploratory; insufficient time blocks,False,exploratory; cluster-t assumes independent approximately normal block scores; bootstrap descriptive; no simultaneous CI correction,,1.0,False,False,,1.0
test_00105,results/hypotheses/predictions.parquet,hierarchical_3,ridge_seasonal_ensemble,all_available,54432,2016,10,4,3,"1,2,3",1174.910943099698,980.2906427939464,194.62030030575147,-19.853326330960392,103.87779633723063,335.250419024919,98.44365432656755,330.17949889357845,-66.0211440756598,455.2617446871627,132.6371413412563,259.04098304001747,0.125,0.00390625,0.125,exploratory; insufficient time blocks,False,exploratory; cluster-t assumes independent approximately normal block scores; bootstrap descriptive; no simultaneous CI correction,1.0,1.0,False,False,1.0,1.0
test_00106,results/hypotheses/predictions.parquet,hierarchical_3,ridge_seasonal_ensemble,public_origins_jun_sep/h6,2016,2016,1,1,6,6,2370.614635662924,1795.5694689602276,575.0451667026962,-32.02578216234048,,,,,,,410.2362995381991,747.0224310166093,,,,exploratory; insufficient time blocks,False,exploratory; cluster-t assumes independent approximately normal block scores; bootstrap descriptive; no simultaneous CI correction,,,False,False,,
test_00107,results/hypotheses/predictions.parquet,hierarchical_3,ridge_seasonal_ensemble,targets_jun_sep/h6,4032,2016,2,1,6,6,1579.888334460947,1549.1696666992411,30.718667761705547,-1.982911776678192,,,,,,,-66.8473061881302,149.91292494082447,,0.5,,exploratory; insufficient time blocks,False,exploratory; cluster-t assumes independent approximately normal block scores; bootstrap descriptive; no simultaneous CI correction,,1.0,False,False,,1.0
test_00108,results/hypotheses/predictions.parquet,hierarchical_3,ridge_seasonal_ensemble,targets_oct_nov/h6,4032,2016,2,1,6,6,2428.184338102519,1608.4929346401325,819.6914034623867,-50.96021162478876,,,,,,,717.9777947604989,923.824424803527,,0.5,,exploratory; insufficient time blocks,False,exploratory; cluster-t assumes independent approximately normal block scores; bootstrap descriptive; no simultaneous CI correction,,1.0,False,False,,1.0
test_00109,results/hypotheses/predictions.parquet,hierarchical_3,ridge_seasonal_ensemble,targets_dec/h6,2016,2016,1,1,6,6,2370.614635662924,1795.5694689602276,575.0451667026962,-32.02578216234048,,,,,,,410.2362995381991,747.0224310166093,,,,exploratory; insufficient time blocks,False,exploratory; cluster-t assumes independent approximately normal block scores; bootstrap descriptive; no simultaneous CI correction,,,False,False,,
test_00110,results/hypotheses/predictions.parquet,hierarchical_3,ridge_seasonal_ensemble,all_available/h6,10080,2016,5,1,6,6,2077.351996157971,1622.1789343277949,455.173061830176,-28.05936214544621,,,98.57995271307152,883.2246796578283,,,364.7671604554627,551.2584787296654,,0.0625,,exploratory; insufficient time blocks,False,exploratory; cluster-t assumes independent approximately normal block scores; bootstrap descriptive; no simultaneous CI correction,,1.0,False,False,,1.0
test_00111,results/hypotheses/predictions.parquet,hierarchical_5,ridge_seasonal_ensemble,public_origins_jun_sep,24192,2016,6,2,3,"1,2,3",939.4954790069922,818.089793804466,121.40568520252624,-14.840141769516286,106.71490180793994,136.09646859711273,86.1709719218936,157.94085546615275,-65.25841634766519,308.06978675271785,85.64711310039742,165.24709090452157,0.5,0.03125,0.5,exploratory; insufficient time blocks,False,exploratory; cluster-t assumes independent approximately normal block scores; bootstrap descriptive; no simultaneous CI correction,1.0,1.0,False,False,1.0,1.0
test_00112,results/hypotheses/predictions.parquet,hierarchical_5,ridge_seasonal_ensemble,later_origins,6048,2016,2,1,3,"1,2",1120.7402221642214,899.3242339958058,221.41598816841565,-24.62026261481221,,,,,,,121.24395011638968,329.0395160788684,,0.5,,exploratory; insufficient time blocks,False,exploratory; cluster-t assumes independent approximately normal block scores; bootstrap descriptive; no simultaneous CI correction,,1.0,False,False,,1.0
test_00113,results/hypotheses/predictions.parquet,hierarchical_5,ridge_seasonal_ensemble,targets_jun_sep,24192,2016,4,2,3,"1,2,3",1260.8023397914608,950.6647588420032,310.1375809494575,-32.62323317077973,,,136.4597124382352,583.8459538751389,-961.311320670936,1581.5864825698511,256.9130957572572,366.1246918936511,0.5,0.125,0.5,exploratory; insufficient time blocks,False,exploratory; cluster-t assumes independent approximately normal block scores; bootstrap descriptive; no simultaneous CI correction,1.0,1.0,False,False,1.0,1.0
test_00114,results/hypotheses/predictions.parquet,hierarchical_5,ridge_seasonal_ensemble,targets_oct_nov,12096,2016,2,1,3,"1,2,3",908.8809382888504,792.1686357592141,116.7123025296363,-14.73326476978974,,,,,,,68.66147990838458,171.24409945714046,,0.5,,exploratory; insufficient time blocks,False,exploratory; cluster-t assumes independent approximately normal block scores; bootstrap descriptive; no simultaneous CI correction,,1.0,False,False,,1.0
test_00115,results/hypotheses/predictions.parquet,hierarchical_5,ridge_seasonal_ensemble,targets_dec,6048,2016,1,1,3,"1,2,3",1100.7248745984114,899.3036878733885,201.42118672502284,-22.39746032859376,,,,,,,97.0892914355538,312.9789132425099,,,,exploratory; insufficient time blocks,False,exploratory; cluster-t assumes independent approximately normal block scores; bootstrap descriptive; no simultaneous CI correction,,,False,False,,
test_00116,results/hypotheses/predictions.parquet,hierarchical_5,ridge_seasonal_ensemble,targets_jan_may,12096,2016,3,1,3,"1,2,3",1329.501859773259,1268.157895192844,61.34396458041488,-4.837249747286912,,,-5.977166758164215,117.53874968892394,,,-43.16585603382445,173.67595062482098,,0.5,,exploratory; insufficient time blocks,False,exploratory; cluster-t assumes independent approximately normal block scores; bootstrap descriptive; no simultaneous CI correction,,1.0,False,False,,1.0
test_00117,results/hypotheses/predictions.parquet,hierarchical_5,ridge_seasonal_ensemble,all_available,54432,2016,10,4,3,"1,2,3",1180.077758876497,980.2906427939464,199.78711608255048,-20.380396115292207,104.78158591772092,341.0889621018398,104.27870629394124,334.71560291682846,-66.18499007826782,465.7592222433692,137.8561810630226,263.8075425887741,0.125,0.00390625,0.125,exploratory; insufficient time blocks,False,exploratory; cluster-t assumes independent approximately normal block scores; bootstrap descriptive; no simultaneous CI correction,1.0,1.0,False,False,1.0,1.0
test_00118,results/hypotheses/predictions.parquet,hierarchical_5,ridge_seasonal_ensemble,public_origins_jun_sep/h6,2016,2016,1,1,6,6,2419.350061065653,1795.5694689602276,623.7805921054253,-34.739986555164705,,,,,,,431.121077432254,826.4359008330088,,,,exploratory; insufficient time blocks,False,exploratory; cluster-t assumes independent approximately normal block scores; bootstrap descriptive; no simultaneous CI correction,,,False,False,,
test_00119,results/hypotheses/predictions.parquet,hierarchical_5,ridge_seasonal_ensemble,targets_jun_sep/h6,4032,2016,2,1,6,6,1599.4734320067323,1549.1696666992411,50.3037653074914,-3.247143704709361,,,,,,,-50.3450672987407,167.3352690969051,,0.5,,exploratory; insufficient time blocks,False,exploratory; cluster-t assumes independent approximately normal block scores; bootstrap descriptive; no simultaneous CI correction,,1.0,False,False,,1.0
test_00120,results/hypotheses/predictions.parquet,hierarchical_5,ridge_seasonal_ensemble,targets_oct_nov/h6,4032,2016,2,1,6,6,2506.4749417155326,1608.4929346401325,897.9820070754001,-55.82753817170514,,,,,,,780.1272416342644,1018.7941418085392,,0.5,,exploratory; insufficient time blocks,False,exploratory; cluster-t assumes independent approximately normal block scores; bootstrap descriptive; no simultaneous CI correction,,1.0,False,False,,1.0
test_00121,results/hypotheses/predictions.parquet,hierarchical_5,ridge_seasonal_ensemble,targets_dec/h6,2016,2016,1,1,6,6,2419.350061065653,1795.5694689602276,623.7805921054253,-34.739986555164705,,,,,,,431.121077432254,826.4359008330088,,,,exploratory; insufficient time blocks,False,exploratory; cluster-t assumes independent approximately normal block scores; bootstrap descriptive; no simultaneous CI correction,,,False,False,,
test_00122,results/hypotheses/predictions.parquet,hierarchical_5,ridge_seasonal_ensemble,all_available/h6,10080,2016,5,1,6,6,2126.249361702037,1622.1789343277949,504.07042737424194,-31.07366374370536,,,129.8948142263845,947.3861000636164,,,401.8988918826997,614.1394113521087,,0.0625,,exploratory; insufficient time blocks,False,exploratory; cluster-t assumes independent approximately normal block scores; bootstrap descriptive; no simultaneous CI correction,,1.0,False,False,,1.0
test_00123,results/hypotheses/predictions.parquet,joint_ridge,ridge_seasonal_ensemble,public_origins_jun_sep,24192,2016,6,2,3,"1,2,3",934.5186734095818,818.089793804466,116.42887960511575,-14.2317971067298,101.89554747531535,134.5766570988031,62.47156672347527,168.48184653685524,-68.23461393869478,301.0923731489263,80.14922757315318,159.7331188539292,0.5,0.03125,0.5,exploratory; insufficient time blocks,False,exploratory; cluster-t assumes independent approximately normal block scores; bootstrap descriptive; no simultaneous CI correction,1.0,1.0,False,False,1.0,1.0
test_00124,results/hypotheses/predictions.parquet,joint_ridge,ridge_seasonal_ensemble,later_origins,6048,2016,2,1,3,"1,2",1091.1918761476531,899.3242339958058,191.86764215184732,-21.33464604855096,,,,,,,109.48239962657794,277.81756575687507,,0.5,,exploratory; insufficient time blocks,False,exploratory; cluster-t assumes independent approximately normal block scores; bootstrap descriptive; no simultaneous CI correction,,1.0,False,False,,1.0
test_00125,results/hypotheses/predictions.parquet,joint_ridge,ridge_seasonal_ensemble,targets_jun_sep,24192,2016,4,2,3,"1,2,3",1238.841094924767,950.6647588420032,288.1763360827638,-30.31313966384837,,,119.97433104593556,555.167300904062,-965.6736142534852,1542.026286419013,233.08188033563175,345.70650347252297,0.5,0.125,0.5,exploratory; insufficient time blocks,False,exploratory; cluster-t assumes independent approximately normal block scores; bootstrap descriptive; no simultaneous CI correction,1.0,1.0,False,False,1.0,1.0
test_00126,results/hypotheses/predictions.parquet,joint_ridge,ridge_seasonal_ensemble,targets_oct_nov,12096,2016,2,1,3,"1,2,3",908.979732145429,792.1686357592141,116.8110963862149,-14.745736086138171,,,,,,,69.14357320256282,172.20010886854638,,0.5,,exploratory; insufficient time blocks,False,exploratory; cluster-t assumes independent approximately normal block scores; bootstrap descriptive; no simultaneous CI correction,,1.0,False,False,,1.0
test_00127,results/hypotheses/predictions.parquet,joint_ridge,ridge_seasonal_ensemble,targets_dec,6048,2016,1,1,3,"1,2,3",1061.3402322034367,899.3036878733885,162.03654433004817,-18.01800065039442,,,,,,,84.16437035232448,244.33371805629483,,,,exploratory; insufficient time blocks,False,exploratory; cluster-t assumes independent approximately normal block scores; bootstrap descriptive; no simultaneous CI correction,,,False,False,,
test_00128,results/hypotheses/predictions.parquet,joint_ridge,ridge_seasonal_ensemble,targets_jan_may,12096,2016,3,1,3,"1,2,3",1322.9194778315582,1268.157895192844,54.76158263871412,-4.31819908595741,,,-43.437016088680295,129.78676380844462,,,-49.82540776105913,166.8540089878509,,1.0,,exploratory; insufficient time blocks,False,exploratory; cluster-t assumes independent approximately normal block scores; bootstrap descriptive; no simultaneous CI correction,,1.0,False,False,,1.0
test_00129,results/hypotheses/predictions.parquet,joint_ridge,ridge_seasonal_ensemble,all_available,54432,2016,10,4,3,"1,2,3",1164.5003368729424,980.2906427939464,184.20969407899588,-18.79133453258067,95.0579510404758,320.9200998428326,88.02703979952616,316.26131598010795,-67.13563239340473,435.5550205513963,124.2438071627646,247.29121236221897,0.125,0.0078125,0.125,exploratory; insufficient time blocks,False,exploratory; cluster-t assumes independent approximately normal block scores; bootstrap descriptive; no simultaneous CI correction,1.0,1.0,False,False,1.0,1.0
test_00130,results/hypotheses/predictions.parquet,multi_fixed_a30_q0,ridge_seasonal_ensemble,public_origins_jun_sep,24192,2016,6,2,3,"1,2,3",952.6272544298486,818.089793804466,134.53746062538255,-16.445317084292917,123.26400902084724,146.17163978276392,83.36559568994821,187.53164771360852,-8.705323548102626,277.78024479886784,96.67952966608418,176.8152068088836,0.5,0.03125,0.5,exploratory; insufficient time blocks,False,exploratory; cluster-t assumes independent approximately normal block scores; bootstrap descriptive; no simultaneous CI correction,1.0,1.0,False,False,1.0,1.0
test_00131,results/hypotheses/predictions.parquet,multi_fixed_a30_q0,ridge_seasonal_ensemble,later_origins,6048,2016,2,1,3,"1,2",1121.3056752605382,899.3242339958058,221.98144126473244,-24.68313794663824,,,,,,,151.03780304784442,295.89669334078553,,0.5,,exploratory; insufficient time blocks,False,exploratory; cluster-t assumes independent approximately normal block scores; bootstrap descriptive; no simultaneous CI correction,,1.0,False,False,,1.0
test_00132,results/hypotheses/predictions.parquet,multi_fixed_a30_q0,ridge_seasonal_ensemble,targets_jun_sep,24192,2016,4,2,3,"1,2,3",1264.254548397703,950.6647588420032,313.5897895556998,-32.98636944717303,,,131.7289499422723,577.3719640422878,-1068.7184113037165,1695.8979904151156,269.3976301252308,363.3279448066508,0.5,0.125,0.5,exploratory; insufficient time blocks,False,exploratory; cluster-t assumes independent approximately normal block scores; bootstrap descriptive; no simultaneous CI correction,1.0,1.0,False,False,1.0,1.0
test_00133,results/hypotheses/predictions.parquet,multi_fixed_a30_q0,ridge_seasonal_ensemble,targets_oct_nov,12096,2016,2,1,3,"1,2,3",927.0075686128956,792.1686357592141,134.8389328536814,-17.021493501121995,,,,,,,77.51030089464133,197.2616876504051,,0.5,,exploratory; insufficient time blocks,False,exploratory; cluster-t assumes independent approximately normal block scores; bootstrap descriptive; no simultaneous CI correction,,1.0,False,False,,1.0
test_00134,results/hypotheses/predictions.parquet,multi_fixed_a30_q0,ridge_seasonal_ensemble,targets_dec,6048,2016,1,1,3,"1,2,3",1098.1352814724523,899.3036878733885,198.8315935990638,-22.109504973703277,,,,,,,122.86805603595494,278.23364198069186,,,,exploratory; insufficient time blocks,False,exploratory; cluster-t assumes independent approximately normal block scores; bootstrap descriptive; no simultaneous CI correction,,,False,False,,
test_00135,results/hypotheses/predictions.parquet,multi_fixed_a30_q0,ridge_seasonal_ensemble,targets_jan_may,12096,2016,3,1,3,"1,2,3",1398.6361958014054,1268.157895192844,130.4783006085613,-10.288805605607964,,,50.393489808307535,192.6170314794607,,,9.875197410210244,258.4162222889792,,0.25,,exploratory; insufficient time blocks,False,exploratory; cluster-t assumes independent approximately normal block scores; bootstrap descriptive; no simultaneous CI correction,,1.0,False,False,,1.0
test_00136,results/hypotheses/predictions.parquet,multi_fixed_a30_q0,ridge_seasonal_ensemble,all_available,54432,2016,10,4,3,"1,2,3",1200.7156670990964,980.2906427939464,220.42502430514992,-22.4856807443262,135.58771153510446,356.37694531469435,127.43254227994515,349.6024420009525,-27.0254046363049,467.8754532466046,160.81473681744018,281.1490829857155,0.125,0.001953125,0.125,exploratory; insufficient time blocks,False,exploratory; cluster-t assumes independent approximately normal block scores; bootstrap descriptive; no simultaneous CI correction,1.0,1.0,False,False,1.0,1.0
test_00137,results/hypotheses/predictions.parquet,multi_fixed_a30_q0,ridge_seasonal_ensemble,public_origins_jun_sep/h6,2016,2016,1,1,6,6,2232.6656600980064,1795.5694689602276,437.0961911377788,-24.34303983743336,,,,,,,320.2651775621345,565.2674160679682,,,,exploratory; insufficient time blocks,False,exploratory; cluster-t assumes independent approximately normal block scores; bootstrap descriptive; no simultaneous CI correction,,,False,False,,
test_00138,results/hypotheses/predictions.parquet,multi_fixed_a30_q0,ridge_seasonal_ensemble,targets_jun_sep/h6,4032,2016,2,1,6,6,1522.273563251839,1549.1696666992411,-26.896103447402083,1.7361625408473575,,,,,,,-164.39492459323952,145.84369645657944,,1.0,,exploratory; insufficient time blocks,False,exploratory; cluster-t assumes independent approximately normal block scores; bootstrap descriptive; no simultaneous CI correction,,1.0,False,False,,1.0
test_00139,results/hypotheses/predictions.parquet,multi_fixed_a30_q0,ridge_seasonal_ensemble,targets_oct_nov/h6,4032,2016,2,1,6,6,2262.415186842837,1608.4929346401325,653.9222522027046,-40.65434408320895,,,,,,,570.1047593276313,741.1621993427267,,0.5,,exploratory; insufficient time blocks,False,exploratory; cluster-t assumes independent approximately normal block scores; bootstrap descriptive; no simultaneous CI correction,,1.0,False,False,,1.0
test_00140,results/hypotheses/predictions.parquet,multi_fixed_a30_q0,ridge_seasonal_ensemble,targets_dec/h6,2016,2016,1,1,6,6,2232.6656600980064,1795.5694689602276,437.0961911377788,-24.34303983743336,,,,,,,320.2651775621345,565.2674160679682,,,,exploratory; insufficient time blocks,False,exploratory; cluster-t assumes independent approximately normal block scores; bootstrap descriptive; no simultaneous CI correction,,,False,False,,
test_00141,results/hypotheses/predictions.parquet,multi_fixed_a30_q0,ridge_seasonal_ensemble,all_available/h6,10080,2016,5,1,6,6,1960.4086320574716,1622.1789343277949,338.22969772967645,-20.850332264352417,,,16.23007396507964,737.1817888014142,,,251.5413609654589,434.3682172765826,,0.1875,,exploratory; insufficient time blocks,False,exploratory; cluster-t assumes independent approximately normal block scores; bootstrap descriptive; no simultaneous CI correction,,1.0,False,False,,1.0
test_00142,results/hypotheses/predictions.parquet,multi_fixed_a30_q0.5,ridge_seasonal_ensemble,public_origins_jun_sep,24192,2016,6,2,3,"1,2,3",953.0441681061242,818.089793804466,134.95437430165816,-16.49627893217722,120.0706147900434,149.83813381327252,84.73001456997783,188.15055173122963,-54.16172130073514,324.07046990405104,98.2964207357264,176.69711395438316,0.5,0.03125,0.5,exploratory; insufficient time blocks,False,exploratory; cluster-t assumes independent approximately normal block scores; bootstrap descriptive; no simultaneous CI correction,1.0,1.0,False,False,1.0,1.0
test_00143,results/hypotheses/predictions.parquet,multi_fixed_a30_q0.5,ridge_seasonal_ensemble,later_origins,6048,2016,2,1,3,"1,2",1131.5799372350964,899.3242339958058,232.2557032392906,-25.82558041467987,,,,,,,153.50468439952994,314.32281400279123,,0.5,,exploratory; insufficient time blocks,False,exploratory; cluster-t assumes independent approximately normal block scores; bootstrap descriptive; no simultaneous CI correction,,1.0,False,False,,1.0
test_00144,results/hypotheses/predictions.parquet,multi_fixed_a30_q0.5,ridge_seasonal_ensemble,targets_jun_sep,24192,2016,4,2,3,"1,2,3",1272.388999413557,950.6647588420032,321.72424057155376,-33.84202870457124,,,135.84069624436412,590.1518798767868,-1093.5010218688412,1736.9495030119488,275.8764545576243,371.426969779222,0.5,0.125,0.5,exploratory; insufficient time blocks,False,exploratory; cluster-t assumes independent approximately normal block scores; bootstrap descriptive; no simultaneous CI correction,1.0,1.0,False,False,1.0,1.0
test_00145,results/hypotheses/predictions.parquet,multi_fixed_a30_q0.5,ridge_seasonal_ensemble,targets_oct_nov,12096,2016,2,1,3,"1,2,3",924.7578261370586,792.1686357592141,132.5891903778445,-16.737495577664607,,,,,,,77.65564417702653,192.52047567394052,,0.5,,exploratory; insufficient time blocks,False,exploratory; cluster-t assumes independent approximately normal block scores; bootstrap descriptive; no simultaneous CI correction,,1.0,False,False,,1.0
test_00146,results/hypotheses/predictions.parquet,multi_fixed_a30_q0.5,ridge_seasonal_ensemble,targets_dec,6048,2016,1,1,3,"1,2,3",1106.5222399370766,899.3036878733885,207.2185520636881,-23.04211078614659,,,,,,,124.85648873411152,294.3654587744312,,,,exploratory; insufficient time blocks,False,exploratory; cluster-t assumes independent approximately normal block scores; bootstrap descriptive; no simultaneous CI correction,,,False,False,,
test_00147,results/hypotheses/predictions.parquet,multi_fixed_a30_q0.5,ridge_seasonal_ensemble,targets_jan_may,12096,2016,3,1,3,"1,2,3",1390.9249098102466,1268.157895192844,122.76701461740254,-9.680735741406538,,,33.100503092010875,189.7887280399808,,,6.64385342927456,246.15810978532355,,0.25,,exploratory; insufficient time blocks,False,exploratory; cluster-t assumes independent approximately normal block scores; bootstrap descriptive; no simultaneous CI correction,,1.0,False,False,,1.0
test_00148,results/hypotheses/predictions.parquet,multi_fixed_a30_q0.5,ridge_seasonal_ensemble,all_available,54432,2016,10,4,3,"1,2,3",1203.0493010539908,980.2906427939464,222.75865826004429,-22.72373605700808,133.89007141544013,362.2421124737607,126.71105120317024,355.7544888155593,-36.37293350541245,481.890250025501,162.76251769887273,283.72791707011226,0.125,0.001953125,0.125,exploratory; insufficient time blocks,False,exploratory; cluster-t assumes independent approximately normal block scores; bootstrap descriptive; no simultaneous CI correction,1.0,1.0,False,False,1.0,1.0
test_00149,results/hypotheses/predictions.parquet,multi_fixed_a30_q0.5,ridge_seasonal_ensemble,public_origins_jun_sep/h6,2016,2016,1,1,6,6,2264.904418491043,1795.5694689602276,469.3349495308155,-26.138501330310344,,,,,,,348.22407892615814,599.9708566225128,,,,exploratory; insufficient time blocks,False,exploratory; cluster-t assumes independent approximately normal block scores; bootstrap descriptive; no simultaneous CI correction,,,False,False,,
test_00150,results/hypotheses/predictions.parquet,multi_fixed_a30_q0.5,ridge_seasonal_ensemble,targets_jun_sep/h6,4032,2016,2,1,6,6,1545.4092601612108,1549.1696666992411,-3.760406538030338,0.2427369073164528,,,,,,,-137.66332850457144,166.94396812516297,,1.0,,exploratory; insufficient time blocks,False,exploratory; cluster-t assumes independent approximately normal block scores; bootstrap descriptive; no simultaneous CI correction,,1.0,False,False,,1.0
test_00151,results/hypotheses/predictions.parquet,multi_fixed_a30_q0.5,ridge_seasonal_ensemble,targets_oct_nov/h6,4032,2016,2,1,6,6,2289.418324880662,1608.4929346401325,680.9253902405296,-42.333129078547856,,,,,,,602.165288573718,762.6959031441912,,0.5,,exploratory; insufficient time blocks,False,exploratory; cluster-t assumes independent approximately normal block scores; bootstrap descriptive; no simultaneous CI correction,,1.0,False,False,,1.0
test_00152,results/hypotheses/predictions.parquet,multi_fixed_a30_q0.5,ridge_seasonal_ensemble,targets_dec/h6,2016,2016,1,1,6,6,2264.904418491043,1795.5694689602276,469.3349495308155,-26.138501330310344,,,,,,,348.22407892615814,599.9708566225128,,,,exploratory; insufficient time blocks,False,exploratory; cluster-t assumes independent approximately normal block scores; bootstrap descriptive; no simultaneous CI correction,,,False,False,,
test_00153,results/hypotheses/predictions.parquet,multi_fixed_a30_q0.5,ridge_seasonal_ensemble,all_available/h6,10080,2016,5,1,6,6,1986.911917714958,1622.1789343277949,364.73298338716313,-22.48414004576521,,,40.297322228207264,766.3088639731868,,,284.3469588249073,454.7835349100787,,0.1875,,exploratory; insufficient time blocks,False,exploratory; cluster-t assumes independent approximately normal block scores; bootstrap descriptive; no simultaneous CI correction,,1.0,False,False,,1.0
test_00154,results/hypotheses/predictions.parquet,multi_fixed_a30_q1,ridge_seasonal_ensemble,public_origins_jun_sep,24192,2016,6,2,3,"1,2,3",953.7603856808598,818.089793804466,135.6705918763938,-16.583826482600127,118.14508483455252,153.196098918235,87.57881662395135,188.1256968940935,-87.01208870702331,358.3532724598108,99.92878456264738,176.8833610014029,0.5,0.03125,0.5,exploratory; insufficient time blocks,False,exploratory; cluster-t assumes independent approximately normal block scores; bootstrap descriptive; no simultaneous CI correction,1.0,1.0,False,False,1.0,1.0
test_00155,results/hypotheses/predictions.parquet,multi_fixed_a30_q1,ridge_seasonal_ensemble,later_origins,6048,2016,2,1,3,"1,2",1140.7044661790153,899.3242339958058,241.3802321832095,-26.84017877631609,,,,,,,154.14400691007484,332.763632848823,,0.5,,exploratory; insufficient time blocks,False,exploratory; cluster-t assumes independent approximately normal block scores; bootstrap descriptive; no simultaneous CI correction,,1.0,False,False,,1.0
test_00156,results/hypotheses/predictions.parquet,multi_fixed_a30_q1,ridge_seasonal_ensemble,targets_jun_sep,24192,2016,4,2,3,"1,2,3",1280.0060793364669,950.6647588420032,329.3413204944634,-34.64326592853103,,,139.8742529002715,601.4771738591635,-1117.5040960495685,1776.186737038495,281.7728704870753,379.3534627733283,0.5,0.125,0.5,exploratory; insufficient time blocks,False,exploratory; cluster-t assumes independent approximately normal block scores; bootstrap descriptive; no simultaneous CI correction,1.0,1.0,False,False,1.0,1.0
test_00157,results/hypotheses/predictions.parquet,multi_fixed_a30_q1,ridge_seasonal_ensemble,targets_oct_nov,12096,2016,2,1,3,"1,2,3",922.957489130554,792.1686357592141,130.78885337134,-16.51022868962642,,,,,,,78.28033858278097,188.0459233504009,,0.5,,exploratory; insufficient time blocks,False,exploratory; cluster-t assumes independent approximately normal block scores; bootstrap descriptive; no simultaneous CI correction,,1.0,False,False,,1.0
test_00158,results/hypotheses/predictions.parquet,multi_fixed_a30_q1,ridge_seasonal_ensemble,targets_dec,6048,2016,1,1,3,"1,2,3",1115.3963829830232,899.3036878733885,216.09269510963463,-24.02889013172355,,,,,,,126.42982113990564,311.7956445429164,,,,exploratory; insufficient time blocks,False,exploratory; cluster-t assumes independent approximately normal block scores; bootstrap descriptive; no simultaneous CI correction,,,False,False,,
test_00159,results/hypotheses/predictions.parquet,multi_fixed_a30_q1,ridge_seasonal_ensemble,targets_jan_may,12096,2016,3,1,3,"1,2,3",1385.1463056405469,1268.157895192844,116.9884104477028,-9.225066601814026,,,17.854566243607405,187.91118969749468,,,4.79261340920869,236.58538308093048,,0.25,,exploratory; insufficient time blocks,False,exploratory; cluster-t assumes independent approximately normal block scores; bootstrap descriptive; no simultaneous CI correction,,1.0,False,False,,1.0
test_00160,results/hypotheses/predictions.parquet,multi_fixed_a30_q1,ridge_seasonal_ensemble,all_available,54432,2016,10,4,3,"1,2,3",1205.7364766523435,980.2906427939464,225.445833858397,-22.997856351647837,133.06879156001278,369.8144413222761,126.16001346390831,360.46768052558514,-44.21866840118824,495.11033611798246,164.97783896105832,287.50003147837555,0.125,0.001953125,0.125,exploratory; insufficient time blocks,False,exploratory; cluster-t assumes independent approximately normal block scores; bootstrap descriptive; no simultaneous CI correction,1.0,1.0,False,False,1.0,1.0
test_00161,results/hypotheses/predictions.parquet,multi_fixed_a30_q1,ridge_seasonal_ensemble,public_origins_jun_sep/h6,2016,2016,1,1,6,6,2296.484421795268,1795.5694689602276,500.91495283504014,-27.8972750146564,,,,,,,369.9983252544348,640.5586478531061,,,,exploratory; insufficient time blocks,False,exploratory; cluster-t assumes independent approximately normal block scores; bootstrap descriptive; no simultaneous CI correction,,,False,False,,
test_00162,results/hypotheses/predictions.parquet,multi_fixed_a30_q1,ridge_seasonal_ensemble,targets_jun_sep/h6,4032,2016,2,1,6,6,1571.868976534852,1549.1696666992411,22.699309835610848,-1.465256538618874,,,,,,,-108.384727969576,190.25264071087605,,1.0,,exploratory; insufficient time blocks,False,exploratory; cluster-t assumes independent approximately normal block scores; bootstrap descriptive; no simultaneous CI correction,,1.0,False,False,,1.0
test_00163,results/hypotheses/predictions.parquet,multi_fixed_a30_q1,ridge_seasonal_ensemble,targets_oct_nov/h6,4032,2016,2,1,6,6,2315.967705702269,1608.4929346401325,707.474771062137,-43.98370398937563,,,,,,,630.0717387209518,787.00667478202,,0.5,,exploratory; insufficient time blocks,False,exploratory; cluster-t assumes independent approximately normal block scores; bootstrap descriptive; no simultaneous CI correction,,1.0,False,False,,1.0
test_00164,results/hypotheses/predictions.parquet,multi_fixed_a30_q1,ridge_seasonal_ensemble,targets_dec/h6,2016,2016,1,1,6,6,2296.484421795268,1795.5694689602276,500.91495283504014,-27.8972750146564,,,,,,,369.9983252544348,640.5586478531061,,,,exploratory; insufficient time blocks,False,exploratory; cluster-t assumes independent approximately normal block scores; bootstrap descriptive; no simultaneous CI correction,,,False,False,,
test_00165,results/hypotheses/predictions.parquet,multi_fixed_a30_q1,ridge_seasonal_ensemble,all_available/h6,10080,2016,5,1,6,6,2014.4315572539024,1622.1789343277949,392.2526229261075,-24.18060145064396,,,67.10497200956227,794.8950752963436,,,316.44908740480486,479.0482997259,,0.125,,exploratory; insufficient time blocks,False,exploratory; cluster-t assumes independent approximately normal block scores; bootstrap descriptive; no simultaneous CI correction,,1.0,False,False,,1.0
test_00166,results/hypotheses/predictions.parquet,multi_fixed_a30_q1.5,ridge_seasonal_ensemble,public_origins_jun_sep,24192,2016,6,2,3,"1,2,3",955.005871105261,818.089793804466,136.916077300795,-16.736069602344863,117.85194768079616,155.98020692079365,91.22762765377654,188.54637034019865,-105.31665677278838,379.14881137437817,101.73128295930212,177.51063765741912,0.5,0.03125,0.5,exploratory; insufficient time blocks,False,exploratory; cluster-t assumes independent approximately normal block scores; bootstrap descriptive; no simultaneous CI correction,1.0,1.0,False,False,1.0,1.0
test_00167,results/hypotheses/predictions.parquet,multi_fixed_a30_q1.5,ridge_seasonal_ensemble,later_origins,6048,2016,2,1,3,"1,2",1149.1801234071102,899.3242339958058,249.8558894113044,-27.782626105955647,,,,,,,154.24159310978493,350.3221674532646,,0.5,,exploratory; insufficient time blocks,False,exploratory; cluster-t assumes independent approximately normal block scores; bootstrap descriptive; no simultaneous CI correction,,1.0,False,False,,1.0
test_00168,results/hypotheses/predictions.parquet,multi_fixed_a30_q1.5,ridge_seasonal_ensemble,targets_jun_sep,24192,2016,4,2,3,"1,2,3",1287.3010129187087,950.6647588420032,336.6362540767054,-35.41061672326628,,,143.91339127981388,611.6181650259044,-1141.3774449262107,1814.649953079621,287.33014123283,387.91014185308734,0.5,0.125,0.5,exploratory; insufficient time blocks,False,exploratory; cluster-t assumes independent approximately normal block scores; bootstrap descriptive; no simultaneous CI correction,1.0,1.0,False,False,1.0,1.0
test_00169,results/hypotheses/predictions.parquet,multi_fixed_a30_q1.5,ridge_seasonal_ensemble,targets_oct_nov,12096,2016,2,1,3,"1,2,3",922.0358326618062,792.1686357592141,129.86719690259213,-16.393882696217513,,,,,,,79.21635870058017,185.485342724264,,0.5,,exploratory; insufficient time blocks,False,exploratory; cluster-t assumes independent approximately normal block scores; bootstrap descriptive; no simultaneous CI correction,,1.0,False,False,,1.0
test_00170,results/hypotheses/predictions.parquet,multi_fixed_a30_q1.5,ridge_seasonal_ensemble,targets_dec,6048,2016,1,1,3,"1,2,3",1125.1290788411009,899.3036878733885,225.82539096771237,-25.11113809637862,,,,,,,127.98981647758788,329.8484591083061,,,,exploratory; insufficient time blocks,False,exploratory; cluster-t assumes independent approximately normal block scores; bootstrap descriptive; no simultaneous CI correction,,,False,False,,
test_00171,results/hypotheses/predictions.parquet,multi_fixed_a30_q1.5,ridge_seasonal_ensemble,targets_jan_may,12096,2016,3,1,3,"1,2,3",1380.9618432026316,1268.157895192844,112.80394800978752,-8.895102765782477,,,4.259470987483441,186.9612530301864,,,4.900614217838523,227.9784970273004,,0.25,,exploratory; insufficient time blocks,False,exploratory; cluster-t assumes independent approximately normal block scores; bootstrap descriptive; no simultaneous CI correction,,1.0,False,False,,1.0
test_00172,results/hypotheses/predictions.parquet,multi_fixed_a30_q1.5,ridge_seasonal_ensemble,all_available,54432,2016,10,4,3,"1,2,3",1208.9253869160902,980.2906427939464,228.63474412214373,-23.32315888178909,132.624896246788,376.2664249737499,126.36081874646597,366.7571469502811,-50.49142296464319,507.7609112089304,167.43531190649892,291.39041943550217,0.125,0.001953125,0.125,exploratory; insufficient time blocks,False,exploratory; cluster-t assumes independent approximately normal block scores; bootstrap descriptive; no simultaneous CI correction,1.0,1.0,False,False,1.0,1.0
test_00173,results/hypotheses/predictions.parquet,multi_fixed_a30_q1.5,ridge_seasonal_ensemble,public_origins_jun_sep/h6,2016,2016,1,1,6,6,2328.10855602517,1795.5694689602276,532.5390870649424,-29.65850646666004,,,,,,,388.8757669858754,684.7396934021289,,,,exploratory; insufficient time blocks,False,exploratory; cluster-t assumes independent approximately normal block scores; bootstrap descriptive; no simultaneous CI correction,,,False,False,,
test_00174,results/hypotheses/predictions.parquet,multi_fixed_a30_q1.5,ridge_seasonal_ensemble,targets_jun_sep/h6,4032,2016,2,1,6,6,1601.1538847680604,1549.1696666992411,51.984218068819246,-3.3556181215179683,,,,,,,-77.25444968862585,217.0795450229576,,0.5,,exploratory; insufficient time blocks,False,exploratory; cluster-t assumes independent approximately normal block scores; bootstrap descriptive; no simultaneous CI correction,,1.0,False,False,,1.0
test_00175,results/hypotheses/predictions.parquet,multi_fixed_a30_q1.5,ridge_seasonal_ensemble,targets_oct_nov/h6,4032,2016,2,1,6,6,2342.919333940883,1608.4929346401325,734.4263993007505,-45.65928662068158,,,,,,,654.1376020461676,814.6189969318068,,0.5,,exploratory; insufficient time blocks,False,exploratory; cluster-t assumes independent approximately normal block scores; bootstrap descriptive; no simultaneous CI correction,,1.0,False,False,,1.0
test_00176,results/hypotheses/predictions.parquet,multi_fixed_a30_q1.5,ridge_seasonal_ensemble,targets_dec/h6,2016,2016,1,1,6,6,2328.10855602517,1795.5694689602276,532.5390870649424,-29.65850646666004,,,,,,,388.8757669858754,684.7396934021289,,,,exploratory; insufficient time blocks,False,exploratory; cluster-t assumes independent approximately normal block scores; bootstrap descriptive; no simultaneous CI correction,,,False,False,,
test_00177,results/hypotheses/predictions.parquet,multi_fixed_a30_q1.5,ridge_seasonal_ensemble,all_available/h6,10080,2016,5,1,6,6,2043.2509986886112,1622.1789343277949,421.0720643608163,-25.957189768051197,,,96.37425247609409,823.8077382909147,,,345.5169912641699,505.5301210088133,,0.0625,,exploratory; insufficient time blocks,False,exploratory; cluster-t assumes independent approximately normal block scores; bootstrap descriptive; no simultaneous CI correction,,1.0,False,False,,1.0
test_00178,results/hypotheses/predictions.parquet,multivariate_ridge,ridge_seasonal_ensemble,public_origins_jun_sep,24192,2016,6,2,3,"1,2,3",935.3134304040984,818.089793804466,117.2236365996324,-14.32894499936157,107.34713685937768,133.04798795964038,62.82480859611338,170.03463997878976,-8.269191179362835,242.71646437862768,78.73479663868657,162.9383317043865,0.5,0.03125,0.5,exploratory; insufficient time blocks,False,exploratory; cluster-t assumes independent approximately normal block scores; bootstrap descriptive; no simultaneous CI correction,1.0,1.0,False,False,1.0,1.0
test_00179,results/hypotheses/predictions.parquet,multivariate_ridge,ridge_seasonal_ensemble,later_origins,6048,2016,2,1,3,"1,2",1087.646488743811,899.3242339958058,188.3222547480052,-20.94041810830192,,,,,,,118.31110961073652,261.4147046976476,,0.5,,exploratory; insufficient time blocks,False,exploratory; cluster-t assumes independent approximately normal block scores; bootstrap descriptive; no simultaneous CI correction,,1.0,False,False,,1.0
test_00180,results/hypotheses/predictions.parquet,multivariate_ridge,ridge_seasonal_ensemble,targets_jun_sep,24192,2016,4,2,3,"1,2,3",1227.318246765129,950.6647588420032,276.6534879231258,-29.101056429199613,,,113.87575636140608,540.3994694301427,-928.3116529583403,1481.618628804592,230.2589466592362,323.93829185343634,0.5,0.125,0.5,exploratory; insufficient time blocks,False,exploratory; cluster-t assumes independent approximately normal block scores; bootstrap descriptive; no simultaneous CI correction,1.0,1.0,False,False,1.0,1.0
test_00181,results/hypotheses/predictions.parquet,multivariate_ridge,ridge_seasonal_ensemble,targets_oct_nov,12096,2016,2,1,3,"1,2,3",913.6726159029388,792.1686357592141,121.5039801437248,-15.3381457759023,,,,,,,69.09519675985473,182.0307748487458,,0.5,,exploratory; insufficient time blocks,False,exploratory; cluster-t assumes independent approximately normal block scores; bootstrap descriptive; no simultaneous CI correction,,1.0,False,False,,1.0
test_00182,results/hypotheses/predictions.parquet,multivariate_ridge,ridge_seasonal_ensemble,targets_dec,6048,2016,1,1,3,"1,2,3",1059.3122560526992,899.3036878733885,160.0085681793107,-17.792495498121216,,,,,,,90.14345186100996,233.54258929661933,,,,exploratory; insufficient time blocks,False,exploratory; cluster-t assumes independent approximately normal block scores; bootstrap descriptive; no simultaneous CI correction,,,False,False,,
test_00183,results/hypotheses/predictions.parquet,multivariate_ridge,ridge_seasonal_ensemble,targets_jan_may,12096,2016,3,1,3,"1,2,3",1335.9308295452404,1268.157895192844,67.7729343523963,-5.344203163446799,,,-48.03629482645169,140.84191304711456,,,-42.05670705876752,184.69658867550177,,0.75,,exploratory; insufficient time blocks,False,exploratory; cluster-t assumes independent approximately normal block scores; bootstrap descriptive; no simultaneous CI correction,,1.0,False,False,,1.0
test_00184,results/hypotheses/predictions.parquet,multivariate_ridge,ridge_seasonal_ensemble,all_available,54432,2016,10,4,3,"1,2,3",1163.0880148899528,980.2906427939464,182.79737209600623,-18.64726277249895,101.86877236543258,311.9946086147007,91.38050807929334,311.0027737680652,-49.328615175129215,414.92335936714176,125.4514049253565,241.91466006041225,0.125,0.005859375,0.125,exploratory; insufficient time blocks,False,exploratory; cluster-t assumes independent approximately normal block scores; bootstrap descriptive; no simultaneous CI correction,1.0,1.0,False,False,1.0,1.0
test_00185,results/hypotheses/predictions.parquet,multivariate_ridge,ridge_seasonal_ensemble,public_origins_jun_sep/h6,2016,2016,1,1,6,6,2195.067860464944,1795.5694689602276,399.4983915047162,-22.24911920205774,,,,,,,297.3543052197423,510.6391266330995,,,,exploratory; insufficient time blocks,False,exploratory; cluster-t assumes independent approximately normal block scores; bootstrap descriptive; no simultaneous CI correction,,,False,False,,
test_00186,results/hypotheses/predictions.parquet,multivariate_ridge,ridge_seasonal_ensemble,targets_jun_sep/h6,4032,2016,2,1,6,6,1446.5489224042135,1549.1696666992411,-102.62074429502763,6.624241779383525,,,,,,,-185.67669632918685,2.3297021292932567,,0.5,,exploratory; insufficient time blocks,False,exploratory; cluster-t assumes independent approximately normal block scores; bootstrap descriptive; no simultaneous CI correction,,1.0,False,False,,1.0
test_00187,results/hypotheses/predictions.parquet,multivariate_ridge,ridge_seasonal_ensemble,targets_oct_nov/h6,4032,2016,2,1,6,6,2290.933163742456,1608.4929346401325,682.4402291023232,-42.42730660517358,,,,,,,611.8890939905673,752.9831213112726,,0.5,,exploratory; insufficient time blocks,False,exploratory; cluster-t assumes independent approximately normal block scores; bootstrap descriptive; no simultaneous CI correction,,1.0,False,False,,1.0
test_00188,results/hypotheses/predictions.parquet,multivariate_ridge,ridge_seasonal_ensemble,targets_dec/h6,2016,2016,1,1,6,6,2195.067860464944,1795.5694689602276,399.4983915047162,-22.24911920205774,,,,,,,297.3543052197423,510.6391266330995,,,,exploratory; insufficient time blocks,False,exploratory; cluster-t assumes independent approximately normal block scores; bootstrap descriptive; no simultaneous CI correction,,,False,False,,
test_00189,results/hypotheses/predictions.parquet,multivariate_ridge,ridge_seasonal_ensemble,all_available/h6,10080,2016,5,1,6,6,1934.0064065516565,1622.1789343277949,311.8274722238616,-19.222754384557334,,,-38.686910909516754,739.7850392761636,,,256.0419243419318,375.1867072525678,,0.25,,exploratory; insufficient time blocks,False,exploratory; cluster-t assumes independent approximately normal block scores; bootstrap descriptive; no simultaneous CI correction,,1.0,False,False,,1.0
test_00190,results/hypotheses/predictions.parquet,municipality_bias,ridge_seasonal_ensemble,public_origins_jun_sep,24192,2016,6,2,3,"1,2,3",942.676881039206,818.089793804466,124.5870872347399,-15.22902353485635,117.61231401356105,134.42137630396107,78.10596986321023,173.59691119168411,65.32870843661385,183.8454660328657,85.70860023932765,173.37638367152232,0.5,0.03125,0.5,exploratory; insufficient time blocks,False,exploratory; cluster-t assumes independent approximately normal block scores; bootstrap descriptive; no simultaneous CI correction,1.0,1.0,False,False,1.0,1.0
test_00191,results/hypotheses/predictions.parquet,municipality_bias,ridge_seasonal_ensemble,later_origins,6048,2016,2,1,3,"1,2",1120.35912463772,899.3242339958058,221.03489064191425,-24.577886627143315,,,,,,,132.59555736473322,314.6198347007608,,0.5,,exploratory; insufficient time blocks,False,exploratory; cluster-t assumes independent approximately normal block scores; bootstrap descriptive; no simultaneous CI correction,,1.0,False,False,,1.0
test_00192,results/hypotheses/predictions.parquet,municipality_bias,ridge_seasonal_ensemble,targets_jun_sep,24192,2016,4,2,3,"1,2,3",1244.9612693025615,950.6647588420032,294.29651046055847,-30.95691806426469,,,123.14115118093072,564.8227268108993,-970.5435820254768,1559.1366029465937,238.87696868334623,352.4791011476447,0.5,0.125,0.5,exploratory; insufficient time blocks,False,exploratory; cluster-t assumes independent approximately normal block scores; bootstrap descriptive; no simultaneous CI correction,1.0,1.0,False,False,1.0,1.0
test_00193,results/hypotheses/predictions.parquet,municipality_bias,ridge_seasonal_ensemble,targets_oct_nov,12096,2016,2,1,3,"1,2,3",920.7454420566036,792.1686357592141,128.57680629738957,-16.23098927340914,,,,,,,78.31823957673545,188.71419660183972,,0.5,,exploratory; insufficient time blocks,False,exploratory; cluster-t assumes independent approximately normal block scores; bootstrap descriptive; no simultaneous CI correction,,1.0,False,False,,1.0
test_00194,results/hypotheses/predictions.parquet,municipality_bias,ridge_seasonal_ensemble,targets_dec,6048,2016,1,1,3,"1,2,3",1103.0316692800473,899.3036878733885,203.72798140665876,-22.653969304676224,,,,,,,123.6491183995426,289.0012018849968,,,,exploratory; insufficient time blocks,False,exploratory; cluster-t assumes independent approximately normal block scores; bootstrap descriptive; no simultaneous CI correction,,,False,False,,
test_00195,results/hypotheses/predictions.parquet,municipality_bias,ridge_seasonal_ensemble,targets_jan_may,12096,2016,3,1,3,"1,2,3",1334.7802941249788,1268.157895192844,66.62239893213473,-5.253478228908058,,,-42.62159406372112,141.9791970527416,,,-39.08462729625453,180.1900417046413,,0.75,,exploratory; insufficient time blocks,False,exploratory; cluster-t assumes independent approximately normal block scores; bootstrap descriptive; no simultaneous CI correction,,1.0,False,False,,1.0
test_00196,results/hypotheses/predictions.parquet,municipality_bias,ridge_seasonal_ensemble,all_available,54432,2016,10,4,3,"1,2,3",1177.103135428162,980.2906427939464,196.81249263421543,-20.07695310375259,109.84144217078403,329.63229482984366,101.05763272054811,327.4329849912914,-50.25278259067264,443.8777678591041,136.7486747112151,259.20869722157084,0.125,0.005859375,0.125,exploratory; insufficient time blocks,False,exploratory; cluster-t assumes independent approximately normal block scores; bootstrap descriptive; no simultaneous CI correction,1.0,1.0,False,False,1.0,1.0
test_00197,results/hypotheses/predictions.parquet,municipality_bias,ridge_seasonal_ensemble,public_origins_jun_sep/h6,2016,2016,1,1,6,6,2311.5398423313245,1795.5694689602276,515.9703733710969,-28.735751096830764,,,,,,,371.05324510158505,670.5453139766494,,,,exploratory; insufficient time blocks,False,exploratory; cluster-t assumes independent approximately normal block scores; bootstrap descriptive; no simultaneous CI correction,,,False,False,,
test_00198,results/hypotheses/predictions.parquet,municipality_bias,ridge_seasonal_ensemble,targets_jun_sep/h6,4032,2016,2,1,6,6,1552.7562368529193,1549.1696666992411,3.586570153678167,-0.2315156454954311,,,,,,,-77.85008263608238,105.37652251993389,,1.0,,exploratory; insufficient time blocks,False,exploratory; cluster-t assumes independent approximately normal block scores; bootstrap descriptive; no simultaneous CI correction,,1.0,False,False,,1.0
test_00199,results/hypotheses/predictions.parquet,municipality_bias,ridge_seasonal_ensemble,targets_oct_nov/h6,4032,2016,2,1,6,6,2373.794322954062,1608.4929346401325,765.3013883139295,-47.578784577325486,,,,,,,660.9423753152897,871.4401267752951,,0.5,,exploratory; insufficient time blocks,False,exploratory; cluster-t assumes independent approximately normal block scores; bootstrap descriptive; no simultaneous CI correction,,1.0,False,False,,1.0
test_00200,results/hypotheses/predictions.parquet,municipality_bias,ridge_seasonal_ensemble,targets_dec/h6,2016,2016,1,1,6,6,2311.5398423313245,1795.5694689602276,515.9703733710969,-28.735751096830764,,,,,,,371.05324510158505,670.5453139766494,,,,exploratory; insufficient time blocks,False,exploratory; cluster-t assumes independent approximately normal block scores; bootstrap descriptive; no simultaneous CI correction,,,False,False,,
test_00201,results/hypotheses/predictions.parquet,municipality_bias,ridge_seasonal_ensemble,all_available/h6,10080,2016,5,1,6,6,2032.9281923890576,1622.1789343277949,410.7492580612627,-25.320835412738894,,,65.919926746594,829.7269062492231,,,329.1702982687413,494.5806892926523,,0.125,,exploratory; insufficient time blocks,False,exploratory; cluster-t assumes independent approximately normal block scores; bootstrap descriptive; no simultaneous CI correction,,1.0,False,False,,1.0
test_00202,results/hypotheses/predictions.parquet,pls_rank2,ridge_seasonal_ensemble,public_origins_jun_sep,24192,2016,6,2,3,"1,2,3",1204.660785081258,818.089793804466,386.5709912767919,-47.252880332252055,351.08416865526254,396.40742121169774,348.9826962496825,444.5038811979336,261.5872986483074,511.5546839052763,325.79842104536334,451.82817344075806,0.5,0.03125,0.5,exploratory; insufficient time blocks,False,exploratory; cluster-t assumes independent approximately normal block scores; bootstrap descriptive; no simultaneous CI correction,1.0,1.0,False,False,1.0,1.0
test_00203,results/hypotheses/predictions.parquet,pls_rank2,ridge_seasonal_ensemble,later_origins,6048,2016,2,1,3,"1,2",1514.3796184294697,899.3242339958058,615.0553844336637,-68.39083849668974,,,,,,,503.353898765188,723.5852403703416,,0.5,,exploratory; insufficient time blocks,False,exploratory; cluster-t assumes independent approximately normal block scores; bootstrap descriptive; no simultaneous CI correction,,1.0,False,False,,1.0
test_00204,results/hypotheses/predictions.parquet,pls_rank2,ridge_seasonal_ensemble,targets_jun_sep,24192,2016,4,2,3,"1,2,3",1507.2868137354922,950.6647588420032,556.6220548934889,-58.55082453792708,,,372.66890475997536,794.9430643079651,-908.5621214389548,2021.806231225933,487.94636548495714,626.0625684348969,0.5,0.125,0.5,exploratory; insufficient time blocks,False,exploratory; cluster-t assumes independent approximately normal block scores; bootstrap descriptive; no simultaneous CI correction,1.0,1.0,False,False,1.0,1.0
test_00205,results/hypotheses/predictions.parquet,pls_rank2,ridge_seasonal_ensemble,targets_oct_nov,12096,2016,2,1,3,"1,2,3",1171.6319227394545,792.1686357592141,379.4632869802404,-47.90183173770354,,,,,,,294.4019301333794,475.3720890592218,,0.5,,exploratory; insufficient time blocks,False,exploratory; cluster-t assumes independent approximately normal block scores; bootstrap descriptive; no simultaneous CI correction,,1.0,False,False,,1.0
test_00206,results/hypotheses/predictions.parquet,pls_rank2,ridge_seasonal_ensemble,targets_dec,6048,2016,1,1,3,"1,2,3",1508.901621030343,899.3036878733885,609.5979331569545,-67.78554801643143,,,,,,,484.49415873596735,730.134523665416,,,,exploratory; insufficient time blocks,False,exploratory; cluster-t assumes independent approximately normal block scores; bootstrap descriptive; no simultaneous CI correction,,,False,False,,
test_00207,results/hypotheses/predictions.parquet,pls_rank2,ridge_seasonal_ensemble,targets_jan_may,12096,2016,3,1,3,"1,2,3",1474.8545568380694,1268.157895192844,206.69666164522528,-16.29896895558054,,,-14.466678766490102,318.7808055823377,,,111.39132893853132,304.5344796868016,,0.5,,exploratory; insufficient time blocks,False,exploratory; cluster-t assumes independent approximately normal block scores; bootstrap descriptive; no simultaneous CI correction,,1.0,False,False,,1.0
test_00208,results/hypotheses/predictions.parquet,pls_rank2,ridge_seasonal_ensemble,all_available,54432,2016,10,4,3,"1,2,3",1425.669092791929,980.2906427939464,445.3784499979824,-45.43330626196739,304.4906015893081,583.4999909422586,312.94938254984964,584.5150683333059,119.63950345951008,771.1173965364546,370.473309782702,521.3157153125143,0.125,0.00390625,0.125,exploratory; insufficient time blocks,False,exploratory; cluster-t assumes independent approximately normal block scores; bootstrap descriptive; no simultaneous CI correction,1.0,1.0,False,False,1.0,1.0
test_00209,results/hypotheses/predictions.parquet,pls_rank2,ridge_seasonal_ensemble,public_origins_jun_sep/h6,2016,2016,1,1,6,6,2433.9769739401286,1795.5694689602276,638.407504979901,-35.55459791536709,,,,,,,493.804562964662,784.0282314912101,,,,exploratory; insufficient time blocks,False,exploratory; cluster-t assumes independent approximately normal block scores; bootstrap descriptive; no simultaneous CI correction,,,False,False,,
test_00210,results/hypotheses/predictions.parquet,pls_rank2,ridge_seasonal_ensemble,targets_jun_sep/h6,4032,2016,2,1,6,6,1638.4707276111733,1549.1696666992411,89.30106091193215,-5.764446776330357,,,,,,,-13.46758877475321,224.64107136811987,,0.5,,exploratory; insufficient time blocks,False,exploratory; cluster-t assumes independent approximately normal block scores; bootstrap descriptive; no simultaneous CI correction,,1.0,False,False,,1.0
test_00211,results/hypotheses/predictions.parquet,pls_rank2,ridge_seasonal_ensemble,targets_oct_nov/h6,4032,2016,2,1,6,6,2459.1459872302503,1608.4929346401325,850.6530525901178,-52.885097240444765,,,,,,,756.4838975289002,941.5073968682444,,0.5,,exploratory; insufficient time blocks,False,exploratory; cluster-t assumes independent approximately normal block scores; bootstrap descriptive; no simultaneous CI correction,,1.0,False,False,,1.0
test_00212,results/hypotheses/predictions.parquet,pls_rank2,ridge_seasonal_ensemble,targets_dec/h6,2016,2016,1,1,6,6,2433.9769739401286,1795.5694689602276,638.407504979901,-35.55459791536709,,,,,,,493.804562964662,784.0282314912101,,,,exploratory; insufficient time blocks,False,exploratory; cluster-t assumes independent approximately normal block scores; bootstrap descriptive; no simultaneous CI correction,,,False,False,,
test_00213,results/hypotheses/predictions.parquet,pls_rank2,ridge_seasonal_ensemble,all_available/h6,10080,2016,5,1,6,6,2125.842080724596,1622.1789343277949,503.6631463968008,-31.04855671211825,,,150.89203302281533,931.4121296882169,,,428.1118731840364,583.5159825967986,,0.0625,,exploratory; insufficient time blocks,False,exploratory; cluster-t assumes independent approximately normal block scores; bootstrap descriptive; no simultaneous CI correction,,1.0,False,False,,1.0
test_00214,results/hypotheses/predictions.parquet,pls_rank4,ridge_seasonal_ensemble,public_origins_jun_sep,24192,2016,6,2,3,"1,2,3",1037.7126481201549,818.089793804466,219.62285431568864,-26.845812767611832,213.94966791287183,238.2242100333516,169.23377950564438,271.50788138157134,147.53818637355673,291.7075222578204,172.47862525399773,272.7832657404342,0.5,0.03125,0.5,exploratory; insufficient time blocks,False,exploratory; cluster-t assumes independent approximately normal block scores; bootstrap descriptive; no simultaneous CI correction,1.0,1.0,False,False,1.0,1.0
test_00215,results/hypotheses/predictions.parquet,pls_rank4,ridge_seasonal_ensemble,later_origins,6048,2016,2,1,3,"1,2",1246.4085279369783,899.3242339958058,347.08429394117275,-38.59389982176233,,,,,,,268.66225254970107,432.59010075251297,,0.5,,exploratory; insufficient time blocks,False,exploratory; cluster-t assumes independent approximately normal block scores; bootstrap descriptive; no simultaneous CI correction,,1.0,False,False,,1.0
test_00216,results/hypotheses/predictions.parquet,pls_rank4,ridge_seasonal_ensemble,targets_jun_sep,24192,2016,4,2,3,"1,2,3",1336.5925393305247,950.6647588420032,385.9277804885214,-40.59557029952565,,,214.8991982717466,630.622544367133,-911.3128661025708,1683.168427079614,334.8545048143049,451.0777007490321,0.5,0.125,0.5,exploratory; insufficient time blocks,False,exploratory; cluster-t assumes independent approximately normal block scores; bootstrap descriptive; no simultaneous CI correction,1.0,1.0,False,False,1.0,1.0
test_00217,results/hypotheses/predictions.parquet,pls_rank4,ridge_seasonal_ensemble,targets_oct_nov,12096,2016,2,1,3,"1,2,3",1014.4025123626492,792.1686357592141,222.23387660343496,-28.05385956620791,,,,,,,148.49444207987963,303.4341247854111,,0.5,,exploratory; insufficient time blocks,False,exploratory; cluster-t assumes independent approximately normal block scores; bootstrap descriptive; no simultaneous CI correction,,1.0,False,False,,1.0
test_00218,results/hypotheses/predictions.parquet,pls_rank4,ridge_seasonal_ensemble,targets_dec,6048,2016,1,1,3,"1,2,3",1252.512310044702,899.3036878733885,353.20862217131344,-39.27578936171794,,,,,,,268.74388567294216,447.3785320612457,,,,exploratory; insufficient time blocks,False,exploratory; cluster-t assumes independent approximately normal block scores; bootstrap descriptive; no simultaneous CI correction,,,False,False,,
test_00219,results/hypotheses/predictions.parquet,pls_rank4,ridge_seasonal_ensemble,targets_jan_may,12096,2016,3,1,3,"1,2,3",1460.761771609336,1268.157895192844,192.60387641649183,-15.187688942093704,,,120.37774845342643,247.6757048401673,,,47.47270351112829,347.5576885697635,,0.25,,exploratory; insufficient time blocks,False,exploratory; cluster-t assumes independent approximately normal block scores; bootstrap descriptive; no simultaneous CI correction,,1.0,False,False,,1.0
test_00220,results/hypotheses/predictions.parquet,pls_rank4,ridge_seasonal_ensemble,all_available,54432,2016,10,4,3,"1,2,3",1283.2456705900854,980.2906427939464,302.9550277961389,-30.90461283325938,218.00092939788436,420.519429416266,208.7287457778597,424.5894061497178,66.12277129482928,539.7872842974491,239.1457435739272,369.9443725679607,0.125,0.001953125,0.125,exploratory; insufficient time blocks,False,exploratory; cluster-t assumes independent approximately normal block scores; bootstrap descriptive; no simultaneous CI correction,1.0,1.0,False,False,1.0,1.0
test_00221,results/hypotheses/predictions.parquet,pls_rank4,ridge_seasonal_ensemble,public_origins_jun_sep/h6,2016,2016,1,1,6,6,2323.1730712651038,1795.5694689602276,527.6036023048757,-29.38363630176886,,,,,,,374.6285161442065,688.5089016117174,,,,exploratory; insufficient time blocks,False,exploratory; cluster-t assumes independent approximately normal block scores; bootstrap descriptive; no simultaneous CI correction,,,False,False,,
test_00222,results/hypotheses/predictions.parquet,pls_rank4,ridge_seasonal_ensemble,targets_jun_sep/h6,4032,2016,2,1,6,6,1561.8553260095946,1549.1696666992411,12.685659310353458,-0.8188682997765071,,,,,,,-125.39446039299148,189.80350942472188,,1.0,,exploratory; insufficient time blocks,False,exploratory; cluster-t assumes independent approximately normal block scores; bootstrap descriptive; no simultaneous CI correction,,1.0,False,False,,1.0
test_00223,results/hypotheses/predictions.parquet,pls_rank4,ridge_seasonal_ensemble,targets_oct_nov/h6,4032,2016,2,1,6,6,2250.8630113059544,1608.4929346401325,642.3700766658219,-39.93614537135279,,,,,,,501.15412252485976,777.735476630171,,0.5,,exploratory; insufficient time blocks,False,exploratory; cluster-t assumes independent approximately normal block scores; bootstrap descriptive; no simultaneous CI correction,,1.0,False,False,,1.0
test_00224,results/hypotheses/predictions.parquet,pls_rank4,ridge_seasonal_ensemble,targets_dec/h6,2016,2016,1,1,6,6,2323.1730712651038,1795.5694689602276,527.6036023048757,-29.38363630176886,,,,,,,374.6285161442065,688.5089016117174,,,,exploratory; insufficient time blocks,False,exploratory; cluster-t assumes independent approximately normal block scores; bootstrap descriptive; no simultaneous CI correction,,,False,False,,
test_00225,results/hypotheses/predictions.parquet,pls_rank4,ridge_seasonal_ensemble,all_available/h6,10080,2016,5,1,6,6,1989.7219491792407,1622.1789343277949,367.5430148514458,-22.657365785837296,,,48.99658451249121,747.7806477923954,,,251.7200235732168,487.82209076115566,,0.125,,exploratory; insufficient time blocks,False,exploratory; cluster-t assumes independent approximately normal block scores; bootstrap descriptive; no simultaneous CI correction,,1.0,False,False,,1.0
test_00226,results/hypotheses/predictions.parquet,pls_rank6,ridge_seasonal_ensemble,public_origins_jun_sep,24192,2016,6,2,3,"1,2,3",973.8787203967744,818.089793804466,155.78892659230826,-19.04301065385786,143.60492063938807,182.26068895777823,81.73054557119238,233.94860864755145,0.9764524445976406,310.6014007400188,106.25333577835876,210.5157295779521,0.5,0.03125,0.5,exploratory; insufficient time blocks,False,exploratory; cluster-t assumes independent approximately normal block scores; bootstrap descriptive; no simultaneous CI correction,1.0,1.0,False,False,1.0,1.0
test_00227,results/hypotheses/predictions.parquet,pls_rank6,ridge_seasonal_ensemble,later_origins,6048,2016,2,1,3,"1,2",1079.7729092319487,899.3242339958058,180.4486752361429,-20.064918570512408,,,,,,,122.39811096757856,243.080491916594,,0.5,,exploratory; insufficient time blocks,False,exploratory; cluster-t assumes independent approximately normal block scores; bootstrap descriptive; no simultaneous CI correction,,1.0,False,False,,1.0
test_00228,results/hypotheses/predictions.parquet,pls_rank6,ridge_seasonal_ensemble,targets_jun_sep,24192,2016,4,2,3,"1,2,3",1231.1951495464086,950.6647588420032,280.53039070440536,-29.50886609556423,,,134.87393978166756,521.8339516425073,-784.6533173650785,1345.7140987738892,240.0802663764136,329.7491071891186,0.5,0.125,0.5,exploratory; insufficient time blocks,False,exploratory; cluster-t assumes independent approximately normal block scores; bootstrap descriptive; no simultaneous CI correction,1.0,1.0,False,False,1.0,1.0
test_00229,results/hypotheses/predictions.parquet,pls_rank6,ridge_seasonal_ensemble,targets_oct_nov,12096,2016,2,1,3,"1,2,3",961.845056622588,792.1686357592141,169.67642086337378,-21.419229846275847,,,,,,,92.72580162549832,255.16702479553896,,0.5,,exploratory; insufficient time blocks,False,exploratory; cluster-t assumes independent approximately normal block scores; bootstrap descriptive; no simultaneous CI correction,,1.0,False,False,,1.0
test_00230,results/hypotheses/predictions.parquet,pls_rank6,ridge_seasonal_ensemble,targets_dec,6048,2016,1,1,3,"1,2,3",1076.3453864732403,899.3036878733885,177.04169859985177,-19.686530922441538,,,,,,,108.69922201200134,249.1805093247985,,,,exploratory; insufficient time blocks,False,exploratory; cluster-t assumes independent approximately normal block scores; bootstrap descriptive; no simultaneous CI correction,,,False,False,,
test_00231,results/hypotheses/predictions.parquet,pls_rank6,ridge_seasonal_ensemble,targets_jan_may,12096,2016,3,1,3,"1,2,3",1423.3457581624,1268.157895192844,155.1878629695559,-12.237266633580912,,,1.5285181948190747,221.3752029872593,,,-18.848117880559524,346.143757489586,,0.25,,exploratory; insufficient time blocks,False,exploratory; cluster-t assumes independent approximately normal block scores; bootstrap descriptive; no simultaneous CI correction,,1.0,False,False,,1.0
test_00232,results/hypotheses/predictions.parquet,pls_rank6,ridge_seasonal_ensemble,all_available,54432,2016,10,4,3,"1,2,3",1196.834179358761,980.2906427939464,216.54353656481453,-22.08972799614197,157.80299549912917,326.6084596286166,128.18739977550584,334.3150090533582,40.96203098963037,392.1250421399992,148.95254121378363,287.0395959606006,0.125,0.001953125,0.125,exploratory; insufficient time blocks,False,exploratory; cluster-t assumes independent approximately normal block scores; bootstrap descriptive; no simultaneous CI correction,1.0,1.0,False,False,1.0,1.0
test_00233,results/hypotheses/predictions.parquet,pls_rank6,ridge_seasonal_ensemble,public_origins_jun_sep/h6,2016,2016,1,1,6,6,2204.1641338121294,1795.5694689602276,408.5946648519018,-22.7557146585094,,,,,,,274.0560449059212,558.5815580816751,,,,exploratory; insufficient time blocks,False,exploratory; cluster-t assumes independent approximately normal block scores; bootstrap descriptive; no simultaneous CI correction,,,False,False,,
test_00234,results/hypotheses/predictions.parquet,pls_rank6,ridge_seasonal_ensemble,targets_jun_sep/h6,4032,2016,2,1,6,6,1427.3373856238206,1549.1696666992411,-121.8322810754205,7.864360095237603,,,,,,,-273.7133638817201,55.33066705704858,,1.0,,exploratory; insufficient time blocks,False,exploratory; cluster-t assumes independent approximately normal block scores; bootstrap descriptive; no simultaneous CI correction,,1.0,False,False,,1.0
test_00235,results/hypotheses/predictions.parquet,pls_rank6,ridge_seasonal_ensemble,targets_oct_nov/h6,4032,2016,2,1,6,6,2192.2339568476377,1608.4929346401325,583.7410222075052,-36.29117726514014,,,,,,,461.6679049852429,704.3430246488014,,0.5,,exploratory; insufficient time blocks,False,exploratory; cluster-t assumes independent approximately normal block scores; bootstrap descriptive; no simultaneous CI correction,,1.0,False,False,,1.0
test_00236,results/hypotheses/predictions.parquet,pls_rank6,ridge_seasonal_ensemble,targets_dec/h6,2016,2016,1,1,6,6,2204.1641338121294,1795.5694689602276,408.5946648519018,-22.7557146585094,,,,,,,274.0560449059212,558.5815580816751,,,,exploratory; insufficient time blocks,False,exploratory; cluster-t assumes independent approximately normal block scores; bootstrap descriptive; no simultaneous CI correction,,,False,False,,
test_00237,results/hypotheses/predictions.parquet,pls_rank6,ridge_seasonal_ensemble,all_available/h6,10080,2016,5,1,6,6,1888.6613637510093,1622.1789343277949,266.4824294232144,-16.427437429005973,,,-71.46217059928411,660.1423081550407,,,151.16736916358525,385.3505250272766,,0.3125,,exploratory; insufficient time blocks,False,exploratory; cluster-t assumes independent approximately normal block scores; bootstrap descriptive; no simultaneous CI correction,,1.0,False,False,,1.0
test_00238,results/hypotheses/predictions.parquet,ridge_on_growth_folds,ridge_seasonal_ensemble,public_origins_jun_sep,24192,2016,6,2,3,"1,2,3",933.93212945885,818.089793804466,115.8423356543841,-14.160100337600827,102.94267851971672,131.9844001184551,61.85784933911694,168.27237807707908,-48.0633489284763,279.7480202372444,79.73153449832795,158.9919370458585,0.5,0.03125,0.5,exploratory; insufficient time blocks,False,exploratory; cluster-t assumes independent approximately normal block scores; bootstrap descriptive; no simultaneous CI correction,1.0,1.0,False,False,1.0,1.0
test_00239,results/hypotheses/predictions.parquet,ridge_on_growth_folds,ridge_seasonal_ensemble,later_origins,6048,2016,2,1,3,"1,2",1097.2818194580805,899.3242339958058,197.95758546227464,-22.01181486934087,,,,,,,111.41224855541988,288.7041859183624,,0.5,,exploratory; insufficient time blocks,False,exploratory; cluster-t assumes independent approximately normal block scores; bootstrap descriptive; no simultaneous CI correction,,1.0,False,False,,1.0
test_00240,results/hypotheses/predictions.parquet,ridge_on_growth_folds,ridge_seasonal_ensemble,targets_jun_sep,20160,2016,4,2,3,"1,2,3",1086.8969784022336,856.7793667989125,230.11761160332105,-26.85844460319853,,,126.1664803817607,356.43517578396506,-845.0823746962033,1305.3175979028456,184.6105847405979,277.5829212994777,0.5,0.125,0.5,exploratory; insufficient time blocks,False,exploratory; cluster-t assumes independent approximately normal block scores; bootstrap descriptive; no simultaneous CI correction,1.0,1.0,False,False,1.0,1.0
test_00241,results/hypotheses/predictions.parquet,ridge_on_growth_folds,ridge_seasonal_ensemble,targets_oct_nov,12096,2016,2,1,3,"1,2,3",909.1155142388338,792.1686357592141,116.94687847961973,-14.762876640216623,,,,,,,68.26094326188739,172.60655228569524,,0.5,,exploratory; insufficient time blocks,False,exploratory; cluster-t assumes independent approximately normal block scores; bootstrap descriptive; no simultaneous CI correction,,1.0,False,False,,1.0
test_00242,results/hypotheses/predictions.parquet,ridge_on_growth_folds,ridge_seasonal_ensemble,targets_dec,6048,2016,1,1,3,"1,2,3",1069.2528734158568,899.3036878733885,169.94918554246829,-18.89786373992888,,,,,,,87.54600351205228,257.19095281050335,,,,exploratory; insufficient time blocks,False,exploratory; cluster-t assumes independent approximately normal block scores; bootstrap descriptive; no simultaneous CI correction,,,False,False,,
test_00243,results/hypotheses/predictions.parquet,ridge_on_growth_folds,ridge_seasonal_ensemble,targets_jan_may,4032,2016,2,1,3,1,1401.1643270842712,1169.1909124009198,231.9734146833514,-19.84050784375297,,,,,,,102.10589440971664,374.86427223160376,,1.0,,exploratory; insufficient time blocks,False,exploratory; cluster-t assumes independent approximately normal block scores; bootstrap descriptive; no simultaneous CI correction,,1.0,False,False,,1.0
test_00244,results/hypotheses/predictions.parquet,ridge_on_growth_folds,ridge_seasonal_ensemble,all_available,42336,2016,9,3,3,"1,2,3",1063.5119116129265,874.1475414745911,189.3643701383352,-21.66274697963438,125.6293107484669,348.3319401708284,117.69112045485303,277.27798662336363,4.2931717590557525,374.4355685176147,136.8751881777848,242.9272203476381,0.25,0.0078125,0.25,exploratory; insufficient time blocks,False,exploratory; cluster-t assumes independent approximately normal block scores; bootstrap descriptive; no simultaneous CI correction,1.0,1.0,False,False,1.0,1.0
test_00245,results/hypotheses/predictions.parquet,ridge_seasonal_fixed_0.7,ridge_seasonal_ensemble,public_origins_jun_sep,24192,2016,6,2,3,"1,2,3",835.4295689969375,818.089793804466,17.339775192471507,-2.119544250984255,10.033310028198583,24.23141182447645,-2.156945761058738,39.00680093616658,-70.2267708228798,104.90632120782264,3.5299655857879344,35.58982142754183,0.5,0.21875,0.5,exploratory; insufficient time blocks,False,exploratory; cluster-t assumes independent approximately normal block scores; bootstrap descriptive; no simultaneous CI correction,1.0,1.0,False,False,1.0,1.0
test_00246,results/hypotheses/predictions.parquet,ridge_seasonal_fixed_0.7,ridge_seasonal_ensemble,later_origins,6048,2016,2,1,3,"1,2",957.9984924492206,899.3242339958058,58.67425845341484,-6.524260798879848,,,,,,,25.594075832909365,93.21595748328008,,0.5,,exploratory; insufficient time blocks,False,exploratory; cluster-t assumes independent approximately normal block scores; bootstrap descriptive; no simultaneous CI correction,,1.0,False,False,,1.0
test_00247,results/hypotheses/predictions.parquet,ridge_seasonal_fixed_0.7,ridge_seasonal_ensemble,targets_jun_sep,24192,2016,4,2,3,"1,2,3",1032.5723238903186,950.6647588420032,81.90756504831529,-8.615820065538793,,,10.952793907639933,191.7661401716364,-433.6380455763404,597.4531756729707,61.4606714956361,103.36360389487844,0.5,0.125,0.5,exploratory; insufficient time blocks,False,exploratory; cluster-t assumes independent approximately normal block scores; bootstrap descriptive; no simultaneous CI correction,1.0,1.0,False,False,1.0,1.0
test_00248,results/hypotheses/predictions.parquet,ridge_seasonal_fixed_0.7,ridge_seasonal_ensemble,targets_oct_nov,12096,2016,2,1,3,"1,2,3",810.1672497279748,792.1686357592141,17.99861396876065,-2.272068491011486,,,,,,,0.5111307029736984,39.92991769964551,,0.5,,exploratory; insufficient time blocks,False,exploratory; cluster-t assumes independent approximately normal block scores; bootstrap descriptive; no simultaneous CI correction,,1.0,False,False,,1.0
test_00249,results/hypotheses/predictions.parquet,ridge_seasonal_fixed_0.7,ridge_seasonal_ensemble,targets_dec,6048,2016,1,1,3,"1,2,3",942.8769955102148,899.3036878733885,43.57330763682626,-4.84522728243953,,,,,,,11.566473156768266,77.10599631894232,,,,exploratory; insufficient time blocks,False,exploratory; cluster-t assumes independent approximately normal block scores; bootstrap descriptive; no simultaneous CI correction,,,False,False,,
test_00250,results/hypotheses/predictions.parquet,ridge_seasonal_fixed_0.7,ridge_seasonal_ensemble,targets_jan_may,12096,2016,3,1,3,"1,2,3",1272.260377268993,1268.157895192844,4.10248207614859,-0.3234993127984856,,,-42.59693555631166,22.681746112496945,,,-37.361676771347774,48.64911072365008,,1.0,,exploratory; insufficient time blocks,False,exploratory; cluster-t assumes independent approximately normal block scores; bootstrap descriptive; no simultaneous CI correction,,1.0,False,False,,1.0
test_00251,results/hypotheses/predictions.parquet,ridge_seasonal_fixed_0.7,ridge_seasonal_ensemble,all_available,54432,2016,10,4,3,"1,2,3",1026.4468383406029,980.2906427939464,46.156195546656136,-4.708419475993916,12.652890501425626,97.45552411042388,10.04397450013478,99.49184996662696,-47.77395553472955,140.08634662804195,24.29006039617186,68.78764404498044,0.125,0.01953125,0.125,exploratory; insufficient time blocks,False,exploratory; cluster-t assumes independent approximately normal block scores; bootstrap descriptive; no simultaneous CI correction,1.0,1.0,False,False,1.0,1.0
test_00252,results/hypotheses/predictions.parquet,ridge_seasonal_fixed_0.7,ridge_seasonal_ensemble,public_origins_jun_sep/h6,2016,2016,1,1,6,6,1962.5177164165464,1795.5694689602276,166.94824745631877,-9.297788269534044,,,,,,,111.86560600864944,223.32804528694345,,,,exploratory; insufficient time blocks,False,exploratory; cluster-t assumes independent approximately normal block scores; bootstrap descriptive; no simultaneous CI correction,,,False,False,,
test_00253,results/hypotheses/predictions.parquet,ridge_seasonal_fixed_0.7,ridge_seasonal_ensemble,targets_jun_sep/h6,4032,2016,2,1,6,6,1500.3574867832233,1549.1696666992411,-48.81217991601784,3.150860810489541,,,,,,,-80.015594059695,-9.787800637773945,,0.5,,exploratory; insufficient time blocks,False,exploratory; cluster-t assumes independent approximately normal block scores; bootstrap descriptive; no simultaneous CI correction,,1.0,False,False,,1.0
test_00254,results/hypotheses/predictions.parquet,ridge_seasonal_fixed_0.7,ridge_seasonal_ensemble,targets_oct_nov/h6,4032,2016,2,1,6,6,1854.0759308643223,1608.4929346401325,245.58299622418983,-15.267893997876593,,,,,,,201.9331326119764,288.21352546339057,,0.5,,exploratory; insufficient time blocks,False,exploratory; cluster-t assumes independent approximately normal block scores; bootstrap descriptive; no simultaneous CI correction,,1.0,False,False,,1.0
test_00255,results/hypotheses/predictions.parquet,ridge_seasonal_fixed_0.7,ridge_seasonal_ensemble,targets_dec/h6,2016,2016,1,1,6,6,1962.5177164165464,1795.5694689602276,166.94824745631877,-9.297788269534044,,,,,,,111.86560600864944,223.32804528694345,,,,exploratory; insufficient time blocks,False,exploratory; cluster-t assumes independent approximately normal block scores; bootstrap descriptive; no simultaneous CI correction,,,False,False,,
test_00256,results/hypotheses/predictions.parquet,ridge_seasonal_fixed_0.7,ridge_seasonal_ensemble,all_available/h6,10080,2016,5,1,6,6,1734.276910342328,1622.1789343277949,112.09797601453306,-6.910333603918033,,,-21.256834321492917,261.04952623050065,,,80.7718332718586,143.63381726212785,,0.3125,,exploratory; insufficient time blocks,False,exploratory; cluster-t assumes independent approximately normal block scores; bootstrap descriptive; no simultaneous CI correction,,1.0,False,False,,1.0
test_00257,results/hypotheses/predictions.parquet,seasonal_growth_ema,ridge_seasonal_ensemble,public_origins_jun_sep,24192,2016,6,2,3,"1,2,3",951.5822626548136,818.089793804466,133.49246885034768,-16.31758150038162,82.28248830491583,184.7024493957798,51.487940577239975,184.05925548296167,-517.1920285086156,784.1769662093112,86.0743603731551,185.52620210091789,0.5,0.0625,0.5,exploratory; insufficient time blocks,False,exploratory; cluster-t assumes independent approximately normal block scores; bootstrap descriptive; no simultaneous CI correction,1.0,1.0,False,False,1.0,1.0
test_00258,results/hypotheses/predictions.parquet,seasonal_growth_ema,ridge_seasonal_ensemble,later_origins,6048,2016,2,1,3,"1,2",914.6506802301044,899.3242339958058,15.3264462342986,-1.7042180845279078,,,,,,,-26.986335639980258,58.62948453390674,,1.0,,exploratory; insufficient time blocks,False,exploratory; cluster-t assumes independent approximately normal block scores; bootstrap descriptive; no simultaneous CI correction,,1.0,False,False,,1.0
test_00259,results/hypotheses/predictions.parquet,seasonal_growth_ema,ridge_seasonal_ensemble,targets_jun_sep,24192,2016,4,2,3,"1,2,3",990.4005064659756,950.6647588420032,39.7357476239722,-4.1797854874071465,,,-161.6607696971108,204.8052896509455,-747.0832079116512,826.5547031595956,-15.681127530539312,93.01477770678858,1.0,0.875,0.5,exploratory; insufficient time blocks,False,exploratory; cluster-t assumes independent approximately normal block scores; bootstrap descriptive; no simultaneous CI correction,1.0,1.0,False,False,1.0,1.0
test_00260,results/hypotheses/predictions.parquet,seasonal_growth_ema,ridge_seasonal_ensemble,targets_oct_nov,12096,2016,2,1,3,"1,2,3",947.9504272683338,792.1686357592141,155.78179150911967,-19.66523092142097,,,,,,,92.20254686233535,220.63968744304375,,0.5,,exploratory; insufficient time blocks,False,exploratory; cluster-t assumes independent approximately normal block scores; bootstrap descriptive; no simultaneous CI correction,,1.0,False,False,,1.0
test_00261,results/hypotheses/predictions.parquet,seasonal_growth_ema,ridge_seasonal_ensemble,targets_dec,6048,2016,1,1,3,"1,2,3",972.4714498810076,899.3036878733885,73.1677620076191,-8.136046031418061,,,,,,,31.70047338854982,116.05709311165968,,,,exploratory; insufficient time blocks,False,exploratory; cluster-t assumes independent approximately normal block scores; bootstrap descriptive; no simultaneous CI correction,,,False,False,,
test_00262,results/hypotheses/predictions.parquet,seasonal_growth_ema,ridge_seasonal_ensemble,targets_jan_may,12096,2016,3,1,3,"1,2,3",1426.7965776687486,1268.157895192844,158.6386824759045,-12.509379398042617,,,97.6897514779452,220.4571665967252,,,77.54719250894232,232.02764376297867,,0.25,,exploratory; insufficient time blocks,False,exploratory; cluster-t assumes independent approximately normal block scores; bootstrap descriptive; no simultaneous CI correction,,1.0,False,False,,1.0
test_00263,results/hypotheses/predictions.parquet,seasonal_growth_ema,ridge_seasonal_ensemble,all_available,54432,2016,10,4,3,"1,2,3",1075.951942846564,980.2906427939464,95.66130005261743,-9.758463039081064,4.714673408045314,168.41193151460206,-7.219890908587205,175.83207521841052,-55.369066064001416,246.69166616923616,61.72661874411201,129.3710243294431,0.25,0.095703125,0.125,exploratory; insufficient time blocks,False,exploratory; cluster-t assumes independent approximately normal block scores; bootstrap descriptive; no simultaneous CI correction,1.0,1.0,False,False,1.0,1.0
test_00264,results/hypotheses/predictions.parquet,seasonal_growth_ema,ridge_seasonal_ensemble,public_origins_jun_sep/h6,2016,2016,1,1,6,6,1582.523853074679,1795.5694689602276,-213.0456158855486,11.865072310954272,,,,,,,-365.2880214136491,-63.188825919124376,,,,exploratory; insufficient time blocks,False,exploratory; cluster-t assumes independent approximately normal block scores; bootstrap descriptive; no simultaneous CI correction,,,False,False,,
test_00265,results/hypotheses/predictions.parquet,seasonal_growth_ema,ridge_seasonal_ensemble,targets_jun_sep/h6,4032,2016,2,1,6,6,1841.351244322708,1549.1696666992411,292.1815776234671,-18.86052792693828,,,,,,,218.64034810076325,359.303098519332,,0.5,,exploratory; insufficient time blocks,False,exploratory; cluster-t assumes independent approximately normal block scores; bootstrap descriptive; no simultaneous CI correction,,1.0,False,False,,1.0
test_00266,results/hypotheses/predictions.parquet,seasonal_growth_ema,ridge_seasonal_ensemble,targets_oct_nov/h6,4032,2016,2,1,6,6,1494.7783587463705,1608.4929346401325,-113.71457589376224,7.0696347770531895,,,,,,,-281.34139102475075,50.36822473042184,,1.0,,exploratory; insufficient time blocks,False,exploratory; cluster-t assumes independent approximately normal block scores; bootstrap descriptive; no simultaneous CI correction,,1.0,False,False,,1.0
test_00267,results/hypotheses/predictions.parquet,seasonal_growth_ema,ridge_seasonal_ensemble,targets_dec/h6,2016,2016,1,1,6,6,1582.523853074679,1795.5694689602276,-213.0456158855486,11.865072310954272,,,,,,,-365.2880214136491,-63.188825919124376,,,,exploratory; insufficient time blocks,False,exploratory; cluster-t assumes independent approximately normal block scores; bootstrap descriptive; no simultaneous CI correction,,,False,False,,
test_00268,results/hypotheses/predictions.parquet,seasonal_growth_ema,ridge_seasonal_ensemble,all_available/h6,10080,2016,5,1,6,6,1650.9566118425676,1622.1789343277949,28.77767751477268,-1.7740137604916986,,,-177.18630723867628,237.8549739591849,,,-78.01289054123825,132.23509664803814,,0.9375,,exploratory; insufficient time blocks,False,exploratory; cluster-t assumes independent approximately normal block scores; bootstrap descriptive; no simultaneous CI correction,,1.0,False,False,,1.0
test_00269,results/hypotheses/predictions.parquet,seasonal_growth_median3,ridge_seasonal_ensemble,public_origins_jun_sep,24192,2016,6,2,3,"1,2,3",1012.053339951942,818.089793804466,193.963546147476,-23.70932232823281,150.14851287815824,237.7785794167937,120.3530075158665,238.12133494425743,-362.75923710605855,750.6863294010105,143.11519027993216,251.4165813741313,0.5,0.0625,0.5,exploratory; insufficient time blocks,False,exploratory; cluster-t assumes independent approximately normal block scores; bootstrap descriptive; no simultaneous CI correction,1.0,1.0,False,False,1.0,1.0
test_00270,results/hypotheses/predictions.parquet,seasonal_growth_median3,ridge_seasonal_ensemble,later_origins,6048,2016,2,1,3,"1,2",951.391029212558,899.3242339958058,52.0667952167521,-5.789546556019408,,,,,,,4.194312604129947,100.29162405443992,,0.5,,exploratory; insufficient time blocks,False,exploratory; cluster-t assumes independent approximately normal block scores; bootstrap descriptive; no simultaneous CI correction,,1.0,False,False,,1.0
test_00271,results/hypotheses/predictions.parquet,seasonal_growth_median3,ridge_seasonal_ensemble,targets_jun_sep,24192,2016,4,2,3,"1,2,3",1107.9453960856126,950.6647588420032,157.28063724360936,-16.544279755903815,,,-18.14465751520189,335.8946430528026,-334.74224384974326,649.303518336962,98.85184760140478,213.4162837733816,0.5,0.375,0.5,exploratory; insufficient time blocks,False,exploratory; cluster-t assumes independent approximately normal block scores; bootstrap descriptive; no simultaneous CI correction,1.0,1.0,False,False,1.0,1.0
test_00272,results/hypotheses/predictions.parquet,seasonal_growth_median3,ridge_seasonal_ensemble,targets_oct_nov,12096,2016,2,1,3,"1,2,3",991.2630749936684,792.1686357592141,199.09443923445428,-25.13283538973268,,,,,,,127.27318061064798,275.7070568183402,,0.5,,exploratory; insufficient time blocks,False,exploratory; cluster-t assumes independent approximately normal block scores; bootstrap descriptive; no simultaneous CI correction,,1.0,False,False,,1.0
test_00273,results/hypotheses/predictions.parquet,seasonal_growth_median3,ridge_seasonal_ensemble,targets_dec,6048,2016,1,1,3,"1,2,3",1028.7387634548193,899.3036878733885,129.43507558143074,-14.39281049625293,,,,,,,83.23766921238264,175.47571171428817,,,,exploratory; insufficient time blocks,False,exploratory; cluster-t assumes independent approximately normal block scores; bootstrap descriptive; no simultaneous CI correction,,,False,False,,
test_00274,results/hypotheses/predictions.parquet,seasonal_growth_median3,ridge_seasonal_ensemble,targets_jan_may,12096,2016,3,1,3,"1,2,3",1599.2991814029915,1268.157895192844,331.14128621014765,-26.11199184781263,,,230.90935619382236,386.4962484016928,,,243.2265068321992,411.7227662166821,,0.25,,exploratory; insufficient time blocks,False,exploratory; cluster-t assumes independent approximately normal block scores; bootstrap descriptive; no simultaneous CI correction,,1.0,False,False,,1.0
test_00275,results/hypotheses/predictions.parquet,seasonal_growth_median3,ridge_seasonal_ensemble,all_available,54432,2016,10,4,3,"1,2,3",1182.4049845100656,980.2906427939464,202.11434171611904,-20.61779771151021,119.23895515757228,308.0724003113258,102.50916530404614,297.8012858628369,62.15232105258238,342.07636237965585,168.61686636480988,236.0571463497556,0.125,0.005859375,0.125,exploratory; insufficient time blocks,False,exploratory; cluster-t assumes independent approximately normal block scores; bootstrap descriptive; no simultaneous CI correction,1.0,1.0,False,False,1.0,1.0
test_00276,results/hypotheses/predictions.parquet,seasonal_growth_median3,ridge_seasonal_ensemble,public_origins_jun_sep/h6,2016,2016,1,1,6,6,1702.7922803504416,1795.5694689602276,-92.77718860978598,5.167006357237244,,,,,,,-264.9511747878314,74.65402802482907,,,,exploratory; insufficient time blocks,False,exploratory; cluster-t assumes independent approximately normal block scores; bootstrap descriptive; no simultaneous CI correction,,,False,False,,
test_00277,results/hypotheses/predictions.parquet,seasonal_growth_median3,ridge_seasonal_ensemble,targets_jun_sep/h6,4032,2016,2,1,6,6,1914.6535198654988,1549.1696666992411,365.4838531662576,-23.592241768132517,,,,,,,283.5148968610369,446.14859332836994,,0.5,,exploratory; insufficient time blocks,False,exploratory; cluster-t assumes independent approximately normal block scores; bootstrap descriptive; no simultaneous CI correction,,1.0,False,False,,1.0
test_00278,results/hypotheses/predictions.parquet,seasonal_growth_median3,ridge_seasonal_ensemble,targets_oct_nov/h6,4032,2016,2,1,6,6,1717.2921017041658,1608.4929346401325,108.79916706403333,-6.764043827669962,,,,,,,-60.89074472314963,275.1983958392727,,0.5,,exploratory; insufficient time blocks,False,exploratory; cluster-t assumes independent approximately normal block scores; bootstrap descriptive; no simultaneous CI correction,,1.0,False,False,,1.0
test_00279,results/hypotheses/predictions.parquet,seasonal_growth_median3,ridge_seasonal_ensemble,targets_dec/h6,2016,2016,1,1,6,6,1702.7922803504416,1795.5694689602276,-92.77718860978598,5.167006357237244,,,,,,,-264.9511747878314,74.65402802482907,,,,exploratory; insufficient time blocks,False,exploratory; cluster-t assumes independent approximately normal block scores; bootstrap descriptive; no simultaneous CI correction,,,False,False,,
test_00280,results/hypotheses/predictions.parquet,seasonal_growth_median3,ridge_seasonal_ensemble,all_available/h6,10080,2016,5,1,6,6,1793.3367046979545,1622.1789343277949,171.1577703701596,-10.551103010167289,,,15.201012558837112,339.83140988979096,,,52.24534561388759,286.7989742365488,,0.1875,,exploratory; insufficient time blocks,False,exploratory; cluster-t assumes independent approximately normal block scores; bootstrap descriptive; no simultaneous CI correction,,1.0,False,False,,1.0
test_00281,results/hypotheses/predictions.parquet,seasonal_naive,ridge_seasonal_ensemble,public_origins_jun_sep,24192,2016,6,2,3,"1,2,3",4205.640955687831,818.089793804466,3387.551161883365,-414.0806042977029,3232.768337602853,3501.9299309527883,3056.8079495257493,3738.8987424578,1934.2311045861795,4840.87121918055,2925.1565797082653,3910.8656739269622,0.5,0.03125,0.5,exploratory; insufficient time blocks,False,exploratory; cluster-t assumes independent approximately normal block scores; bootstrap descriptive; no simultaneous CI correction,1.0,1.0,False,False,1.0,1.0
test_00282,results/hypotheses/predictions.parquet,seasonal_naive,ridge_seasonal_ensemble,later_origins,6048,2016,2,1,3,"1,2",4420.425099206349,899.3242339958058,3521.100865210543,-391.5274082591845,,,,,,,2935.828589282593,4187.79568302737,,0.5,,exploratory; insufficient time blocks,False,exploratory; cluster-t assumes independent approximately normal block scores; bootstrap descriptive; no simultaneous CI correction,,1.0,False,False,,1.0
test_00283,results/hypotheses/predictions.parquet,seasonal_naive,ridge_seasonal_ensemble,targets_jun_sep,24192,2016,4,2,3,"1,2,3",4364.112971230159,950.6647588420032,3413.448212388156,-359.0590879319065,,,3066.622291602568,3719.919998520063,97.28057165095834,6729.615853125353,2954.440144537485,3937.2116663080046,0.5,0.125,0.5,exploratory; insufficient time blocks,False,exploratory; cluster-t assumes independent approximately normal block scores; bootstrap descriptive; no simultaneous CI correction,1.0,1.0,False,False,1.0,1.0
test_00284,results/hypotheses/predictions.parquet,seasonal_naive,ridge_seasonal_ensemble,targets_oct_nov,12096,2016,2,1,3,"1,2,3",4152.485863095239,792.1686357592141,3360.317227336024,-424.19215753417166,,,,,,,2908.71759945059,3870.078721419084,,0.5,,exploratory; insufficient time blocks,False,exploratory; cluster-t assumes independent approximately normal block scores; bootstrap descriptive; no simultaneous CI correction,,1.0,False,False,,1.0
test_00285,results/hypotheses/predictions.parquet,seasonal_naive,ridge_seasonal_ensemble,targets_dec,6048,2016,1,1,3,"1,2,3",4703.62996031746,899.3036878733885,3804.326272444072,-423.0302092322429,,,,,,,3125.551539416422,4582.873120840124,,,,exploratory; insufficient time blocks,False,exploratory; cluster-t assumes independent approximately normal block scores; bootstrap descriptive; no simultaneous CI correction,,,False,False,,
test_00286,results/hypotheses/predictions.parquet,seasonal_naive,ridge_seasonal_ensemble,targets_jan_may,12096,2016,3,1,3,"1,2,3",4432.450396825397,1268.157895192844,3164.292501632553,-249.51881099564264,,,3055.5189293597064,3247.0718515576045,,,2518.7724967280687,3875.161074954284,,0.25,,exploratory; insufficient time blocks,False,exploratory; cluster-t assumes independent approximately normal block scores; bootstrap descriptive; no simultaneous CI correction,,1.0,False,False,,1.0
test_00287,results/hypotheses/predictions.parquet,seasonal_naive,ridge_seasonal_ensemble,all_available,54432,2016,10,4,3,"1,2,3",4369.994929453263,980.2906427939464,3389.704286659316,-345.78564138878755,3226.6171485306386,3533.716474679786,3153.327245048404,3610.222559518668,2973.850024261212,3805.558549057421,2870.778018557796,3974.5275348691807,0.125,0.001953125,0.125,exploratory; insufficient time blocks,False,exploratory; cluster-t assumes independent approximately normal block scores; bootstrap descriptive; no simultaneous CI correction,1.0,1.0,False,False,1.0,1.0
test_00288,results/hypotheses/predictions.parquet,seasonal_naive,ridge_seasonal_ensemble,public_origins_jun_sep/h6,2016,2016,1,1,6,6,4703.62996031746,1795.5694689602276,2908.0604913572324,-161.95755951682688,,,,,,,2406.5900652838072,3463.3829424677906,,,,exploratory; insufficient time blocks,False,exploratory; cluster-t assumes independent approximately normal block scores; bootstrap descriptive; no simultaneous CI correction,,,False,False,,
test_00289,results/hypotheses/predictions.parquet,seasonal_naive,ridge_seasonal_ensemble,targets_jun_sep/h6,4032,2016,2,1,6,6,4117.808283730159,1549.1696666992411,2568.638617030918,-165.80744331922156,,,,,,,2160.683975072899,3018.361810884564,,0.5,,exploratory; insufficient time blocks,False,exploratory; cluster-t assumes independent approximately normal block scores; bootstrap descriptive; no simultaneous CI correction,,1.0,False,False,,1.0
test_00290,results/hypotheses/predictions.parquet,seasonal_naive,ridge_seasonal_ensemble,targets_oct_nov/h6,4032,2016,2,1,6,6,4152.485863095239,1608.4929346401325,2543.9929284551063,-158.1600312732659,,,,,,,2341.436625496733,2743.23305289386,,0.5,,exploratory; insufficient time blocks,False,exploratory; cluster-t assumes independent approximately normal block scores; bootstrap descriptive; no simultaneous CI correction,,1.0,False,False,,1.0
test_00291,results/hypotheses/predictions.parquet,seasonal_naive,ridge_seasonal_ensemble,targets_dec/h6,2016,2016,1,1,6,6,4703.62996031746,1795.5694689602276,2908.0604913572324,-161.95755951682688,,,,,,,2406.5900652838072,3463.3829424677906,,,,exploratory; insufficient time blocks,False,exploratory; cluster-t assumes independent approximately normal block scores; bootstrap descriptive; no simultaneous CI correction,,,False,False,,
test_00292,results/hypotheses/predictions.parquet,seasonal_naive,ridge_seasonal_ensemble,all_available/h6,10080,2016,5,1,6,6,4248.84365079365,1622.1789343277949,2626.6647164658552,-161.92200877977146,,,2465.0905281051064,2778.3806293962807,,,2309.396386673241,2980.819329636696,,0.0625,,exploratory; insufficient time blocks,False,exploratory; cluster-t assumes independent approximately normal block scores; bootstrap descriptive; no simultaneous CI correction,,1.0,False,False,,1.0
test_00293,results/hypotheses/predictions.parquet,uni_fixed_a30_q1.5,ridge_seasonal_ensemble,public_origins_jun_sep,24192,2016,6,2,3,"1,2,3",941.5459492037066,818.089793804466,123.45615539924064,-15.090782984239045,120.79577793111258,136.84840506785667,75.29576916808946,174.39830471852054,90.1770836086321,156.735227189849,81.49399598791351,178.81769849354623,0.5,0.03125,0.5,exploratory; insufficient time blocks,False,exploratory; cluster-t assumes independent approximately normal block scores; bootstrap descriptive; no simultaneous CI correction,1.0,1.0,False,False,1.0,1.0
test_00294,results/hypotheses/predictions.parquet,uni_fixed_a30_q1.5,ridge_seasonal_ensemble,later_origins,6048,2016,2,1,3,"1,2",1078.7201136700287,899.3242339958058,179.3958796742229,-19.947853387331214,,,,,,,94.3914613236471,266.7473183058151,,0.5,,exploratory; insufficient time blocks,False,exploratory; cluster-t assumes independent approximately normal block scores; bootstrap descriptive; no simultaneous CI correction,,1.0,False,False,,1.0
test_00295,results/hypotheses/predictions.parquet,uni_fixed_a30_q1.5,ridge_seasonal_ensemble,targets_jun_sep,24192,2016,4,2,3,"1,2,3",1195.956958661772,950.6647588420032,245.2921998197687,-25.80217658626129,,,102.68643298362883,484.1196402453596,-784.037124375656,1274.6215240151937,212.9952515712385,282.4744451919012,0.5,0.125,0.5,exploratory; insufficient time blocks,False,exploratory; cluster-t assumes independent approximately normal block scores; bootstrap descriptive; no simultaneous CI correction,1.0,1.0,False,False,1.0,1.0
test_00296,results/hypotheses/predictions.parquet,uni_fixed_a30_q1.5,ridge_seasonal_ensemble,targets_oct_nov,12096,2016,2,1,3,"1,2,3",928.6249399120976,792.1686357592141,136.4563041528836,-17.225663576304548,,,,,,,78.8585599251193,210.136636682197,,0.5,,exploratory; insufficient time blocks,False,exploratory; cluster-t assumes independent approximately normal block scores; bootstrap descriptive; no simultaneous CI correction,,1.0,False,False,,1.0
test_00297,results/hypotheses/predictions.parquet,uni_fixed_a30_q1.5,ridge_seasonal_ensemble,targets_dec,6048,2016,1,1,3,"1,2,3",1057.937509543139,899.3036878733885,158.63382166975043,-17.63962761510261,,,,,,,74.32746070310189,246.89701788133735,,,,exploratory; insufficient time blocks,False,exploratory; cluster-t assumes independent approximately normal block scores; bootstrap descriptive; no simultaneous CI correction,,,False,False,,
test_00298,results/hypotheses/predictions.parquet,uni_fixed_a30_q1.5,ridge_seasonal_ensemble,targets_jan_may,12096,2016,3,1,3,"1,2,3",1315.9514035402474,1268.157895192844,47.7935083474033,-3.7687348340906337,,,-37.01691045767296,126.04203267534528,,,-92.12673587745702,195.08993327448823,,1.0,,exploratory; insufficient time blocks,False,exploratory; cluster-t assumes independent approximately normal block scores; bootstrap descriptive; no simultaneous CI correction,,1.0,False,False,,1.0
test_00299,results/hypotheses/predictions.parquet,uni_fixed_a30_q1.5,ridge_seasonal_ensemble,all_available,54432,2016,10,4,3,"1,2,3",1147.8797812327684,980.2906427939464,167.58913843882192,-17.095862300712433,91.13546403798668,278.281430794227,82.30816688025688,282.4375805962949,-30.38665202724428,365.5649289048885,117.23354527557454,218.1471072995562,0.125,0.0078125,0.125,exploratory; insufficient time blocks,False,exploratory; cluster-t assumes independent approximately normal block scores; bootstrap descriptive; no simultaneous CI correction,1.0,1.0,False,False,1.0,1.0
test_00300,results/hypotheses/predictions.parquet,uni_fixed_a30_q1.5,ridge_seasonal_ensemble,public_origins_jun_sep/h6,2016,2016,1,1,6,6,2077.5050519846427,1795.5694689602276,281.9355830244151,-15.701736295821371,,,,,,,108.89524623378564,471.34830147846657,,,,exploratory; insufficient time blocks,False,exploratory; cluster-t assumes independent approximately normal block scores; bootstrap descriptive; no simultaneous CI correction,,,False,False,,
test_00301,results/hypotheses/predictions.parquet,uni_fixed_a30_q1.5,ridge_seasonal_ensemble,targets_jun_sep/h6,4032,2016,2,1,6,6,1254.970029916189,1549.1696666992411,-294.1996367830518,18.990795076041746,,,,,,,-402.45964095052966,-186.7385881640113,,0.5,,exploratory; insufficient time blocks,False,exploratory; cluster-t assumes independent approximately normal block scores; bootstrap descriptive; no simultaneous CI correction,,1.0,False,False,,1.0
test_00302,results/hypotheses/predictions.parquet,uni_fixed_a30_q1.5,ridge_seasonal_ensemble,targets_oct_nov/h6,4032,2016,2,1,6,6,2129.1823663577893,1608.4929346401325,520.6894317176568,-32.371260109647324,,,,,,,322.8847182243356,717.1361597719701,,0.5,,exploratory; insufficient time blocks,False,exploratory; cluster-t assumes independent approximately normal block scores; bootstrap descriptive; no simultaneous CI correction,,1.0,False,False,,1.0
test_00303,results/hypotheses/predictions.parquet,uni_fixed_a30_q1.5,ridge_seasonal_ensemble,targets_dec/h6,2016,2016,1,1,6,6,2077.5050519846427,1795.5694689602276,281.9355830244151,-15.701736295821371,,,,,,,108.89524623378564,471.34830147846657,,,,exploratory; insufficient time blocks,False,exploratory; cluster-t assumes independent approximately normal block scores; bootstrap descriptive; no simultaneous CI correction,,,False,False,,
test_00304,results/hypotheses/predictions.parquet,uni_fixed_a30_q1.5,ridge_seasonal_ensemble,all_available/h6,10080,2016,5,1,6,6,1769.16196890652,1622.1789343277949,146.98303457872498,-9.060839804311255,,,-225.1508182976132,571.5862379266929,,,5.555860957124493,283.76813031495226,,0.6875,,exploratory; insufficient time blocks,False,exploratory; cluster-t assumes independent approximately normal block scores; bootstrap descriptive; no simultaneous CI correction,,1.0,False,False,,1.0
test_00305,results/hypotheses/predictions.parquet,weighted_factor_damped_yoy_trend,ridge_seasonal_ensemble,targets_jun_sep,24192,2016,4,2,3,"1,2,3",1238.1387647758706,950.6647588420032,287.4740059338674,-30.2392618701925,,,117.49502846155258,556.9277251511251,-972.9170273027952,1547.8650391705296,235.14417252415384,341.2712159998094,0.5,0.125,0.5,exploratory; insufficient time blocks,False,exploratory; cluster-t assumes independent approximately normal block scores; bootstrap descriptive; no simultaneous CI correction,1.0,1.0,False,False,1.0,1.0
test_00306,results/hypotheses/predictions.parquet,weighted_factor_damped_yoy_trend,ridge_seasonal_ensemble,targets_jan_may,12096,2016,3,1,3,"1,2,3",1334.6210947122072,1268.157895192844,66.46319951936312,-5.240924633383787,,,-36.662262720993205,138.5267624546255,,,-39.52575042416805,179.5857571673794,,0.75,,exploratory; insufficient time blocks,False,exploratory; cluster-t assumes independent approximately normal block scores; bootstrap descriptive; no simultaneous CI correction,,1.0,False,False,,1.0
test_00307,results/hypotheses/predictions.parquet,weighted_factor_damped_yoy_trend,ridge_seasonal_ensemble,all_available,54432,2016,10,4,3,"1,2,3",1167.69790560238,980.2906427939464,187.40726280843344,-19.11752031767845,101.70317988394672,321.6789808253876,92.6701358493922,319.0963342505848,-59.1527755009389,433.9673011178063,127.50628699253788,250.06240260754697,0.125,0.005859375,0.125,exploratory; insufficient time blocks,False,exploratory; cluster-t assumes independent approximately normal block scores; bootstrap descriptive; no simultaneous CI correction,1.0,1.0,False,False,1.0,1.0
test_00308,results/hypotheses/predictions.parquet,weighted_factor_damped_yoy_trend,ridge_seasonal_ensemble,public_origins_jun_sep/h6,2016,2016,1,1,6,6,2270.091658203256,1795.5694689602276,474.5221892430284,-26.42739239255461,,,,,,,344.93193829002763,609.3467329481266,,,,exploratory; insufficient time blocks,False,exploratory; cluster-t assumes independent approximately normal block scores; bootstrap descriptive; no simultaneous CI correction,,,False,False,,
test_00309,results/hypotheses/predictions.parquet,weighted_factor_damped_yoy_trend,ridge_seasonal_ensemble,targets_jun_sep/h6,4032,2016,2,1,6,6,1529.5318004378153,1549.1696666992411,-19.63786626142587,1.2676381860269412,,,,,,,-95.42672016730968,79.15696459974977,,1.0,,exploratory; insufficient time blocks,False,exploratory; cluster-t assumes independent approximately normal block scores; bootstrap descriptive; no simultaneous CI correction,,1.0,False,False,,1.0
test_00310,results/hypotheses/predictions.parquet,weighted_factor_damped_yoy_trend,ridge_seasonal_ensemble,targets_oct_nov/h6,4032,2016,2,1,6,6,2345.8723115961884,1608.4929346401325,737.3793769560559,-45.84287323096197,,,,,,,645.1871824306075,826.7101791640132,,0.5,,exploratory; insufficient time blocks,False,exploratory; cluster-t assumes independent approximately normal block scores; bootstrap descriptive; no simultaneous CI correction,,1.0,False,False,,1.0
test_00311,results/hypotheses/predictions.parquet,weighted_factor_damped_yoy_trend,ridge_seasonal_ensemble,targets_dec/h6,2016,2016,1,1,6,6,2270.091658203256,1795.5694689602276,474.5221892430284,-26.42739239255461,,,,,,,344.93193829002763,609.3467329481266,,,,exploratory; insufficient time blocks,False,exploratory; cluster-t assumes independent approximately normal block scores; bootstrap descriptive; no simultaneous CI correction,,,False,False,,
test_00312,results/hypotheses/predictions.parquet,weighted_factor_damped_yoy_trend,ridge_seasonal_ensemble,all_available/h6,10080,2016,5,1,6,6,2004.179976454253,1622.1789343277949,382.00104212645806,-23.548637825503093,,,41.62282166537651,798.3216249333738,,,312.18581916894203,455.1113299170159,,0.1875,,exploratory; insufficient time blocks,False,exploratory; cluster-t assumes independent approximately normal block scores; bootstrap descriptive; no simultaneous CI correction,,1.0,False,False,,1.0
test_00313,results/hypotheses/predictions.parquet,weighted_factor_ema_yoy,ridge_seasonal_ensemble,public_origins_jun_sep,24192,2016,6,2,3,"1,2,3",823.4526489500063,818.089793804466,5.362855145540266,-0.6555338040095459,-52.75327397244569,63.478984263526186,-44.91885128846357,69.13678784521572,-733.0725799165118,743.7982902075923,-40.256465218121576,64.72429724507784,1.0,0.96875,0.5,exploratory; insufficient time blocks,False,exploratory; cluster-t assumes independent approximately normal block scores; bootstrap descriptive; no simultaneous CI correction,1.0,1.0,False,False,1.0,1.0
test_00314,results/hypotheses/predictions.parquet,weighted_factor_ema_yoy,ridge_seasonal_ensemble,later_origins,6048,2016,2,1,3,"1,2",1010.5578502867452,899.3242339958058,111.23361629093938,-12.368577659329278,,,,,,,27.613138927040808,200.10718290476,,1.0,,exploratory; insufficient time blocks,False,exploratory; cluster-t assumes independent approximately normal block scores; bootstrap descriptive; no simultaneous CI correction,,1.0,False,False,,1.0
test_00315,results/hypotheses/predictions.parquet,weighted_factor_ema_yoy,ridge_seasonal_ensemble,targets_jun_sep,24192,2016,4,2,3,"1,2,3",948.9710718407248,950.6647588420032,-1.6936870012785905,0.1781581767416787,,,-215.22235593457853,268.6106996910437,-457.62475407578086,454.2373800732238,-93.21200120265586,105.58313249849348,1.0,1.0,0.5,exploratory; insufficient time blocks,False,exploratory; cluster-t assumes independent approximately normal block scores; bootstrap descriptive; no simultaneous CI correction,1.0,1.0,False,False,1.0,1.0
test_00316,results/hypotheses/predictions.parquet,weighted_factor_ema_yoy,ridge_seasonal_ensemble,targets_oct_nov,12096,2016,2,1,3,"1,2,3",812.2829703176998,792.1686357592141,20.114334558485663,-2.5391480614740694,,,,,,,-29.16580860776103,85.0327581272816,,1.0,,exploratory; insufficient time blocks,False,exploratory; cluster-t assumes independent approximately normal block scores; bootstrap descriptive; no simultaneous CI correction,,1.0,False,False,,1.0
test_00317,results/hypotheses/predictions.parquet,weighted_factor_ema_yoy,ridge_seasonal_ensemble,targets_dec,6048,2016,1,1,3,"1,2,3",1097.2666035744087,899.3036878733885,197.96291570102017,-22.012910474007867,,,,,,,92.80594983235396,310.7845922477465,,,,exploratory; insufficient time blocks,False,exploratory; cluster-t assumes independent approximately normal block scores; bootstrap descriptive; no simultaneous CI correction,,,False,False,,
test_00318,results/hypotheses/predictions.parquet,weighted_factor_ema_yoy,ridge_seasonal_ensemble,targets_jan_may,12096,2016,3,1,3,"1,2,3",1669.4401246164396,1268.157895192844,401.2822294235955,-31.64292324675974,,,139.9675239099601,571.5447995523568,,,262.1888638096949,546.8977794218979,,0.25,,exploratory; insufficient time blocks,False,exploratory; cluster-t assumes independent approximately normal block scores; bootstrap descriptive; no simultaneous CI correction,,1.0,False,False,,1.0
test_00319,results/hypotheses/predictions.parquet,weighted_factor_ema_yoy,ridge_seasonal_ensemble,all_available,54432,2016,10,4,3,"1,2,3",1095.177453422843,980.2906427939464,114.88681062889646,-11.719668189574389,-55.75019765356237,310.49040128742854,-31.053676750417605,268.2069257160814,-189.31313539720855,419.0867566550016,66.11216109236385,173.3647752543793,0.25,0.171875,0.125,exploratory; insufficient time blocks,False,exploratory; cluster-t assumes independent approximately normal block scores; bootstrap descriptive; no simultaneous CI correction,1.0,1.0,False,False,1.0,1.0
test_00320,results/hypotheses/predictions.parquet,weighted_factor_ema_yoy,ridge_seasonal_ensemble,public_origins_jun_sep/h6,2016,2016,1,1,6,6,1584.4804632558578,1795.5694689602276,-211.0890057043698,11.75610352890476,,,,,,,-296.9908316179413,-124.80474107976931,,,,exploratory; insufficient time blocks,False,exploratory; cluster-t assumes independent approximately normal block scores; bootstrap descriptive; no simultaneous CI correction,,,False,False,,
test_00321,results/hypotheses/predictions.parquet,weighted_factor_ema_yoy,ridge_seasonal_ensemble,targets_jun_sep/h6,4032,2016,2,1,6,6,1675.3454292039592,1549.1696666992411,126.17576250471802,-8.14473490005495,,,,,,,-112.41795470186317,373.3930321388012,,0.5,,exploratory; insufficient time blocks,False,exploratory; cluster-t assumes independent approximately normal block scores; bootstrap descriptive; no simultaneous CI correction,,1.0,False,False,,1.0
test_00322,results/hypotheses/predictions.parquet,weighted_factor_ema_yoy,ridge_seasonal_ensemble,targets_oct_nov/h6,4032,2016,2,1,6,6,1078.142556299377,1608.4929346401325,-530.3503783407555,32.97188112669022,,,,,,,-845.8898432700956,-240.367568484572,,0.5,,exploratory; insufficient time blocks,False,exploratory; cluster-t assumes independent approximately normal block scores; bootstrap descriptive; no simultaneous CI correction,,1.0,False,False,,1.0
test_00323,results/hypotheses/predictions.parquet,weighted_factor_ema_yoy,ridge_seasonal_ensemble,targets_dec/h6,2016,2016,1,1,6,6,1584.4804632558578,1795.5694689602276,-211.0890057043698,11.75610352890476,,,,,,,-296.9908316179413,-124.80474107976931,,,,exploratory; insufficient time blocks,False,exploratory; cluster-t assumes independent approximately normal block scores; bootstrap descriptive; no simultaneous CI correction,,,False,False,,
test_00324,results/hypotheses/predictions.parquet,weighted_factor_ema_yoy,ridge_seasonal_ensemble,all_available/h6,10080,2016,5,1,6,6,1418.291286852506,1622.1789343277949,-203.887647475289,12.56875201377071,,,-490.3945666772424,58.72280886290049,,,-429.1013688687604,11.464326620414118,,0.375,,exploratory; insufficient time blocks,False,exploratory; cluster-t assumes independent approximately normal block scores; bootstrap descriptive; no simultaneous CI correction,,1.0,False,False,,1.0
test_00325,results/hypotheses/predictions.parquet,weighted_factor_last_yoy,ridge_seasonal_ensemble,public_origins_jun_sep,24192,2016,6,2,3,"1,2,3",859.2889904487654,818.089793804466,41.19919664429938,-5.036023790579951,18.112852521256038,56.91140880356848,5.361173519756844,92.28561763801495,-158.4433879136324,240.84178120223103,-0.4406345444574294,95.3780058274758,0.5,0.09375,0.5,exploratory; insufficient time blocks,False,exploratory; cluster-t assumes independent approximately normal block scores; bootstrap descriptive; no simultaneous CI correction,1.0,1.0,False,False,1.0,1.0
test_00326,results/hypotheses/predictions.parquet,weighted_factor_last_yoy,ridge_seasonal_ensemble,later_origins,6048,2016,2,1,3,"1,2",1047.0228825375154,899.3242339958058,147.69864854170964,-16.4232923964994,,,,,,,64.94523431029164,234.06820177334475,,0.5,,exploratory; insufficient time blocks,False,exploratory; cluster-t assumes independent approximately normal block scores; bootstrap descriptive; no simultaneous CI correction,,1.0,False,False,,1.0
test_00327,results/hypotheses/predictions.parquet,weighted_factor_last_yoy,ridge_seasonal_ensemble,targets_jun_sep,24192,2016,4,2,3,"1,2,3",978.954234566788,950.6647588420032,28.28947572478478,-2.975757275282188,,,-37.54923222574276,116.90453006968237,-282.74861384763244,339.3275652972019,-24.75685936964171,97.79200246509782,1.0,0.75,0.5,exploratory; insufficient time blocks,False,exploratory; cluster-t assumes independent approximately normal block scores; bootstrap descriptive; no simultaneous CI correction,1.0,1.0,False,False,1.0,1.0
test_00328,results/hypotheses/predictions.parquet,weighted_factor_last_yoy,ridge_seasonal_ensemble,targets_oct_nov,12096,2016,2,1,3,"1,2,3",834.279851173326,792.1686357592141,42.11121541411194,-5.315940762253553,,,,,,,-7.011756737626545,105.16860190800398,,0.5,,exploratory; insufficient time blocks,False,exploratory; cluster-t assumes independent approximately normal block scores; bootstrap descriptive; no simultaneous CI correction,,1.0,False,False,,1.0
test_00329,results/hypotheses/predictions.parquet,weighted_factor_last_yoy,ridge_seasonal_ensemble,targets_dec,6048,2016,1,1,3,"1,2,3",1076.602723194011,899.3036878733885,177.29903532062258,-19.715146030356788,,,,,,,84.95817651119184,276.1629541251788,,,,exploratory; insufficient time blocks,False,exploratory; cluster-t assumes independent approximately normal block scores; bootstrap descriptive; no simultaneous CI correction,,,False,False,,
test_00330,results/hypotheses/predictions.parquet,weighted_factor_last_yoy,ridge_seasonal_ensemble,targets_jan_may,12096,2016,3,1,3,"1,2,3",1421.892708563308,1268.157895192844,153.73481337046405,-12.12268708440964,,,-36.662262720993205,205.98812653610776,,,36.87933093741286,277.69630868079184,,0.5,,exploratory; insufficient time blocks,False,exploratory; cluster-t assumes independent approximately normal block scores; bootstrap descriptive; no simultaneous CI correction,,1.0,False,False,,1.0
test_00331,results/hypotheses/predictions.parquet,weighted_factor_last_yoy,ridge_seasonal_ensemble,all_available,54432,2016,10,4,3,"1,2,3",1056.0849756593814,980.2906427939464,75.79433286543485,-7.731822538814802,10.129717448808538,142.65231105247622,17.81846528046297,133.24455854504208,-32.38414513247764,183.97281086334732,29.28117495078586,126.69293174588977,0.125,0.05078125,0.125,exploratory; insufficient time blocks,False,exploratory; cluster-t assumes independent approximately normal block scores; bootstrap descriptive; no simultaneous CI correction,1.0,1.0,False,False,1.0,1.0
test_00332,results/hypotheses/predictions.parquet,weighted_factor_last_yoy,ridge_seasonal_ensemble,public_origins_jun_sep/h6,2016,2016,1,1,6,6,1832.2971592674803,1795.5694689602276,36.72769030725294,-2.0454619518854424,,,,,,,-41.8072970926749,124.60494746138802,,,,exploratory; insufficient time blocks,False,exploratory; cluster-t assumes independent approximately normal block scores; bootstrap descriptive; no simultaneous CI correction,,,False,False,,
test_00333,results/hypotheses/predictions.parquet,weighted_factor_last_yoy,ridge_seasonal_ensemble,targets_jun_sep/h6,4032,2016,2,1,6,6,1480.8801945864966,1549.1696666992411,-68.28947211274453,4.408133826829078,,,,,,,-248.26962677136032,122.9250654702632,,1.0,,exploratory; insufficient time blocks,False,exploratory; cluster-t assumes independent approximately normal block scores; bootstrap descriptive; no simultaneous CI correction,,1.0,False,False,,1.0
test_00334,results/hypotheses/predictions.parquet,weighted_factor_last_yoy,ridge_seasonal_ensemble,targets_oct_nov/h6,4032,2016,2,1,6,6,1262.6883698446009,1608.4929346401325,-345.80456479553163,21.49866855790065,,,,,,,-527.7307596493398,-181.45657586371925,,0.5,,exploratory; insufficient time blocks,False,exploratory; cluster-t assumes independent approximately normal block scores; bootstrap descriptive; no simultaneous CI correction,,1.0,False,False,,1.0
test_00335,results/hypotheses/predictions.parquet,weighted_factor_last_yoy,ridge_seasonal_ensemble,targets_dec/h6,2016,2016,1,1,6,6,1832.2971592674803,1795.5694689602276,36.72769030725294,-2.0454619518854424,,,,,,,-41.8072970926749,124.60494746138802,,,,exploratory; insufficient time blocks,False,exploratory; cluster-t assumes independent approximately normal block scores; bootstrap descriptive; no simultaneous CI correction,,,False,False,,
test_00336,results/hypotheses/predictions.parquet,weighted_factor_last_yoy,ridge_seasonal_ensemble,all_available/h6,10080,2016,5,1,6,6,1463.8868576259351,1622.1789343277949,-158.29207670185974,9.757991140937447,,,-338.85746648277154,-11.04113798782005,,,-298.7174299083525,-22.981873374666044,,0.25,,exploratory; insufficient time blocks,False,exploratory; cluster-t assumes independent approximately normal block scores; bootstrap descriptive; no simultaneous CI correction,,1.0,False,False,,1.0
test_00337,results/hypotheses/predictions.parquet,weighted_factor_median3_yoy,ridge_seasonal_ensemble,public_origins_jun_sep,24192,2016,6,2,3,"1,2,3",871.4319054488482,818.089793804466,53.34211164438216,-6.520324791771159,24.878996418057124,59.44941205836452,23.780503621246385,101.63502030799896,-24.258497802573743,130.94272109133811,9.61673734640341,110.2221600141199,0.5,0.03125,0.5,exploratory; insufficient time blocks,False,exploratory; cluster-t assumes independent approximately normal block scores; bootstrap descriptive; no simultaneous CI correction,1.0,1.0,False,False,1.0,1.0
test_00338,results/hypotheses/predictions.parquet,weighted_factor_median3_yoy,ridge_seasonal_ensemble,later_origins,6048,2016,2,1,3,"1,2",991.5032174956544,899.3242339958058,92.17898349984851,-10.2498053555486,,,,,,,11.924006468740554,177.43609533495098,,1.0,,exploratory; insufficient time blocks,False,exploratory; cluster-t assumes independent approximately normal block scores; bootstrap descriptive; no simultaneous CI correction,,1.0,False,False,,1.0
test_00339,results/hypotheses/predictions.parquet,weighted_factor_median3_yoy,ridge_seasonal_ensemble,targets_jun_sep,24192,2016,4,2,3,"1,2,3",1113.5947430944068,950.6647588420032,162.92998425240353,-17.138532036347613,,,-8.068925067819611,468.0838755756964,-850.3831398252588,1176.243108330066,95.78375553407508,251.69163193876875,0.5,0.375,0.5,exploratory; insufficient time blocks,False,exploratory; cluster-t assumes independent approximately normal block scores; bootstrap descriptive; no simultaneous CI correction,1.0,1.0,False,False,1.0,1.0
test_00340,results/hypotheses/predictions.parquet,weighted_factor_median3_yoy,ridge_seasonal_ensemble,targets_oct_nov,12096,2016,2,1,3,"1,2,3",805.6384909312709,792.1686357592141,13.469855172056782,-1.7003772383827438,,,,,,,-36.24002457981242,80.01817962460689,,1.0,,exploratory; insufficient time blocks,False,exploratory; cluster-t assumes independent approximately normal block scores; bootstrap descriptive; no simultaneous CI correction,,1.0,False,False,,1.0
test_00341,results/hypotheses/predictions.parquet,weighted_factor_median3_yoy,ridge_seasonal_ensemble,targets_dec,6048,2016,1,1,3,"1,2,3",1083.4417851458525,899.3036878733885,184.13809727246397,-20.47563017426305,,,,,,,81.68289875479725,294.2094170450134,,,,exploratory; insufficient time blocks,False,exploratory; cluster-t assumes independent approximately normal block scores; bootstrap descriptive; no simultaneous CI correction,,,False,False,,
test_00342,results/hypotheses/predictions.parquet,weighted_factor_median3_yoy,ridge_seasonal_ensemble,targets_jan_may,12096,2016,3,1,3,"1,2,3",1889.8971199106632,1268.157895192844,621.7392247178191,-49.02695690139385,,,299.6978924321852,690.7967449653063,,,450.30614658592873,802.0046770684169,,0.25,,exploratory; insufficient time blocks,False,exploratory; cluster-t assumes independent approximately normal block scores; bootstrap descriptive; no simultaneous CI correction,,1.0,False,False,,1.0
test_00343,results/hypotheses/predictions.parquet,weighted_factor_median3_yoy,ridge_seasonal_ensemble,all_available,54432,2016,10,4,3,"1,2,3",1214.3213310230385,980.2906427939464,234.030688229092,-23.87360217599102,21.519385256415685,549.5465383168922,64.99462658822493,429.22087075291535,-185.9246555123594,653.9860319705439,173.02346811041124,298.68588896270904,0.125,0.015625,0.125,exploratory; insufficient time blocks,False,exploratory; cluster-t assumes independent approximately normal block scores; bootstrap descriptive; no simultaneous CI correction,1.0,1.0,False,False,1.0,1.0
test_00344,results/hypotheses/predictions.parquet,weighted_factor_median3_yoy,ridge_seasonal_ensemble,targets_jun_sep/h6,4032,2016,2,1,6,6,1762.7305409057562,1549.1696666992411,213.5608742065151,-13.785505796891918,,,,,,,-35.281867528039434,471.7670961820857,,0.5,,exploratory; insufficient time blocks,False,exploratory; cluster-t assumes independent approximately normal block scores; bootstrap descriptive; no simultaneous CI correction,,1.0,False,False,,1.0
test_00345,results/hypotheses/predictions.parquet,weighted_factor_median3_yoy,ridge_seasonal_ensemble,targets_oct_nov/h6,4032,2016,2,1,6,6,1398.3636281771146,1608.4929346401325,-210.12930646301788,13.06373823208804,,,,,,,-499.2653169891156,66.7678122551697,,0.5,,exploratory; insufficient time blocks,False,exploratory; cluster-t assumes independent approximately normal block scores; bootstrap descriptive; no simultaneous CI correction,,1.0,False,False,,1.0
test_00346,results/hypotheses/predictions.parquet,weighted_factor_median3_yoy,ridge_seasonal_ensemble,all_available/h6,10080,2016,5,1,6,6,1630.8970994866445,1622.1789343277949,8.718165158849615,-0.5374354810286255,,,-160.7579071089638,203.27416277279767,,,-201.5674053336968,214.7963993571947,,0.875,,exploratory; insufficient time blocks,False,exploratory; cluster-t assumes independent approximately normal block scores; bootstrap descriptive; no simultaneous CI correction,,1.0,False,False,,1.0
test_00347,results/ridge_grid/predictions.parquet,multi_q0.5_a3,weighted_panel_ridge,public_origins_jun_sep,24192,2016,6,2,3,"1,2,3",934.5386798038204,933.93212945885,0.6065503449701737,-0.0649458698162176,-0.7484540146386491,1.9735789259455268,-2.3992720165237094,3.312696434800063,-16.61041246697809,17.823513156918523,-2.337542159267657,3.864740915997188,1.0,0.78125,0.5,exploratory; insufficient time blocks,False,exploratory; cluster-t assumes independent approximately normal block scores; bootstrap descriptive; no simultaneous CI correction,1.0,1.0,False,False,1.0,1.0
test_00348,results/ridge_grid/predictions.parquet,multi_q0.5_a3,weighted_panel_ridge,later_origins,6048,2016,2,1,3,"1,2",1090.9258445294158,1097.2818194580805,-6.3559749286646365,0.5792472650101586,,,,,,,-23.903689277014625,8.176428510721204,,0.5,,exploratory; insufficient time blocks,False,exploratory; cluster-t assumes independent approximately normal block scores; bootstrap descriptive; no simultaneous CI correction,,1.0,False,False,,1.0
test_00349,results/ridge_grid/predictions.parquet,multi_q0.5_a3,weighted_panel_ridge,targets_jun_sep,24192,2016,4,2,3,"1,2,3",1231.085293391848,1238.1387647758706,-7.053471384022714,0.5696834300555594,,,-10.794768214348228,-3.312174553697117,-42.07924057239437,27.972297804349022,-12.52342005239945,-2.014397873734285,0.5,0.125,0.5,exploratory; insufficient time blocks,False,exploratory; cluster-t assumes independent approximately normal block scores; bootstrap descriptive; no simultaneous CI correction,1.0,1.0,False,False,1.0,1.0
test_00350,results/ridge_grid/predictions.parquet,multi_q0.5_a3,weighted_panel_ridge,targets_oct_nov,12096,2016,2,1,3,"1,2,3",911.6548186122802,909.1155142388338,2.5393043734463845,-0.2793159212085873,,,,,,,-1.070287992975284,6.631733103440326,,0.5,,exploratory; insufficient time blocks,False,exploratory; cluster-t assumes independent approximately normal block scores; bootstrap descriptive; no simultaneous CI correction,,1.0,False,False,,1.0
test_00351,results/ridge_grid/predictions.parquet,multi_q0.5_a3,weighted_panel_ridge,targets_dec,6048,2016,1,1,3,"1,2,3",1061.741399149458,1069.2528734158568,-7.511474266398864,0.702497459034415,,,,,,,-21.04674965071645,4.644063625749614,,,,exploratory; insufficient time blocks,False,exploratory; cluster-t assumes independent approximately normal block scores; bootstrap descriptive; no simultaneous CI correction,,,False,False,,
test_00352,results/ridge_grid/predictions.parquet,multi_q0.5_a3,weighted_panel_ridge,targets_jan_may,12096,2016,3,1,3,"1,2,3",1335.1685186486363,1334.6210947122072,0.5474239364291407,-0.041017179977002,,,-9.026029212413746,3.742646795853055,,,-2.8211791476047017,4.155477029367553,,1.0,,exploratory; insufficient time blocks,False,exploratory; cluster-t assumes independent approximately normal block scores; bootstrap descriptive; no simultaneous CI correction,,1.0,False,False,,1.0
test_00353,results/ridge_grid/predictions.parquet,multi_q0.5_a3,weighted_panel_ridge,all_available,54432,2016,10,4,3,"1,2,3",1164.414360804298,1167.69790560238,-3.283544798081948,0.2811981405745578,-6.877130527327712,0.2672051477980706,-6.832551451627783,0.135210428899772,-12.76171432009262,6.194624723928399,-6.305849377940586,-0.310894815479198,0.5,0.125,0.125,exploratory; insufficient time blocks,False,exploratory; cluster-t assumes independent approximately normal block scores; bootstrap descriptive; no simultaneous CI correction,1.0,1.0,False,False,1.0,1.0
test_00354,results/ridge_grid/predictions.parquet,multi_q0.5_a3,weighted_panel_ridge,public_origins_jun_sep/h6,2016,2016,1,1,6,6,2218.281205511574,2270.091658203256,-51.8104526916818,2.28230664186877,,,,,,,-103.86316644347714,-2.6133958126517944,,,,exploratory; insufficient time blocks,False,exploratory; cluster-t assumes independent approximately normal block scores; bootstrap descriptive; no simultaneous CI correction,,,False,False,,
test_00355,results/ridge_grid/predictions.parquet,multi_q0.5_a3,weighted_panel_ridge,targets_jun_sep/h6,4032,2016,2,1,6,6,1471.5581643534324,1529.5318004378153,-57.97363608438286,3.790286417568331,,,,,,,-81.2039578817351,-36.71093925902191,,0.5,,exploratory; insufficient time blocks,False,exploratory; cluster-t assumes independent approximately normal block scores; bootstrap descriptive; no simultaneous CI correction,,1.0,False,False,,1.0
test_00356,results/ridge_grid/predictions.parquet,multi_q0.5_a3,weighted_panel_ridge,targets_oct_nov/h6,4032,2016,2,1,6,6,2307.32731532823,2345.8723115961884,-38.5449962679586,1.6430986493775377,,,,,,,-68.30828587554609,-8.439188377421404,,0.5,,exploratory; insufficient time blocks,False,exploratory; cluster-t assumes independent approximately normal block scores; bootstrap descriptive; no simultaneous CI correction,,1.0,False,False,,1.0
test_00357,results/ridge_grid/predictions.parquet,multi_q0.5_a3,weighted_panel_ridge,targets_dec/h6,2016,2016,1,1,6,6,2218.281205511574,2270.091658203256,-51.8104526916818,2.28230664186877,,,,,,,-103.86316644347714,-2.6133958126517944,,,,exploratory; insufficient time blocks,False,exploratory; cluster-t assumes independent approximately normal block scores; bootstrap descriptive; no simultaneous CI correction,,,False,False,,
test_00358,results/ridge_grid/predictions.parquet,multi_q0.5_a3,weighted_panel_ridge,all_available/h6,10080,2016,5,1,6,6,1955.21043297498,2004.179976454253,-48.96954347927317,2.443370558262383,,,-59.7741661659212,-36.816778233709975,,,-79.24278327760614,-20.478229007588386,,0.0625,,exploratory; insufficient time blocks,False,exploratory; cluster-t assumes independent approximately normal block scores; bootstrap descriptive; no simultaneous CI correction,,1.0,False,False,,1.0
test_00359,results/ridge_grid/predictions.parquet,multi_q0.5_a30,weighted_panel_ridge,public_origins_jun_sep,24192,2016,6,2,3,"1,2,3",953.0441681061242,933.93212945885,19.112038647274066,-2.0464055196760587,13.298730125551806,21.09614102422109,11.164993144983384,31.04402264367865,-6.098372372258744,44.32244966680653,10.37533143529055,27.239590894318667,0.5,0.03125,0.5,exploratory; insufficient time blocks,False,exploratory; cluster-t assumes independent approximately normal block scores; bootstrap descriptive; no simultaneous CI correction,1.0,1.0,False,False,1.0,1.0
test_00360,results/ridge_grid/predictions.parquet,multi_q0.5_a30,weighted_panel_ridge,later_origins,6048,2016,2,1,3,"1,2",1131.5799372350964,1097.2818194580805,34.29811777701593,-3.125734626128673,,,,,,,7.506914286448809,57.36447514648502,,0.5,,exploratory; insufficient time blocks,False,exploratory; cluster-t assumes independent approximately normal block scores; bootstrap descriptive; no simultaneous CI correction,,1.0,False,False,,1.0
test_00361,results/ridge_grid/predictions.parquet,multi_q0.5_a30,weighted_panel_ridge,targets_jun_sep,24192,2016,4,2,3,"1,2,3",1272.388999413557,1238.1387647758706,34.25023463768639,-2.766267853982135,,,14.698777868805116,61.09237925938663,-120.58399456604532,189.0844638414185,5.396750960125335,63.37100234523174,0.5,0.125,0.5,exploratory; insufficient time blocks,False,exploratory; cluster-t assumes independent approximately normal block scores; bootstrap descriptive; no simultaneous CI correction,1.0,1.0,False,False,1.0,1.0
test_00362,results/ridge_grid/predictions.parquet,multi_q0.5_a30,weighted_panel_ridge,targets_oct_nov,12096,2016,2,1,3,"1,2,3",924.7578261370586,909.1155142388338,15.642311898224762,-1.72060773941598,,,,,,,-0.8880322658198574,33.10488867552409,,0.5,,exploratory; insufficient time blocks,False,exploratory; cluster-t assumes independent approximately normal block scores; bootstrap descriptive; no simultaneous CI correction,,1.0,False,False,,1.0
test_00363,results/ridge_grid/predictions.parquet,multi_q0.5_a30,weighted_panel_ridge,targets_dec,6048,2016,1,1,3,"1,2,3",1106.5222399370766,1069.2528734158568,37.26936652121981,-3.485552150274644,,,,,,,17.88313680884864,56.22433583807849,,,,exploratory; insufficient time blocks,False,exploratory; cluster-t assumes independent approximately normal block scores; bootstrap descriptive; no simultaneous CI correction,,,False,False,,
test_00364,results/ridge_grid/predictions.parquet,multi_q0.5_a30,weighted_panel_ridge,targets_jan_may,12096,2016,3,1,3,"1,2,3",1390.9249098102466,1334.6210947122072,56.30381509803942,-4.218711611941108,,,23.169916855363443,137.69716012144616,,,25.22011596447205,90.97973248793308,,0.25,,exploratory; insufficient time blocks,False,exploratory; cluster-t assumes independent approximately normal block scores; bootstrap descriptive; no simultaneous CI correction,,1.0,False,False,,1.0
test_00365,results/ridge_grid/predictions.parquet,multi_q0.5_a30,weighted_panel_ridge,all_available,54432,2016,10,4,3,"1,2,3",1203.0493010539908,1167.69790560238,35.35139545161087,-3.027443594957393,17.206287514242064,52.182505583194455,22.1162517162983,51.89297898036062,2.650115734116298,68.05267516910487,22.94539999094785,50.1694669357058,0.125,0.001953125,0.125,exploratory; insufficient time blocks,False,exploratory; cluster-t assumes independent approximately normal block scores; bootstrap descriptive; no simultaneous CI correction,1.0,1.0,False,False,1.0,1.0
test_00366,results/ridge_grid/predictions.parquet,multi_q0.5_a30,weighted_panel_ridge,public_origins_jun_sep/h6,2016,2016,1,1,6,6,2264.904418491043,2270.091658203256,-5.187239712212886,0.228503536122348,,,,,,,-84.84258768832079,65.85439404237924,,,,exploratory; insufficient time blocks,False,exploratory; cluster-t assumes independent approximately normal block scores; bootstrap descriptive; no simultaneous CI correction,,,False,False,,
test_00367,results/ridge_grid/predictions.parquet,multi_q0.5_a30,weighted_panel_ridge,targets_jun_sep/h6,4032,2016,2,1,6,6,1545.4092601612108,1529.5318004378153,15.877459723395532,-1.0380601252521031,,,,,,,-62.87737371842415,100.12143525414368,,1.0,,exploratory; insufficient time blocks,False,exploratory; cluster-t assumes independent approximately normal block scores; bootstrap descriptive; no simultaneous CI correction,,1.0,False,False,,1.0
test_00368,results/ridge_grid/predictions.parquet,multi_q0.5_a30,weighted_panel_ridge,targets_oct_nov/h6,4032,2016,2,1,6,6,2289.418324880662,2345.8723115961884,-56.4539867155263,2.4065242782593583,,,,,,,-145.49032090703045,22.17141752461198,,0.5,,exploratory; insufficient time blocks,False,exploratory; cluster-t assumes independent approximately normal block scores; bootstrap descriptive; no simultaneous CI correction,,1.0,False,False,,1.0
test_00369,results/ridge_grid/predictions.parquet,multi_q0.5_a30,weighted_panel_ridge,targets_dec/h6,2016,2016,1,1,6,6,2264.904418491043,2270.091658203256,-5.187239712212886,0.228503536122348,,,,,,,-84.84258768832079,65.85439404237924,,,,exploratory; insufficient time blocks,False,exploratory; cluster-t assumes independent approximately normal block scores; bootstrap descriptive; no simultaneous CI correction,,,False,False,,
test_00370,results/ridge_grid/predictions.parquet,multi_q0.5_a30,weighted_panel_ridge,all_available/h6,10080,2016,5,1,6,6,1986.911917714958,2004.179976454253,-17.26805873929493,0.8616021985133872,,,-51.673977060424896,21.124685411290915,,,-95.25394678096184,53.821868197426845,,0.4375,,exploratory; insufficient time blocks,False,exploratory; cluster-t assumes independent approximately normal block scores; bootstrap descriptive; no simultaneous CI correction,,1.0,False,False,,1.0
test_00371,results/ridge_grid/predictions.parquet,multi_q0.5_a300,weighted_panel_ridge,public_origins_jun_sep,24192,2016,6,2,3,"1,2,3",1110.3947280684029,933.93212945885,176.46259860955274,-18.894584846524207,131.24750616971144,207.322492882595,123.83106745762775,248.3230496158193,-215.64953616837388,568.5747333874789,127.35019737142154,224.3507375970132,0.5,0.03125,0.5,exploratory; insufficient time blocks,False,exploratory; cluster-t assumes independent approximately normal block scores; bootstrap descriptive; no simultaneous CI correction,1.0,1.0,False,False,1.0,1.0
test_00372,results/ridge_grid/predictions.parquet,multi_q0.5_a300,weighted_panel_ridge,later_origins,6048,2016,2,1,3,"1,2",1345.216155781971,1097.2818194580805,247.93433632389065,-22.595319810031945,,,,,,,172.00008327113798,317.39092476032016,,0.5,,exploratory; insufficient time blocks,False,exploratory; cluster-t assumes independent approximately normal block scores; bootstrap descriptive; no simultaneous CI correction,,1.0,False,False,,1.0
test_00373,results/ridge_grid/predictions.parquet,multi_q0.5_a300,weighted_panel_ridge,targets_jun_sep,24192,2016,4,2,3,"1,2,3",1503.4871938557906,1238.1387647758706,265.3484290799199,-21.431235062570195,,,174.39475853926683,366.21395149597583,-489.61438091507046,1020.3112390749108,192.7583123339925,351.35548735303286,0.5,0.125,0.5,exploratory; insufficient time blocks,False,exploratory; cluster-t assumes independent approximately normal block scores; bootstrap descriptive; no simultaneous CI correction,1.0,1.0,False,False,1.0,1.0
test_00374,results/ridge_grid/predictions.parquet,multi_q0.5_a300,weighted_panel_ridge,targets_oct_nov,12096,2016,2,1,3,"1,2,3",1041.0711930698253,909.1155142388338,131.95567883099147,-14.514731820573177,,,,,,,56.60382239394004,204.40869937159647,,0.5,,exploratory; insufficient time blocks,False,exploratory; cluster-t assumes independent approximately normal block scores; bootstrap descriptive; no simultaneous CI correction,,1.0,False,False,,1.0
test_00375,results/ridge_grid/predictions.parquet,multi_q0.5_a300,weighted_panel_ridge,targets_dec,6048,2016,1,1,3,"1,2,3",1344.4812607507847,1069.2528734158568,275.2283873349279,-25.74025229931604,,,,,,,214.76694257439357,340.12612022256616,,,,exploratory; insufficient time blocks,False,exploratory; cluster-t assumes independent approximately normal block scores; bootstrap descriptive; no simultaneous CI correction,,,False,False,,
test_00376,results/ridge_grid/predictions.parquet,multi_q0.5_a300,weighted_panel_ridge,targets_jan_may,12096,2016,3,1,3,"1,2,3",1630.292719942525,1334.6210947122072,295.6716252303179,-22.15397511711557,,,105.75226010821768,645.717865524794,,,191.6956051082313,417.3981567562397,,0.25,,exploratory; insufficient time blocks,False,exploratory; cluster-t assumes independent approximately normal block scores; bootstrap descriptive; no simultaneous CI correction,,1.0,False,False,,1.0
test_00377,results/ridge_grid/predictions.parquet,multi_q0.5_a300,weighted_panel_ridge,all_available,54432,2016,10,4,3,"1,2,3",1411.2397624665164,1167.69790560238,243.54185686413643,-20.856580772789908,163.73571864963878,312.6964209912258,178.4595643349436,315.0187203278733,86.27638203489997,400.8073316933727,201.33598720290604,294.1326910875485,0.125,0.001953125,0.125,exploratory; insufficient time blocks,False,exploratory; cluster-t assumes independent approximately normal block scores; bootstrap descriptive; no simultaneous CI correction,1.0,1.0,False,False,1.0,1.0
test_00378,results/ridge_grid/predictions.parquet,multi_q0.5_a300,weighted_panel_ridge,public_origins_jun_sep/h6,2016,2016,1,1,6,6,2489.956836822217,2270.091658203256,219.8651786189612,-9.68529961442091,,,,,,,50.16055766584838,373.6952386933539,,,,exploratory; insufficient time blocks,False,exploratory; cluster-t assumes independent approximately normal block scores; bootstrap descriptive; no simultaneous CI correction,,,False,False,,
test_00379,results/ridge_grid/predictions.parquet,multi_q0.5_a300,weighted_panel_ridge,targets_jun_sep/h6,4032,2016,2,1,6,6,1828.2271553116043,1529.5318004378153,298.69535487378926,-19.528548199409144,,,,,,,166.4317804305055,456.9691775965189,,0.5,,exploratory; insufficient time blocks,False,exploratory; cluster-t assumes independent approximately normal block scores; bootstrap descriptive; no simultaneous CI correction,,1.0,False,False,,1.0
test_00380,results/ridge_grid/predictions.parquet,multi_q0.5_a300,weighted_panel_ridge,targets_oct_nov/h6,4032,2016,2,1,6,6,2458.4886341111146,2345.8723115961884,112.6163225149262,-4.800616041983091,,,,,,,-59.35478689824593,263.9962341038932,,0.5,,exploratory; insufficient time blocks,False,exploratory; cluster-t assumes independent approximately normal block scores; bootstrap descriptive; no simultaneous CI correction,,1.0,False,False,,1.0
test_00381,results/ridge_grid/predictions.parquet,multi_q0.5_a300,weighted_panel_ridge,targets_dec/h6,2016,2016,1,1,6,6,2489.956836822217,2270.091658203256,219.8651786189612,-9.68529961442091,,,,,,,50.16055766584838,373.6952386933539,,,,exploratory; insufficient time blocks,False,exploratory; cluster-t assumes independent approximately normal block scores; bootstrap descriptive; no simultaneous CI correction,,,False,False,,
test_00382,results/ridge_grid/predictions.parquet,multi_q0.5_a300,weighted_panel_ridge,all_available/h6,10080,2016,5,1,6,6,2212.677683133531,2004.179976454253,208.49770667927805,-10.40314288780328,,,134.06609373573286,282.9293196228237,,,73.1467397268088,342.81689372092285,,0.0625,,exploratory; insufficient time blocks,False,exploratory; cluster-t assumes independent approximately normal block scores; bootstrap descriptive; no simultaneous CI correction,,1.0,False,False,,1.0
test_00383,results/ridge_grid/predictions.parquet,multi_q0_a3,weighted_panel_ridge,public_origins_jun_sep,24192,2016,6,2,3,"1,2,3",935.3134304040984,933.93212945885,1.381300945248313,-0.1479016409949064,-1.6418564491642564,4.404458339660962,-3.245232158792008,5.655765742230727,-37.03155585861685,39.79415774911356,-2.758871952128452,5.919702250786869,1.0,0.625,0.5,exploratory; insufficient time blocks,False,exploratory; cluster-t assumes independent approximately normal block scores; bootstrap descriptive; no simultaneous CI correction,1.0,1.0,False,False,1.0,1.0
test_00384,results/ridge_grid/predictions.parquet,multi_q0_a3,weighted_panel_ridge,later_origins,6048,2016,2,1,3,"1,2",1087.646488743811,1097.2818194580805,-9.635330714269458,0.87810902754482,,,,,,,-35.1073765485423,11.42168476177378,,0.5,,exploratory; insufficient time blocks,False,exploratory; cluster-t assumes independent approximately normal block scores; bootstrap descriptive; no simultaneous CI correction,,1.0,False,False,,1.0
test_00385,results/ridge_grid/predictions.parquet,multi_q0_a3,weighted_panel_ridge,targets_jun_sep,24192,2016,4,2,3,"1,2,3",1227.318246765129,1238.1387647758706,-10.82051801074158,0.8739341920774384,,,-16.498785170844943,-5.142250850637887,-66.24641036593772,44.605374344454894,-19.6729747887042,-2.749125192392102,0.5,0.125,0.5,exploratory; insufficient time blocks,False,exploratory; cluster-t assumes independent approximately normal block scores; bootstrap descriptive; no simultaneous CI correction,1.0,1.0,False,False,1.0,1.0
test_00386,results/ridge_grid/predictions.parquet,multi_q0_a3,weighted_panel_ridge,targets_oct_nov,12096,2016,2,1,3,"1,2,3",913.6726159029388,909.1155142388338,4.557101664105062,-0.5012676159113335,,,,,,,-0.6579144303735183,10.286175506915075,,0.5,,exploratory; insufficient time blocks,False,exploratory; cluster-t assumes independent approximately normal block scores; bootstrap descriptive; no simultaneous CI correction,,1.0,False,False,,1.0
test_00387,results/ridge_grid/predictions.parquet,multi_q0_a3,weighted_panel_ridge,targets_dec,6048,2016,1,1,3,"1,2,3",1059.3122560526992,1069.2528734158568,-9.940617363157571,0.9296788075397988,,,,,,,-29.05939727280578,7.280888577881333,,,,exploratory; insufficient time blocks,False,exploratory; cluster-t assumes independent approximately normal block scores; bootstrap descriptive; no simultaneous CI correction,,,False,False,,
test_00388,results/ridge_grid/predictions.parquet,multi_q0_a3,weighted_panel_ridge,targets_jan_may,12096,2016,3,1,3,"1,2,3",1335.9308295452404,1334.6210947122072,1.3097348330331895,-0.0981353313103159,,,-11.37403210545848,6.143494663095495,,,-3.6607133100404976,6.699200388049813,,0.75,,exploratory; insufficient time blocks,False,exploratory; cluster-t assumes independent approximately normal block scores; bootstrap descriptive; no simultaneous CI correction,,1.0,False,False,,1.0
test_00389,results/ridge_grid/predictions.parquet,multi_q0_a3,weighted_panel_ridge,all_available,54432,2016,10,4,3,"1,2,3",1163.0880148899528,1167.69790560238,-4.609890712427159,0.3947845320531817,-10.687992421236082,0.99754893411823,-10.054673319171298,0.6860873991581017,-19.620767221149364,10.400985796294616,-9.22819609236906,-0.1350098430629469,0.5,0.150390625,0.125,exploratory; insufficient time blocks,False,exploratory; cluster-t assumes independent approximately normal block scores; bootstrap descriptive; no simultaneous CI correction,1.0,1.0,False,False,1.0,1.0
test_00390,results/ridge_grid/predictions.parquet,multi_q0_a3,weighted_panel_ridge,public_origins_jun_sep/h6,2016,2016,1,1,6,6,2195.067860464944,2270.091658203256,-75.02379773831217,3.304879671585261,,,,,,,-151.84045837677738,-2.678507179367048,,,,exploratory; insufficient time blocks,False,exploratory; cluster-t assumes independent approximately normal block scores; bootstrap descriptive; no simultaneous CI correction,,,False,False,,
test_00391,results/ridge_grid/predictions.parquet,multi_q0_a3,weighted_panel_ridge,targets_jun_sep/h6,4032,2016,2,1,6,6,1446.5489224042135,1529.5318004378153,-82.98287803360176,5.425377753496112,,,,,,,-117.6134720607936,-51.433359734965,,0.5,,exploratory; insufficient time blocks,False,exploratory; cluster-t assumes independent approximately normal block scores; bootstrap descriptive; no simultaneous CI correction,,1.0,False,False,,1.0
test_00392,results/ridge_grid/predictions.parquet,multi_q0_a3,weighted_panel_ridge,targets_oct_nov/h6,4032,2016,2,1,6,6,2290.933163742456,2345.8723115961884,-54.93914785373272,2.3419496271027125,,,,,,,-100.14010063406212,-9.541476807921184,,0.5,,exploratory; insufficient time blocks,False,exploratory; cluster-t assumes independent approximately normal block scores; bootstrap descriptive; no simultaneous CI correction,,1.0,False,False,,1.0
test_00393,results/ridge_grid/predictions.parquet,multi_q0_a3,weighted_panel_ridge,targets_dec/h6,2016,2016,1,1,6,6,2195.067860464944,2270.091658203256,-75.02379773831217,3.304879671585261,,,,,,,-151.84045837677738,-2.678507179367048,,,,exploratory; insufficient time blocks,False,exploratory; cluster-t assumes independent approximately normal block scores; bootstrap descriptive; no simultaneous CI correction,,,False,False,,
test_00394,results/ridge_grid/predictions.parquet,multi_q0_a3,weighted_panel_ridge,all_available/h6,10080,2016,5,1,6,6,1934.0064065516565,2004.179976454253,-70.17356990259645,3.501360692503567,,,-85.86685961966097,-52.979458612442286,,,-115.40722529465164,-27.640322639957983,,0.0625,,exploratory; insufficient time blocks,False,exploratory; cluster-t assumes independent approximately normal block scores; bootstrap descriptive; no simultaneous CI correction,,1.0,False,False,,1.0
test_00395,results/ridge_grid/predictions.parquet,multi_q0_a30,weighted_panel_ridge,public_origins_jun_sep,24192,2016,6,2,3,"1,2,3",952.6272544298486,933.93212945885,18.69512497099845,-2.00176483721906,14.187239664308796,20.32133050113054,11.731638463936203,28.053330016958984,-1.9677754383766344,39.358025380373725,8.463227813705828,28.50167825714312,0.5,0.03125,0.5,exploratory; insufficient time blocks,False,exploratory; cluster-t assumes independent approximately normal block scores; bootstrap descriptive; no simultaneous CI correction,1.0,1.0,False,False,1.0,1.0
test_00396,results/ridge_grid/predictions.parquet,multi_q0_a30,weighted_panel_ridge,later_origins,6048,2016,2,1,3,"1,2",1121.3056752605382,1097.2818194580805,24.02385580245777,-2.189397051554408,,,,,,,-14.34995022354032,55.64035362625403,,0.5,,exploratory; insufficient time blocks,False,exploratory; cluster-t assumes independent approximately normal block scores; bootstrap descriptive; no simultaneous CI correction,,1.0,False,False,,1.0
test_00397,results/ridge_grid/predictions.parquet,multi_q0_a30,weighted_panel_ridge,targets_jun_sep,24192,2016,4,2,3,"1,2,3",1264.254548397703,1238.1387647758706,26.115783621832406,-2.1092775999594777,,,8.562376750050143,51.761517682270416,-95.80138400092092,148.03295124458555,-8.08516915486718,60.1994524828118,0.5,0.125,0.5,exploratory; insufficient time blocks,False,exploratory; cluster-t assumes independent approximately normal block scores; bootstrap descriptive; no simultaneous CI correction,1.0,1.0,False,False,1.0,1.0
test_00398,results/ridge_grid/predictions.parquet,multi_q0_a30,weighted_panel_ridge,targets_oct_nov,12096,2016,2,1,3,"1,2,3",927.0075686128956,909.1155142388338,17.892054374061672,-1.968072713954505,,,,,,,-2.029716647496272,39.65680966845572,,0.5,,exploratory; insufficient time blocks,False,exploratory; cluster-t assumes independent approximately normal block scores; bootstrap descriptive; no simultaneous CI correction,,1.0,False,False,,1.0
test_00399,results/ridge_grid/predictions.parquet,multi_q0_a30,weighted_panel_ridge,targets_dec,6048,2016,1,1,3,"1,2,3",1098.1352814724523,1069.2528734158568,28.882408056595523,-2.7011765668047447,,,,,,,3.2366589629207625,52.963765796247415,,,,exploratory; insufficient time blocks,False,exploratory; cluster-t assumes independent approximately normal block scores; bootstrap descriptive; no simultaneous CI correction,,,False,False,,
test_00400,results/ridge_grid/predictions.parquet,multi_q0_a30,weighted_panel_ridge,targets_jan_may,12096,2016,3,1,3,"1,2,3",1398.6361958014054,1334.6210947122072,64.0151010891982,-4.796500021079179,,,40.4629035716601,140.8939923173659,,,30.00090146277328,101.41981302457972,,0.25,,exploratory; insufficient time blocks,False,exploratory; cluster-t assumes independent approximately normal block scores; bootstrap descriptive; no simultaneous CI correction,,1.0,False,False,,1.0
test_00401,results/ridge_grid/predictions.parquet,multi_q0_a30,weighted_panel_ridge,all_available,54432,2016,10,4,3,"1,2,3",1200.7156670990964,1167.69790560238,33.0177614967165,-2.8275944778443054,14.598966182608816,52.17212903342725,19.73505208763785,49.55945279464485,-1.2347257546983528,67.27024874813063,19.10898434511011,49.86715621083752,0.125,0.001953125,0.125,exploratory; insufficient time blocks,False,exploratory; cluster-t assumes independent approximately normal block scores; bootstrap descriptive; no simultaneous CI correction,1.0,1.0,False,False,1.0,1.0
test_00402,results/ridge_grid/predictions.parquet,multi_q0_a30,weighted_panel_ridge,public_origins_jun_sep/h6,2016,2016,1,1,6,6,2232.6656600980064,2270.091658203256,-37.42599810524962,1.6486558139626726,,,,,,,-142.11896752074892,56.21916569159505,,,,exploratory; insufficient time blocks,False,exploratory; cluster-t assumes independent approximately normal block scores; bootstrap descriptive; no simultaneous CI correction,,,False,False,,
test_00403,results/ridge_grid/predictions.parquet,multi_q0_a30,weighted_panel_ridge,targets_jun_sep/h6,4032,2016,2,1,6,6,1522.273563251839,1529.5318004378153,-7.258237185976213,0.4745398025656351,,,,,,,-91.6885545898715,82.16829497511478,,1.0,,exploratory; insufficient time blocks,False,exploratory; cluster-t assumes independent approximately normal block scores; bootstrap descriptive; no simultaneous CI correction,,1.0,False,False,,1.0
test_00404,results/ridge_grid/predictions.parquet,multi_q0_a30,weighted_panel_ridge,targets_oct_nov/h6,4032,2016,2,1,6,6,2262.415186842837,2345.8723115961884,-83.45712475335131,3.55761583189347,,,,,,,-190.8127573753109,11.155575948538685,,0.5,,exploratory; insufficient time blocks,False,exploratory; cluster-t assumes independent approximately normal block scores; bootstrap descriptive; no simultaneous CI correction,,1.0,False,False,,1.0
test_00405,results/ridge_grid/predictions.parquet,multi_q0_a30,weighted_panel_ridge,targets_dec/h6,2016,2016,1,1,6,6,2232.6656600980064,2270.091658203256,-37.42599810524962,1.6486558139626726,,,,,,,-142.11896752074892,56.21916569159505,,,,exploratory; insufficient time blocks,False,exploratory; cluster-t assumes independent approximately normal block scores; bootstrap descriptive; no simultaneous CI correction,,,False,False,,
test_00406,results/ridge_grid/predictions.parquet,multi_q0_a30,weighted_panel_ridge,all_available/h6,10080,2016,5,1,6,6,1960.4086320574716,2004.179976454253,-43.771344396781615,2.1840026799499728,,,-80.04036542542264,2.022544749873568,,,-137.11990270820664,41.16038137958893,,0.1875,,exploratory; insufficient time blocks,False,exploratory; cluster-t assumes independent approximately normal block scores; bootstrap descriptive; no simultaneous CI correction,,1.0,False,False,,1.0
test_00407,results/ridge_grid/predictions.parquet,multi_q0_a300,weighted_panel_ridge,public_origins_jun_sep,24192,2016,6,2,3,"1,2,3",1102.933361223758,933.93212945885,169.00123176490797,-18.09566524527137,127.88811690502308,193.3791920239051,127.0935881072344,232.8091815728816,-140.7501223425133,478.7525858723294,113.26180235909904,227.1326286237496,0.5,0.03125,0.5,exploratory; insufficient time blocks,False,exploratory; cluster-t assumes independent approximately normal block scores; bootstrap descriptive; no simultaneous CI correction,1.0,1.0,False,False,1.0,1.0
test_00408,results/ridge_grid/predictions.parquet,multi_q0_a300,weighted_panel_ridge,later_origins,6048,2016,2,1,3,"1,2",1314.425118651473,1097.2818194580805,217.1432991933925,-19.789200490046767,,,,,,,133.30546022312728,293.7647346734371,,0.5,,exploratory; insufficient time blocks,False,exploratory; cluster-t assumes independent approximately normal block scores; bootstrap descriptive; no simultaneous CI correction,,1.0,False,False,,1.0
test_00409,results/ridge_grid/predictions.parquet,multi_q0_a300,weighted_panel_ridge,targets_jun_sep,24192,2016,4,2,3,"1,2,3",1480.6435650892706,1238.1387647758706,242.5048003134,-19.586237602155883,,,159.81821074298773,342.95513983784195,-447.866767329036,932.8763679558364,163.75062246723255,337.87258193215155,0.5,0.125,0.5,exploratory; insufficient time blocks,False,exploratory; cluster-t assumes independent approximately normal block scores; bootstrap descriptive; no simultaneous CI correction,1.0,1.0,False,False,1.0,1.0
test_00410,results/ridge_grid/predictions.parquet,multi_q0_a300,weighted_panel_ridge,targets_oct_nov,12096,2016,2,1,3,"1,2,3",1038.3340630785522,909.1155142388338,129.21854883971832,-14.213655670358662,,,,,,,41.799123181508726,219.02776366043472,,0.5,,exploratory; insufficient time blocks,False,exploratory; cluster-t assumes independent approximately normal block scores; bootstrap descriptive; no simultaneous CI correction,,1.0,False,False,,1.0
test_00411,results/ridge_grid/predictions.parquet,multi_q0_a300,weighted_panel_ridge,targets_dec,6048,2016,1,1,3,"1,2,3",1317.2056179416352,1069.2528734158568,247.9527445257784,-23.189345634738725,,,,,,,184.4731582339715,318.0271640974135,,,,exploratory; insufficient time blocks,False,exploratory; cluster-t assumes independent approximately normal block scores; bootstrap descriptive; no simultaneous CI correction,,,False,False,,
test_00412,results/ridge_grid/predictions.parquet,multi_q0_a300,weighted_panel_ridge,targets_jan_may,12096,2016,3,1,3,"1,2,3",1665.6728466260709,1334.6210947122072,331.05175191386365,-24.80492427592345,,,180.50188271387407,664.1071310726468,,,218.60696562295985,459.9262520188748,,0.25,,exploratory; insufficient time blocks,False,exploratory; cluster-t assumes independent approximately normal block scores; bootstrap descriptive; no simultaneous CI correction,,1.0,False,False,,1.0
test_00413,results/ridge_grid/predictions.parquet,multi_q0_a300,weighted_panel_ridge,all_available,54432,2016,10,4,3,"1,2,3",1405.3104108564405,1167.69790560238,237.61250525406035,-20.34879947236724,156.65475705498156,312.97124880472745,177.74102337193702,308.4345592108812,77.89960922987032,397.3254012782503,192.2015361689912,292.1628370145272,0.125,0.001953125,0.125,exploratory; insufficient time blocks,False,exploratory; cluster-t assumes independent approximately normal block scores; bootstrap descriptive; no simultaneous CI correction,1.0,1.0,False,False,1.0,1.0
test_00414,results/ridge_grid/predictions.parquet,multi_q0_a300,weighted_panel_ridge,public_origins_jun_sep/h6,2016,2016,1,1,6,6,2422.6369571621112,2270.091658203256,152.54529895885526,-6.719785890918281,,,,,,,-43.21505188804871,326.8907406950017,,,,exploratory; insufficient time blocks,False,exploratory; cluster-t assumes independent approximately normal block scores; bootstrap descriptive; no simultaneous CI correction,,,False,False,,
test_00415,results/ridge_grid/predictions.parquet,multi_q0_a300,weighted_panel_ridge,targets_jun_sep/h6,4032,2016,2,1,6,6,1815.846041600432,1529.5318004378153,286.3142411626168,-18.71907737260917,,,,,,,149.37091388113808,449.4498928725114,,0.5,,exploratory; insufficient time blocks,False,exploratory; cluster-t assumes independent approximately normal block scores; bootstrap descriptive; no simultaneous CI correction,,1.0,False,False,,1.0
test_00416,results/ridge_grid/predictions.parquet,multi_q0_a300,weighted_panel_ridge,targets_oct_nov/h6,4032,2016,2,1,6,6,2395.336629834618,2345.8723115961884,49.46431823842977,-2.108568228284047,,,,,,,-144.00709037344876,218.91852604347292,,0.5,,exploratory; insufficient time blocks,False,exploratory; cluster-t assumes independent approximately normal block scores; bootstrap descriptive; no simultaneous CI correction,,1.0,False,False,,1.0
test_00417,results/ridge_grid/predictions.parquet,multi_q0_a300,weighted_panel_ridge,targets_dec/h6,2016,2016,1,1,6,6,2422.6369571621112,2270.091658203256,152.54529895885526,-6.719785890918281,,,,,,,-43.21505188804871,326.8907406950017,,,,exploratory; insufficient time blocks,False,exploratory; cluster-t assumes independent approximately normal block scores; bootstrap descriptive; no simultaneous CI correction,,,False,False,,
test_00418,results/ridge_grid/predictions.parquet,multi_q0_a300,weighted_panel_ridge,all_available/h6,10080,2016,5,1,6,6,2169.000460006442,2004.179976454253,164.82048355218922,-8.223836456234118,,,70.08051438251458,265.3265770116217,,,16.75749580061836,311.3659131182647,,0.0625,,exploratory; insufficient time blocks,False,exploratory; cluster-t assumes independent approximately normal block scores; bootstrap descriptive; no simultaneous CI correction,,1.0,False,False,,1.0
test_00419,results/ridge_grid/predictions.parquet,multi_q1.5_a3,weighted_panel_ridge,public_origins_jun_sep,24192,2016,6,2,3,"1,2,3",933.93212945885,933.93212945885,0.0,0.0,0.0,0.0,0.0,0.0,0.0,0.0,0.0,0.0,1.0,1.0,0.5,exploratory; insufficient time blocks,False,exploratory; cluster-t assumes independent approximately normal block scores; bootstrap descriptive; no simultaneous CI correction,1.0,1.0,False,False,1.0,1.0
test_00420,results/ridge_grid/predictions.parquet,multi_q1.5_a3,weighted_panel_ridge,later_origins,6048,2016,2,1,3,"1,2",1097.2818194580805,1097.2818194580805,0.0,0.0,,,,,,,0.0,0.0,,1.0,,exploratory; insufficient time blocks,False,exploratory; cluster-t assumes independent approximately normal block scores; bootstrap descriptive; no simultaneous CI correction,,1.0,False,False,,1.0
test_00421,results/ridge_grid/predictions.parquet,multi_q1.5_a3,weighted_panel_ridge,targets_jun_sep,24192,2016,4,2,3,"1,2,3",1238.1387647758706,1238.1387647758706,0.0,0.0,,,0.0,0.0,0.0,0.0,0.0,0.0,1.0,1.0,0.5,exploratory; insufficient time blocks,False,exploratory; cluster-t assumes independent approximately normal block scores; bootstrap descriptive; no simultaneous CI correction,1.0,1.0,False,False,1.0,1.0
test_00422,results/ridge_grid/predictions.parquet,multi_q1.5_a3,weighted_panel_ridge,targets_oct_nov,12096,2016,2,1,3,"1,2,3",909.1155142388338,909.1155142388338,0.0,0.0,,,,,,,0.0,0.0,,1.0,,exploratory; insufficient time blocks,False,exploratory; cluster-t assumes independent approximately normal block scores; bootstrap descriptive; no simultaneous CI correction,,1.0,False,False,,1.0
test_00423,results/ridge_grid/predictions.parquet,multi_q1.5_a3,weighted_panel_ridge,targets_dec,6048,2016,1,1,3,"1,2,3",1069.2528734158568,1069.2528734158568,0.0,0.0,,,,,,,0.0,0.0,,,,exploratory; insufficient time blocks,False,exploratory; cluster-t assumes independent approximately normal block scores; bootstrap descriptive; no simultaneous CI correction,,,False,False,,
test_00424,results/ridge_grid/predictions.parquet,multi_q1.5_a3,weighted_panel_ridge,targets_jan_may,12096,2016,3,1,3,"1,2,3",1334.6210947122072,1334.6210947122072,0.0,0.0,,,0.0,0.0,,,0.0,0.0,,1.0,,exploratory; insufficient time blocks,False,exploratory; cluster-t assumes independent approximately normal block scores; bootstrap descriptive; no simultaneous CI correction,,1.0,False,False,,1.0
test_00425,results/ridge_grid/predictions.parquet,multi_q1.5_a3,weighted_panel_ridge,all_available,54432,2016,10,4,3,"1,2,3",1167.69790560238,1167.69790560238,0.0,0.0,0.0,0.0,0.0,0.0,0.0,0.0,0.0,0.0,1.0,1.0,0.125,exploratory; insufficient time blocks,False,exploratory; cluster-t assumes independent approximately normal block scores; bootstrap descriptive; no simultaneous CI correction,1.0,1.0,False,False,1.0,1.0
test_00426,results/ridge_grid/predictions.parquet,multi_q1.5_a3,weighted_panel_ridge,public_origins_jun_sep/h6,2016,2016,1,1,6,6,2270.091658203256,2270.091658203256,0.0,0.0,,,,,,,0.0,0.0,,,,exploratory; insufficient time blocks,False,exploratory; cluster-t assumes independent approximately normal block scores; bootstrap descriptive; no simultaneous CI correction,,,False,False,,
test_00427,results/ridge_grid/predictions.parquet,multi_q1.5_a3,weighted_panel_ridge,targets_jun_sep/h6,4032,2016,2,1,6,6,1529.5318004378153,1529.5318004378153,0.0,0.0,,,,,,,0.0,0.0,,1.0,,exploratory; insufficient time blocks,False,exploratory; cluster-t assumes independent approximately normal block scores; bootstrap descriptive; no simultaneous CI correction,,1.0,False,False,,1.0
test_00428,results/ridge_grid/predictions.parquet,multi_q1.5_a3,weighted_panel_ridge,targets_oct_nov/h6,4032,2016,2,1,6,6,2345.8723115961884,2345.8723115961884,0.0,0.0,,,,,,,0.0,0.0,,1.0,,exploratory; insufficient time blocks,False,exploratory; cluster-t assumes independent approximately normal block scores; bootstrap descriptive; no simultaneous CI correction,,1.0,False,False,,1.0
test_00429,results/ridge_grid/predictions.parquet,multi_q1.5_a3,weighted_panel_ridge,targets_dec/h6,2016,2016,1,1,6,6,2270.091658203256,2270.091658203256,0.0,0.0,,,,,,,0.0,0.0,,,,exploratory; insufficient time blocks,False,exploratory; cluster-t assumes independent approximately normal block scores; bootstrap descriptive; no simultaneous CI correction,,,False,False,,
test_00430,results/ridge_grid/predictions.parquet,multi_q1.5_a3,weighted_panel_ridge,all_available/h6,10080,2016,5,1,6,6,2004.179976454253,2004.179976454253,0.0,0.0,,,0.0,0.0,,,0.0,0.0,,1.0,,exploratory; insufficient time blocks,False,exploratory; cluster-t assumes independent approximately normal block scores; bootstrap descriptive; no simultaneous CI correction,,1.0,False,False,,1.0
test_00431,results/ridge_grid/predictions.parquet,multi_q1.5_a30,weighted_panel_ridge,public_origins_jun_sep,24192,2016,6,2,3,"1,2,3",955.005871105261,933.93212945885,21.07374164641089,-2.2564532241354294,11.264156288470796,27.238214131742197,7.30558302546527,38.89198095225756,-57.25330784431197,99.4007911371336,13.037840745519244,28.34294809999592,0.5,0.0625,0.5,exploratory; insufficient time blocks,False,exploratory; cluster-t assumes independent approximately normal block scores; bootstrap descriptive; no simultaneous CI correction,1.0,1.0,False,False,1.0,1.0
test_00432,results/ridge_grid/predictions.parquet,multi_q1.5_a30,weighted_panel_ridge,later_origins,6048,2016,2,1,3,"1,2",1149.1801234071102,1097.2818194580805,51.898303949029696,-4.729715104061502,,,,,,,35.27187623825308,67.99182704475565,,0.5,,exploratory; insufficient time blocks,False,exploratory; cluster-t assumes independent approximately normal block scores; bootstrap descriptive; no simultaneous CI correction,,1.0,False,False,,1.0
test_00433,results/ridge_grid/predictions.parquet,multi_q1.5_a30,weighted_panel_ridge,targets_jun_sep,24192,2016,4,2,3,"1,2,3",1287.3010129187087,1238.1387647758706,49.16224814283805,-3.970657372296833,,,23.427126107339674,78.39253534419072,-168.46041762341514,266.78491390909124,29.131410058120032,70.04825774606968,0.5,0.125,0.5,exploratory; insufficient time blocks,False,exploratory; cluster-t assumes independent approximately normal block scores; bootstrap descriptive; no simultaneous CI correction,1.0,1.0,False,False,1.0,1.0
test_00434,results/ridge_grid/predictions.parquet,multi_q1.5_a30,weighted_panel_ridge,targets_oct_nov,12096,2016,2,1,3,"1,2,3",922.0358326618062,909.1155142388338,12.9203184229724,-1.4211965609001918,,,,,,,0.0578022055565813,24.72145956005711,,1.0,,exploratory; insufficient time blocks,False,exploratory; cluster-t assumes independent approximately normal block scores; bootstrap descriptive; no simultaneous CI correction,,1.0,False,False,,1.0
test_00435,results/ridge_grid/predictions.parquet,multi_q1.5_a30,weighted_panel_ridge,targets_dec,6048,2016,1,1,3,"1,2,3",1125.1290788411009,1069.2528734158568,55.87620542524405,-5.225724130788707,,,,,,,35.90251055236181,76.35133412676663,,,,exploratory; insufficient time blocks,False,exploratory; cluster-t assumes independent approximately normal block scores; bootstrap descriptive; no simultaneous CI correction,,,False,False,,
test_00436,results/ridge_grid/predictions.parquet,multi_q1.5_a30,weighted_panel_ridge,targets_jan_may,12096,2016,3,1,3,"1,2,3",1380.9618432026316,1334.6210947122072,46.3407484904244,-3.4722026104657933,,,-5.671115249163993,144.08324971419134,,,18.344653872765186,79.3392489366505,,0.5,,exploratory; insufficient time blocks,False,exploratory; cluster-t assumes independent approximately normal block scores; bootstrap descriptive; no simultaneous CI correction,,1.0,False,False,,1.0
test_00437,results/ridge_grid/predictions.parquet,multi_q1.5_a30,weighted_panel_ridge,all_available,54432,2016,10,4,3,"1,2,3",1208.9253869160902,1167.69790560238,41.22748131371032,-3.5306632919275733,19.92343105360389,58.10037599119666,22.49803279193407,61.55059865891724,-0.7470308248425965,83.2019934522625,31.91258516003476,52.63191980640971,0.125,0.0078125,0.125,exploratory; insufficient time blocks,False,exploratory; cluster-t assumes independent approximately normal block scores; bootstrap descriptive; no simultaneous CI correction,1.0,1.0,False,False,1.0,1.0
test_00438,results/ridge_grid/predictions.parquet,multi_q1.5_a30,weighted_panel_ridge,public_origins_jun_sep/h6,2016,2016,1,1,6,6,2328.10855602517,2270.091658203256,58.01689782191397,-2.5557072822263702,,,,,,,14.126382381213594,102.2382541253436,,,,exploratory; insufficient time blocks,False,exploratory; cluster-t assumes independent approximately normal block scores; bootstrap descriptive; no simultaneous CI correction,,,False,False,,
test_00439,results/ridge_grid/predictions.parquet,multi_q1.5_a30,weighted_panel_ridge,targets_jun_sep/h6,4032,2016,2,1,6,6,1601.1538847680604,1529.5318004378153,71.62208433024512,-4.682614922405922,,,,,,,4.2008825889331085,146.72193192619335,,0.5,,exploratory; insufficient time blocks,False,exploratory; cluster-t assumes independent approximately normal block scores; bootstrap descriptive; no simultaneous CI correction,,1.0,False,False,,1.0
test_00440,results/ridge_grid/predictions.parquet,multi_q1.5_a30,weighted_panel_ridge,targets_oct_nov/h6,4032,2016,2,1,6,6,2342.919333940883,2345.8723115961884,-2.9529776553054035,0.1258797267314232,,,,,,,-63.64234121997439,50.23013089380044,,1.0,,exploratory; insufficient time blocks,False,exploratory; cluster-t assumes independent approximately normal block scores; bootstrap descriptive; no simultaneous CI correction,,1.0,False,False,,1.0
test_00441,results/ridge_grid/predictions.parquet,multi_q1.5_a30,weighted_panel_ridge,targets_dec/h6,2016,2016,1,1,6,6,2328.10855602517,2270.091658203256,58.01689782191397,-2.5557072822263702,,,,,,,14.126382381213594,102.2382541253436,,,,exploratory; insufficient time blocks,False,exploratory; cluster-t assumes independent approximately normal block scores; bootstrap descriptive; no simultaneous CI correction,,,False,False,,
test_00442,results/ridge_grid/predictions.parquet,multi_q1.5_a30,weighted_panel_ridge,all_available/h6,10080,2016,5,1,6,6,2043.2509986886112,2004.179976454253,39.07102223435823,-1.9494767283066927,,,5.329715195302894,70.71682957387262,,,-12.68482939076787,86.34462055311852,,0.1875,,exploratory; insufficient time blocks,False,exploratory; cluster-t assumes independent approximately normal block scores; bootstrap descriptive; no simultaneous CI correction,,1.0,False,False,,1.0
test_00443,results/ridge_grid/predictions.parquet,multi_q1.5_a300,weighted_panel_ridge,public_origins_jun_sep,24192,2016,6,2,3,"1,2,3",1136.2462202230663,933.93212945885,202.3140907642162,-21.662611701927784,150.93001562428552,240.30499302072212,134.2948405564516,289.7739553262793,-280.4060914287302,685.0342729571623,160.698739103351,239.56425196493183,0.5,0.03125,0.5,exploratory; insufficient time blocks,False,exploratory; cluster-t assumes independent approximately normal block scores; bootstrap descriptive; no simultaneous CI correction,1.0,1.0,False,False,1.0,1.0
test_00444,results/ridge_grid/predictions.parquet,multi_q1.5_a300,weighted_panel_ridge,later_origins,6048,2016,2,1,3,"1,2",1406.4752698697464,1097.2818194580805,309.19345041166594,-28.178125703783984,,,,,,,245.97922047010383,372.2665839122467,,0.5,,exploratory; insufficient time blocks,False,exploratory; cluster-t assumes independent approximately normal block scores; bootstrap descriptive; no simultaneous CI correction,,1.0,False,False,,1.0
test_00445,results/ridge_grid/predictions.parquet,multi_q1.5_a300,weighted_panel_ridge,targets_jun_sep,24192,2016,4,2,3,"1,2,3",1553.21002785869,1238.1387647758706,315.0712630828193,-25.44716893181629,,,217.5049695750548,411.2228732047214,-546.3899839771868,1176.5325101428257,251.29793416043785,388.6695791870919,0.5,0.125,0.5,exploratory; insufficient time blocks,False,exploratory; cluster-t assumes independent approximately normal block scores; bootstrap descriptive; no simultaneous CI correction,1.0,1.0,False,False,1.0,1.0
test_00446,results/ridge_grid/predictions.parquet,multi_q1.5_a300,weighted_panel_ridge,targets_oct_nov,12096,2016,2,1,3,"1,2,3",1059.7935884288,909.1155142388338,150.67807418996608,-16.574139570824816,,,,,,,93.65000519609508,199.81728396917404,,0.5,,exploratory; insufficient time blocks,False,exploratory; cluster-t assumes independent approximately normal block scores; bootstrap descriptive; no simultaneous CI correction,,1.0,False,False,,1.0
test_00447,results/ridge_grid/predictions.parquet,multi_q1.5_a300,weighted_panel_ridge,targets_dec,6048,2016,1,1,3,"1,2,3",1405.7365524630106,1069.2528734158568,336.4836790471538,-31.469046042608827,,,,,,,274.0377848766985,401.0208084609189,,,,exploratory; insufficient time blocks,False,exploratory; cluster-t assumes independent approximately normal block scores; bootstrap descriptive; no simultaneous CI correction,,,False,False,,
test_00448,results/ridge_grid/predictions.parquet,multi_q1.5_a300,weighted_panel_ridge,targets_jan_may,12096,2016,3,1,3,"1,2,3",1586.1868428933742,1334.6210947122072,251.565748181167,-18.849226134509266,,,-15.415283869636404,653.0642849766368,,,157.40750175183183,362.7863333792943,,0.5,,exploratory; insufficient time blocks,False,exploratory; cluster-t assumes independent approximately normal block scores; bootstrap descriptive; no simultaneous CI correction,,1.0,False,False,,1.0
test_00449,results/ridge_grid/predictions.parquet,multi_q1.5_a300,weighted_panel_ridge,all_available,54432,2016,10,4,3,"1,2,3",1434.5041696157907,1167.69790560238,266.8062640134108,-22.848911754772185,184.91643152343244,341.36796931618164,182.3282857478585,350.3906831923824,90.45671213253765,443.1558158942841,226.59488617800795,313.6859927209423,0.125,0.00390625,0.125,exploratory; insufficient time blocks,False,exploratory; cluster-t assumes independent approximately normal block scores; bootstrap descriptive; no simultaneous CI correction,1.0,1.0,False,False,1.0,1.0
test_00450,results/ridge_grid/predictions.parquet,multi_q1.5_a300,weighted_panel_ridge,public_origins_jun_sep/h6,2016,2016,1,1,6,6,2615.7141672422545,2270.091658203256,345.6225090389985,-15.225046433259598,,,,,,,209.35106406897785,479.6884444581812,,,,exploratory; insufficient time blocks,False,exploratory; cluster-t assumes independent approximately normal block scores; bootstrap descriptive; no simultaneous CI correction,,,False,False,,
test_00451,results/ridge_grid/predictions.parquet,multi_q1.5_a300,weighted_panel_ridge,targets_jun_sep/h6,4032,2016,2,1,6,6,1874.694121762908,1529.5318004378153,345.1623213250923,-22.56653449286197,,,,,,,218.2425157361897,493.9903286935437,,0.5,,exploratory; insufficient time blocks,False,exploratory; cluster-t assumes independent approximately normal block scores; bootstrap descriptive; no simultaneous CI correction,,1.0,False,False,,1.0
test_00452,results/ridge_grid/predictions.parquet,multi_q1.5_a300,weighted_panel_ridge,targets_oct_nov/h6,4032,2016,2,1,6,6,2574.1091824482146,2345.8723115961884,228.2368708520262,-9.72929642094323,,,,,,,84.39865006110439,360.3689561180279,,0.5,,exploratory; insufficient time blocks,False,exploratory; cluster-t assumes independent approximately normal block scores; bootstrap descriptive; no simultaneous CI correction,,1.0,False,False,,1.0
test_00453,results/ridge_grid/predictions.parquet,multi_q1.5_a300,weighted_panel_ridge,targets_dec/h6,2016,2016,1,1,6,6,2615.7141672422545,2270.091658203256,345.6225090389985,-15.225046433259598,,,,,,,209.35106406897785,479.6884444581812,,,,exploratory; insufficient time blocks,False,exploratory; cluster-t assumes independent approximately normal block scores; bootstrap descriptive; no simultaneous CI correction,,,False,False,,
test_00454,results/ridge_grid/predictions.parquet,multi_q1.5_a300,weighted_panel_ridge,all_available/h6,10080,2016,5,1,6,6,2302.6641551329,2004.179976454253,298.4841786786469,-14.893082566702317,,,245.7432337151596,348.4764595339899,,,180.41142716705565,416.07676788596297,,0.0625,,exploratory; insufficient time blocks,False,exploratory; cluster-t assumes independent approximately normal block scores; bootstrap descriptive; no simultaneous CI correction,,1.0,False,False,,1.0
test_00455,results/ridge_grid/predictions.parquet,multi_q1_a3,weighted_panel_ridge,public_origins_jun_sep,24192,2016,6,2,3,"1,2,3",933.8838548804346,933.93212945885,-0.048274578415544,0.0051689600231995,-0.3449915303508488,0.5664782313298812,-1.6803336867113663,1.3114635591679449,-3.818420918474706,3.721871761643465,-1.5835976339634918,1.6323371629668335,1.0,0.96875,0.5,exploratory; insufficient time blocks,False,exploratory; cluster-t assumes independent approximately normal block scores; bootstrap descriptive; no simultaneous CI correction,1.0,1.0,False,False,1.0,1.0
test_00456,results/ridge_grid/predictions.parquet,multi_q1_a3,weighted_panel_ridge,later_origins,6048,2016,2,1,3,"1,2",1093.9427204915887,1097.2818194580805,-3.339098966491747,0.3043064149318397,,,,,,,-12.366729284205675,4.051160713926502,,0.5,,exploratory; insufficient time blocks,False,exploratory; cluster-t assumes independent approximately normal block scores; bootstrap descriptive; no simultaneous CI correction,,1.0,False,False,,1.0
test_00457,results/ridge_grid/predictions.parquet,multi_q1_a3,weighted_panel_ridge,targets_jun_sep,24192,2016,4,2,3,"1,2,3",1234.5888676281138,1238.1387647758706,-3.549897147756837,0.2867123822263528,,,-5.336467319382368,-1.7633269761308226,-19.97351323484672,12.873718939333523,-6.079824920609871,-1.207096153543852,0.5,0.125,0.5,exploratory; insufficient time blocks,False,exploratory; cluster-t assumes independent approximately normal block scores; bootstrap descriptive; no simultaneous CI correction,1.0,1.0,False,False,1.0,1.0
test_00458,results/ridge_grid/predictions.parquet,multi_q1_a3,weighted_panel_ridge,targets_oct_nov,12096,2016,2,1,3,"1,2,3",909.9511272091054,909.1155142388338,0.8356129702715407,-0.091914938991132,,,,,,,-0.9953451139202156,2.96846112143198,,0.5,,exploratory; insufficient time blocks,False,exploratory; cluster-t assumes independent approximately normal block scores; bootstrap descriptive; no simultaneous CI correction,,1.0,False,False,,1.0
test_00459,results/ridge_grid/predictions.parquet,multi_q1_a3,weighted_panel_ridge,targets_dec,6048,2016,1,1,3,"1,2,3",1064.7394332558615,1069.2528734158568,-4.513440159995071,0.4221115764296563,,,,,,,-11.751010872632904,1.9083779282944853,,,,exploratory; insufficient time blocks,False,exploratory; cluster-t assumes independent approximately normal block scores; bootstrap descriptive; no simultaneous CI correction,,,False,False,,
test_00460,results/ridge_grid/predictions.parquet,multi_q1_a3,weighted_panel_ridge,targets_jan_may,12096,2016,3,1,3,"1,2,3",1334.6718684222317,1334.6210947122072,0.0507737100244867,-0.0038043539267926,,,-5.373819972511911,1.669343700638766,,,-1.6185107824552736,1.82431704897162,,1.0,,exploratory; insufficient time blocks,False,exploratory; cluster-t assumes independent approximately normal block scores; bootstrap descriptive; no simultaneous CI correction,,1.0,False,False,,1.0
test_00461,results/ridge_grid/predictions.parquet,multi_q1_a3,weighted_panel_ridge,all_available,54432,2016,10,4,3,"1,2,3",1165.8156550034437,1167.69790560238,-1.8822505989362528,0.1611932838027363,-3.4616823008259545,-0.1714956240240434,-3.641242024694328,-0.2158259758279709,-6.351529920543883,2.587028722670559,-3.373761627427644,-0.3828561543318727,0.5,0.0859375,0.125,exploratory; insufficient time blocks,False,exploratory; cluster-t assumes independent approximately normal block scores; bootstrap descriptive; no simultaneous CI correction,1.0,1.0,False,False,1.0,1.0
test_00462,results/ridge_grid/predictions.parquet,multi_q1_a3,weighted_panel_ridge,public_origins_jun_sep/h6,2016,2016,1,1,6,6,2243.2736230036057,2270.091658203256,-26.81803519965024,1.1813635411037244,,,,,,,-53.06783415590552,-1.835618858049964,,,,exploratory; insufficient time blocks,False,exploratory; cluster-t assumes independent approximately normal block scores; bootstrap descriptive; no simultaneous CI correction,,,False,False,,
test_00463,results/ridge_grid/predictions.parquet,multi_q1_a3,weighted_panel_ridge,targets_jun_sep/h6,4032,2016,2,1,6,6,1499.4550171697645,1529.5318004378153,-30.076783268050804,1.9664045729184303,,,,,,,-41.626235723010346,-19.48889478192369,,0.5,,exploratory; insufficient time blocks,False,exploratory; cluster-t assumes independent approximately normal block scores; bootstrap descriptive; no simultaneous CI correction,,1.0,False,False,,1.0
test_00464,results/ridge_grid/predictions.parquet,multi_q1_a3,weighted_panel_ridge,targets_oct_nov/h6,4032,2016,2,1,6,6,2325.2947982050005,2345.8723115961884,-20.57751339118795,0.8771796013563291,,,,,,,-35.41251041535797,-5.601151238168487,,0.5,,exploratory; insufficient time blocks,False,exploratory; cluster-t assumes independent approximately normal block scores; bootstrap descriptive; no simultaneous CI correction,,1.0,False,False,,1.0
test_00465,results/ridge_grid/predictions.parquet,multi_q1_a3,weighted_panel_ridge,targets_dec/h6,2016,2016,1,1,6,6,2243.2736230036057,2270.091658203256,-26.81803519965024,1.1813635411037244,,,,,,,-53.06783415590552,-1.835618858049964,,,,exploratory; insufficient time blocks,False,exploratory; cluster-t assumes independent approximately normal block scores; bootstrap descriptive; no simultaneous CI correction,,,False,False,,
test_00466,results/ridge_grid/predictions.parquet,multi_q1_a3,weighted_panel_ridge,all_available/h6,10080,2016,5,1,6,6,1978.5546507506276,2004.179976454253,-25.62532570362555,1.2785940386931347,,,-31.205955085047663,-19.36769689433202,,,-40.575692751204926,-11.403937952494683,,0.0625,,exploratory; insufficient time blocks,False,exploratory; cluster-t assumes independent approximately normal block scores; bootstrap descriptive; no simultaneous CI correction,,1.0,False,False,,1.0
test_00467,results/ridge_grid/predictions.parquet,multi_q1_a30,weighted_panel_ridge,public_origins_jun_sep,24192,2016,6,2,3,"1,2,3",953.7603856808598,933.93212945885,19.828256222009717,-2.1230939162034006,11.941504523593602,24.454106129183568,8.930953969412341,34.58900954641327,-38.94873977854697,78.60525222256635,11.66654098050839,27.21874110009601,0.5,0.0625,0.5,exploratory; insufficient time blocks,False,exploratory; cluster-t assumes independent approximately normal block scores; bootstrap descriptive; no simultaneous CI correction,1.0,1.0,False,False,1.0,1.0
test_00468,results/ridge_grid/predictions.parquet,multi_q1_a30,weighted_panel_ridge,later_origins,6048,2016,2,1,3,"1,2",1140.7044661790153,1097.2818194580805,43.42264672093484,-3.957292096790611,,,,,,,25.737463929856307,60.27763754246808,,0.5,,exploratory; insufficient time blocks,False,exploratory; cluster-t assumes independent approximately normal block scores; bootstrap descriptive; no simultaneous CI correction,,1.0,False,False,,1.0
test_00469,results/ridge_grid/predictions.parquet,multi_q1_a30,weighted_panel_ridge,targets_jun_sep,24192,2016,4,2,3,"1,2,3",1280.0060793364669,1238.1387647758706,41.867314560596014,-3.381471911847852,,,18.79005836245432,70.04533227347872,-144.58706874677276,228.32169786796496,17.741484664353695,66.54685509302965,0.5,0.125,0.5,exploratory; insufficient time blocks,False,exploratory; cluster-t assumes independent approximately normal block scores; bootstrap descriptive; no simultaneous CI correction,1.0,1.0,False,False,1.0,1.0
test_00470,results/ridge_grid/predictions.parquet,multi_q1_a30,weighted_panel_ridge,targets_oct_nov,12096,2016,2,1,3,"1,2,3",922.957489130554,909.1155142388338,13.84197489172027,-1.5225760285599794,,,,,,,-0.294914897223648,27.7330154918508,,1.0,,exploratory; insufficient time blocks,False,exploratory; cluster-t assumes independent approximately normal block scores; bootstrap descriptive; no simultaneous CI correction,,1.0,False,False,,1.0
test_00471,results/ridge_grid/predictions.parquet,multi_q1_a30,weighted_panel_ridge,targets_dec,6048,2016,1,1,3,"1,2,3",1115.3963829830232,1069.2528734158568,46.14350956716635,-4.315490817411167,,,,,,,29.90488770080029,62.80444474907536,,,,exploratory; insufficient time blocks,False,exploratory; cluster-t assumes independent approximately normal block scores; bootstrap descriptive; no simultaneous CI correction,,,False,False,,
test_00472,results/ridge_grid/predictions.parquet,multi_q1_a30,weighted_panel_ridge,targets_jan_may,12096,2016,3,1,3,"1,2,3",1385.1463056405469,1334.6210947122072,50.52521092833968,-3.7857344776372464,,,7.923980006959973,139.15002382751132,,,21.434254605963343,84.09512192729972,,0.25,,exploratory; insufficient time blocks,False,exploratory; cluster-t assumes independent approximately normal block scores; bootstrap descriptive; no simultaneous CI correction,,1.0,False,False,,1.0
test_00473,results/ridge_grid/predictions.parquet,multi_q1_a30,weighted_panel_ridge,all_available,54432,2016,10,4,3,"1,2,3",1205.7364766523435,1167.69790560238,38.03857104996359,-3.2575695192619745,18.60407197682307,54.7307885632245,22.326307590249545,55.88675266564989,1.931654593881312,74.1454875060455,27.186571944318967,51.08166770078218,0.125,0.00390625,0.125,exploratory; insufficient time blocks,False,exploratory; cluster-t assumes independent approximately normal block scores; bootstrap descriptive; no simultaneous CI correction,1.0,1.0,False,False,1.0,1.0
test_00474,results/ridge_grid/predictions.parquet,multi_q1_a30,weighted_panel_ridge,public_origins_jun_sep/h6,2016,2016,1,1,6,6,2296.484421795268,2270.091658203256,26.39276359201176,-1.1626298654787024,,,,,,,-30.513565709623965,79.88084777070827,,,,exploratory; insufficient time blocks,False,exploratory; cluster-t assumes independent approximately normal block scores; bootstrap descriptive; no simultaneous CI correction,,,False,False,,
test_00475,results/ridge_grid/predictions.parquet,multi_q1_a30,weighted_panel_ridge,targets_jun_sep/h6,4032,2016,2,1,6,6,1571.868976534852,1529.5318004378153,42.33717609703672,-2.767982730723092,,,,,,,-29.606539858755923,121.8866747222176,,0.5,,exploratory; insufficient time blocks,False,exploratory; cluster-t assumes independent approximately normal block scores; bootstrap descriptive; no simultaneous CI correction,,1.0,False,False,,1.0
test_00476,results/ridge_grid/predictions.parquet,multi_q1_a30,weighted_panel_ridge,targets_oct_nov/h6,4032,2016,2,1,6,6,2315.967705702269,2345.8723115961884,-29.90460589391887,1.2747755172390884,,,,,,,-102.83779732047198,34.575226471966666,,0.5,,exploratory; insufficient time blocks,False,exploratory; cluster-t assumes independent approximately normal block scores; bootstrap descriptive; no simultaneous CI correction,,1.0,False,False,,1.0
test_00477,results/ridge_grid/predictions.parquet,multi_q1_a30,weighted_panel_ridge,targets_dec/h6,2016,2016,1,1,6,6,2296.484421795268,2270.091658203256,26.39276359201176,-1.1626298654787024,,,,,,,-30.513565709623965,79.88084777070827,,,,exploratory; insufficient time blocks,False,exploratory; cluster-t assumes independent approximately normal block scores; bootstrap descriptive; no simultaneous CI correction,,,False,False,,
test_00478,results/ridge_grid/predictions.parquet,multi_q1_a30,weighted_panel_ridge,all_available/h6,10080,2016,5,1,6,6,2014.4315572539024,2004.179976454253,10.251580799649446,-0.5115099901250534,,,-22.684597829938618,45.670092798958486,,,-54.09502822184736,68.27049226568187,,0.6875,,exploratory; insufficient time blocks,False,exploratory; cluster-t assumes independent approximately normal block scores; bootstrap descriptive; no simultaneous CI correction,,1.0,False,False,,1.0
test_00479,results/ridge_grid/predictions.parquet,multi_q1_a300,weighted_panel_ridge,public_origins_jun_sep,24192,2016,6,2,3,"1,2,3",1121.7918617293485,933.93212945885,187.85973227049817,-20.114923380925983,139.25091066807406,223.1101569948992,126.49483786369584,267.71516102976926,-260.0393813239276,635.7588458649241,143.07876194599498,228.4025593850153,0.5,0.03125,0.5,exploratory; insufficient time blocks,False,exploratory; cluster-t assumes independent approximately normal block scores; bootstrap descriptive; no simultaneous CI correction,1.0,1.0,False,False,1.0,1.0
test_00480,results/ridge_grid/predictions.parquet,multi_q1_a300,weighted_panel_ridge,later_origins,6048,2016,2,1,3,"1,2",1375.7169214149858,1097.2818194580805,278.4351019569053,-25.3749854430667,,,,,,,210.2127468656857,343.9860899038677,,0.5,,exploratory; insufficient time blocks,False,exploratory; cluster-t assumes independent approximately normal block scores; bootstrap descriptive; no simultaneous CI correction,,1.0,False,False,,1.0
test_00481,results/ridge_grid/predictions.parquet,multi_q1_a300,weighted_panel_ridge,targets_jun_sep,24192,2016,4,2,3,"1,2,3",1527.7033024699097,1238.1387647758706,289.564537694039,-23.387082767451865,,,194.5942770269244,388.18249151032376,-521.1439607844109,1100.2730361724894,222.41232876799356,368.8195834342969,0.5,0.125,0.5,exploratory; insufficient time blocks,False,exploratory; cluster-t assumes independent approximately normal block scores; bootstrap descriptive; no simultaneous CI correction,1.0,1.0,False,False,1.0,1.0
test_00482,results/ridge_grid/predictions.parquet,multi_q1_a300,weighted_panel_ridge,targets_oct_nov,12096,2016,2,1,3,"1,2,3",1048.488616478298,909.1155142388338,139.3731022394643,-15.330626312780046,,,,,,,74.64804314094638,197.89360758410064,,0.5,,exploratory; insufficient time blocks,False,exploratory; cluster-t assumes independent approximately normal block scores; bootstrap descriptive; no simultaneous CI correction,,1.0,False,False,,1.0
test_00483,results/ridge_grid/predictions.parquet,multi_q1_a300,weighted_panel_ridge,targets_dec,6048,2016,1,1,3,"1,2,3",1374.1603859860288,1069.2528734158568,304.907512570172,-28.51594044317209,,,,,,,244.6188225405329,368.0544366645042,,,,exploratory; insufficient time blocks,False,exploratory; cluster-t assumes independent approximately normal block scores; bootstrap descriptive; no simultaneous CI correction,,,False,False,,
test_00484,results/ridge_grid/predictions.parquet,multi_q1_a300,weighted_panel_ridge,targets_jan_may,12096,2016,3,1,3,"1,2,3",1604.4046583095426,1334.6210947122072,269.7835635973354,-20.214243927825112,,,41.1883758576144,643.0604023285404,,,172.33709807568846,386.1159980212989,,0.25,,exploratory; insufficient time blocks,False,exploratory; cluster-t assumes independent approximately normal block scores; bootstrap descriptive; no simultaneous CI correction,,1.0,False,False,,1.0
test_00485,results/ridge_grid/predictions.parquet,multi_q1_a300,weighted_panel_ridge,all_available,54432,2016,10,4,3,"1,2,3",1421.1955717157057,1167.69790560238,253.49766611332552,-21.709182220597867,175.40132162687954,318.2999188460374,179.70495110237405,329.59445078067085,89.37219111675282,417.6231411098978,213.3342589446194,301.68738636003206,0.125,0.001953125,0.125,exploratory; insufficient time blocks,False,exploratory; cluster-t assumes independent approximately normal block scores; bootstrap descriptive; no simultaneous CI correction,1.0,1.0,False,False,1.0,1.0
test_00486,results/ridge_grid/predictions.parquet,multi_q1_a300,weighted_panel_ridge,public_origins_jun_sep/h6,2016,2016,1,1,6,6,2553.958926819997,2270.091658203256,283.8672686167415,-12.504661104363436,,,,,,,135.71021909317315,424.9879037465458,,,,exploratory; insufficient time blocks,False,exploratory; cluster-t assumes independent approximately normal block scores; bootstrap descriptive; no simultaneous CI correction,,,False,False,,
test_00487,results/ridge_grid/predictions.parquet,multi_q1_a300,weighted_panel_ridge,targets_jun_sep/h6,4032,2016,2,1,6,6,1848.7996293896188,1529.5318004378153,319.2678289518035,-20.87356594092492,,,,,,,190.4512951857131,471.178436760047,,0.5,,exploratory; insufficient time blocks,False,exploratory; cluster-t assumes independent approximately normal block scores; bootstrap descriptive; no simultaneous CI correction,,1.0,False,False,,1.0
test_00488,results/ridge_grid/predictions.parquet,multi_q1_a300,weighted_panel_ridge,targets_oct_nov/h6,4032,2016,2,1,6,6,2517.640424346178,2345.8723115961884,171.76811274998954,-7.322142467043073,,,,,,,14.87655565392122,311.16656167107016,,0.5,,exploratory; insufficient time blocks,False,exploratory; cluster-t assumes independent approximately normal block scores; bootstrap descriptive; no simultaneous CI correction,,1.0,False,False,,1.0
test_00489,results/ridge_grid/predictions.parquet,multi_q1_a300,weighted_panel_ridge,targets_dec/h6,2016,2016,1,1,6,6,2553.958926819997,2270.091658203256,283.8672686167415,-12.504661104363436,,,,,,,135.71021909317315,424.9879037465458,,,,exploratory; insufficient time blocks,False,exploratory; cluster-t assumes independent approximately normal block scores; bootstrap descriptive; no simultaneous CI correction,,,False,False,,
test_00490,results/ridge_grid/predictions.parquet,multi_q1_a300,weighted_panel_ridge,all_available/h6,10080,2016,5,1,6,6,2257.3678068583185,2004.179976454253,253.1878304040656,-12.632988722499832,,,194.18794392334004,312.1877168847914,,,128.88193983409892,377.0571589818397,,0.0625,,exploratory; insufficient time blocks,False,exploratory; cluster-t assumes independent approximately normal block scores; bootstrap descriptive; no simultaneous CI correction,,1.0,False,False,,1.0
test_00491,results/ridge_grid/predictions.parquet,uni_q0.5_a3,weighted_panel_ridge,public_origins_jun_sep,24192,2016,6,2,3,"1,2,3",941.1598187169196,933.93212945885,7.227689258069631,-0.773898769523818,-14.17159138340011,28.62696989953917,-12.20079525276995,24.65367375498019,-264.6759517848117,279.1313303009507,-10.00088999616015,27.442614037962272,1.0,0.53125,0.5,exploratory; insufficient time blocks,False,exploratory; cluster-t assumes independent approximately normal block scores; bootstrap descriptive; no simultaneous CI correction,1.0,1.0,False,False,1.0,1.0
test_00492,results/ridge_grid/predictions.parquet,uni_q0.5_a3,weighted_panel_ridge,later_origins,6048,2016,2,1,3,"1,2",1083.72660599489,1097.2818194580805,-13.555213463190512,1.2353447603720515,,,,,,,-36.08691810130572,8.965861061937103,,0.5,,exploratory; insufficient time blocks,False,exploratory; cluster-t assumes independent approximately normal block scores; bootstrap descriptive; no simultaneous CI correction,,1.0,False,False,,1.0
test_00493,results/ridge_grid/predictions.parquet,uni_q0.5_a3,weighted_panel_ridge,targets_jun_sep,24192,2016,4,2,3,"1,2,3",1188.5576462454762,1238.1387647758706,-49.581118530394406,4.004488021935864,,,-82.82801362565888,-21.02209353234184,-286.2843743427818,187.12213728199333,-83.75009997819667,-16.923122702555283,0.5,0.125,0.5,exploratory; insufficient time blocks,False,exploratory; cluster-t assumes independent approximately normal block scores; bootstrap descriptive; no simultaneous CI correction,1.0,1.0,False,False,1.0,1.0
test_00494,results/ridge_grid/predictions.parquet,uni_q0.5_a3,weighted_panel_ridge,targets_oct_nov,12096,2016,2,1,3,"1,2,3",930.0434093348224,909.1155142388338,20.927895095988447,-2.3020061552365587,,,,,,,-0.4255666018194812,50.09348085674376,,0.5,,exploratory; insufficient time blocks,False,exploratory; cluster-t assumes independent approximately normal block scores; bootstrap descriptive; no simultaneous CI correction,,1.0,False,False,,1.0
test_00495,results/ridge_grid/predictions.parquet,uni_q0.5_a3,weighted_panel_ridge,targets_dec,6048,2016,1,1,3,"1,2,3",1071.0958095597684,1069.2528734158568,1.8429361439116287,-0.1723573711823797,,,,,,,-21.654188132737858,26.162151220002684,,,,exploratory; insufficient time blocks,False,exploratory; cluster-t assumes independent approximately normal block scores; bootstrap descriptive; no simultaneous CI correction,,,False,False,,
test_00496,results/ridge_grid/predictions.parquet,uni_q0.5_a3,weighted_panel_ridge,targets_jan_may,12096,2016,3,1,3,"1,2,3",1336.5048449129995,1334.6210947122072,1.883750200792292,-0.141144944303349,,,-22.464195134049724,6.868908976847415,,,-23.624005267044748,23.526921605341418,,1.0,,exploratory; insufficient time blocks,False,exploratory; cluster-t assumes independent approximately normal block scores; bootstrap descriptive; no simultaneous CI correction,,1.0,False,False,,1.0
test_00497,results/ridge_grid/predictions.parquet,uni_q0.5_a3,weighted_panel_ridge,all_available,54432,2016,10,4,3,"1,2,3",1150.9358781152575,1167.69790560238,-16.762027487122396,1.4354763682200298,-50.9637868624394,7.585972148139763,-42.301605645730746,5.49373814168881,-83.26290140057397,49.73884642632858,-30.978967347099783,-3.1545907930145822,1.0,0.23046875,0.125,exploratory; insufficient time blocks,False,exploratory; cluster-t assumes independent approximately normal block scores; bootstrap descriptive; no simultaneous CI correction,1.0,1.0,False,False,1.0,1.0
test_00498,results/ridge_grid/predictions.parquet,uni_q0.5_a3,weighted_panel_ridge,public_origins_jun_sep/h6,2016,2016,1,1,6,6,2083.386947543165,2270.091658203256,-186.7047106600908,8.224545030391628,,,,,,,-380.5543899108422,10.43088120972524,,,,exploratory; insufficient time blocks,False,exploratory; cluster-t assumes independent approximately normal block scores; bootstrap descriptive; no simultaneous CI correction,,,False,False,,
test_00499,results/ridge_grid/predictions.parquet,uni_q0.5_a3,weighted_panel_ridge,targets_jun_sep/h6,4032,2016,2,1,6,6,1280.053148307213,1529.5318004378153,-249.4786521306023,16.310785565830745,,,,,,,-368.3298639998672,-137.65436071907112,,0.5,,exploratory; insufficient time blocks,False,exploratory; cluster-t assumes independent approximately normal block scores; bootstrap descriptive; no simultaneous CI correction,,1.0,False,False,,1.0
test_00500,results/ridge_grid/predictions.parquet,uni_q0.5_a3,weighted_panel_ridge,targets_oct_nov/h6,4032,2016,2,1,6,6,2142.3631890537595,2345.8723115961884,-203.5091225424289,8.675200331085216,,,,,,,-399.4894899773759,-8.388317838118505,,0.5,,exploratory; insufficient time blocks,False,exploratory; cluster-t assumes independent approximately normal block scores; bootstrap descriptive; no simultaneous CI correction,,1.0,False,False,,1.0
test_00501,results/ridge_grid/predictions.parquet,uni_q0.5_a3,weighted_panel_ridge,targets_dec/h6,2016,2016,1,1,6,6,2083.386947543165,2270.091658203256,-186.7047106600908,8.224545030391628,,,,,,,-380.5543899108422,10.43088120972524,,,,exploratory; insufficient time blocks,False,exploratory; cluster-t assumes independent approximately normal block scores; bootstrap descriptive; no simultaneous CI correction,,,False,False,,
test_00502,results/ridge_grid/predictions.parquet,uni_q0.5_a3,weighted_panel_ridge,all_available/h6,10080,2016,5,1,6,6,1785.6439244530222,2004.179976454253,-218.5360520012307,10.904013340551352,,,-269.84543227599033,-185.27790162241695,,,-360.92795047614544,-86.04559123299104,,0.0625,,exploratory; insufficient time blocks,False,exploratory; cluster-t assumes independent approximately normal block scores; bootstrap descriptive; no simultaneous CI correction,,1.0,False,False,,1.0
test_00503,results/ridge_grid/predictions.parquet,uni_q0.5_a30,weighted_panel_ridge,public_origins_jun_sep,24192,2016,6,2,3,"1,2,3",938.7998627457848,933.93212945885,4.867733286934822,-0.5212084618777749,-17.56591344720849,27.301380021078288,-15.816320603848242,23.29895200983778,-280.17877510188225,289.914241675752,-15.304511572386236,25.454494242838965,1.0,0.65625,0.5,exploratory; insufficient time blocks,False,exploratory; cluster-t assumes independent approximately normal block scores; bootstrap descriptive; no simultaneous CI correction,1.0,1.0,False,False,1.0,1.0
test_00504,results/ridge_grid/predictions.parquet,uni_q0.5_a30,weighted_panel_ridge,later_origins,6048,2016,2,1,3,"1,2",1070.1470673128197,1097.2818194580805,-27.13475214526079,2.472906382305865,,,,,,,-48.85858652599307,-4.571910572653475,,0.5,,exploratory; insufficient time blocks,False,exploratory; cluster-t assumes independent approximately normal block scores; bootstrap descriptive; no simultaneous CI correction,,1.0,False,False,,1.0
test_00505,results/ridge_grid/predictions.parquet,uni_q0.5_a30,weighted_panel_ridge,targets_jun_sep,24192,2016,4,2,3,"1,2,3",1184.727411956354,1238.1387647758706,-53.41135281951665,4.31384222342681,,,-90.78484242449376,-23.15051803923103,-311.8400012463802,205.01729560734717,-101.96501257577636,-8.128409829711872,0.5,0.125,0.5,exploratory; insufficient time blocks,False,exploratory; cluster-t assumes independent approximately normal block scores; bootstrap descriptive; no simultaneous CI correction,1.0,1.0,False,False,1.0,1.0
test_00506,results/ridge_grid/predictions.parquet,uni_q0.5_a30,weighted_panel_ridge,targets_oct_nov,12096,2016,2,1,3,"1,2,3",930.7546124752516,909.1155142388338,21.639098236417908,-2.3802363833308315,,,,,,,3.403703099535206,47.48068817898275,,0.5,,exploratory; insufficient time blocks,False,exploratory; cluster-t assumes independent approximately normal block scores; bootstrap descriptive; no simultaneous CI correction,,1.0,False,False,,1.0
test_00507,results/ridge_grid/predictions.parquet,uni_q0.5_a30,weighted_panel_ridge,targets_dec,6048,2016,1,1,3,"1,2,3",1053.442684839917,1069.2528734158568,-15.81018857593972,1.478620162640496,,,,,,,-33.87752037443631,4.466677063896147,,,,exploratory; insufficient time blocks,False,exploratory; cluster-t assumes independent approximately normal block scores; bootstrap descriptive; no simultaneous CI correction,,,False,False,,
test_00508,results/ridge_grid/predictions.parquet,uni_q0.5_a30,weighted_panel_ridge,targets_jan_may,12096,2016,3,1,3,"1,2,3",1345.529875858679,1334.6210947122072,10.908781146471483,-0.8173691536640827,,,5.524300663247982,29.36862444522057,,,-35.7229081694721,57.875510145487766,,0.25,,exploratory; insufficient time blocks,False,exploratory; cluster-t assumes independent approximately normal block scores; bootstrap descriptive; no simultaneous CI correction,,1.0,False,False,,1.0
test_00509,results/ridge_grid/predictions.parquet,uni_q0.5_a30,weighted_panel_ridge,all_available,54432,2016,10,4,3,"1,2,3",1149.4357010370215,1167.69790560238,-18.262204565358388,1.5639494151475308,-54.619236611585386,9.40810987594276,-45.72082487303277,6.182227003963082,-91.35241779973276,54.82800866901562,-32.83636943065614,-4.019144977555418,0.875,0.248046875,0.125,exploratory; insufficient time blocks,False,exploratory; cluster-t assumes independent approximately normal block scores; bootstrap descriptive; no simultaneous CI correction,1.0,1.0,False,False,1.0,1.0
test_00510,results/ridge_grid/predictions.parquet,uni_q0.5_a30,weighted_panel_ridge,public_origins_jun_sep/h6,2016,2016,1,1,6,6,2043.438891301381,2270.091658203256,-226.65276690187443,9.984300241042549,,,,,,,-468.2590277618002,1.481404057114251,,,,exploratory; insufficient time blocks,False,exploratory; cluster-t assumes independent approximately normal block scores; bootstrap descriptive; no simultaneous CI correction,,,False,False,,
test_00511,results/ridge_grid/predictions.parquet,uni_q0.5_a30,weighted_panel_ridge,targets_jun_sep/h6,4032,2016,2,1,6,6,1285.9599687680952,1529.5318004378153,-243.57183166972004,15.92460069153186,,,,,,,-352.31766139866545,-142.96663944340017,,0.5,,exploratory; insufficient time blocks,False,exploratory; cluster-t assumes independent approximately normal block scores; bootstrap descriptive; no simultaneous CI correction,,1.0,False,False,,1.0
test_00512,results/ridge_grid/predictions.parquet,uni_q0.5_a30,weighted_panel_ridge,targets_oct_nov/h6,4032,2016,2,1,6,6,2084.731580601609,2345.8723115961884,-261.1407309945789,11.131924346593802,,,,,,,-517.6956766079404,-15.226467210311975,,0.5,,exploratory; insufficient time blocks,False,exploratory; cluster-t assumes independent approximately normal block scores; bootstrap descriptive; no simultaneous CI correction,,1.0,False,False,,1.0
test_00513,results/ridge_grid/predictions.parquet,uni_q0.5_a30,weighted_panel_ridge,targets_dec/h6,2016,2016,1,1,6,6,2043.438891301381,2270.091658203256,-226.65276690187443,9.984300241042549,,,,,,,-468.2590277618002,1.481404057114251,,,,exploratory; insufficient time blocks,False,exploratory; cluster-t assumes independent approximately normal block scores; bootstrap descriptive; no simultaneous CI correction,,,False,False,,
test_00514,results/ridge_grid/predictions.parquet,uni_q0.5_a30,weighted_panel_ridge,all_available/h6,10080,2016,5,1,6,6,1756.9643980081585,2004.179976454253,-247.21557844609447,12.334998919780764,,,-317.7320702040199,-174.6603639455809,,,-424.31954412821074,-84.27556618113591,,0.0625,,exploratory; insufficient time blocks,False,exploratory; cluster-t assumes independent approximately normal block scores; bootstrap descriptive; no simultaneous CI correction,,1.0,False,False,,1.0
test_00515,results/ridge_grid/predictions.parquet,uni_q0.5_a300,weighted_panel_ridge,public_origins_jun_sep,24192,2016,6,2,3,"1,2,3",1032.579937860566,933.93212945885,98.64780840171602,-10.562631404369364,59.49442999354484,137.80118680988735,51.58395217425701,129.67467158677593,-398.8430337755074,596.1386505789396,50.06215612728808,154.5998087573515,0.5,0.0625,0.5,exploratory; insufficient time blocks,False,exploratory; cluster-t assumes independent approximately normal block scores; bootstrap descriptive; no simultaneous CI correction,1.0,1.0,False,False,1.0,1.0
test_00516,results/ridge_grid/predictions.parquet,uni_q0.5_a300,weighted_panel_ridge,later_origins,6048,2016,2,1,3,"1,2",1016.8623293435328,1097.2818194580805,-80.41949011454756,7.328973167008699,,,,,,,-212.6939342938031,41.14207909725391,,0.5,,exploratory; insufficient time blocks,False,exploratory; cluster-t assumes independent approximately normal block scores; bootstrap descriptive; no simultaneous CI correction,,1.0,False,False,,1.0
test_00517,results/ridge_grid/predictions.parquet,uni_q0.5_a300,weighted_panel_ridge,targets_jun_sep,24192,2016,4,2,3,"1,2,3",1307.3576580815704,1238.1387647758706,69.2188933056998,-5.590560224340434,,,-49.12869173828675,206.1521073959616,-102.28354470941032,240.72133132081015,-50.68530295968251,182.06635596480132,0.5,0.5,0.5,exploratory; insufficient time blocks,False,exploratory; cluster-t assumes independent approximately normal block scores; bootstrap descriptive; no simultaneous CI correction,1.0,1.0,False,False,1.0,1.0
test_00518,results/ridge_grid/predictions.parquet,uni_q0.5_a300,weighted_panel_ridge,targets_oct_nov,12096,2016,2,1,3,"1,2,3",1014.6877269932388,909.1155142388338,105.57221275440496,-11.61262909948208,,,,,,,19.547821584785723,205.0091999285457,,0.5,,exploratory; insufficient time blocks,False,exploratory; cluster-t assumes independent approximately normal block scores; bootstrap descriptive; no simultaneous CI correction,,1.0,False,False,,1.0
test_00519,results/ridge_grid/predictions.parquet,uni_q0.5_a300,weighted_panel_ridge,targets_dec,6048,2016,1,1,3,"1,2,3",1053.291331412274,1069.2528734158568,-15.961542003582736,1.4927752265553116,,,,,,,-88.62830958461794,45.17798407843151,,,,exploratory; insufficient time blocks,False,exploratory; cluster-t assumes independent approximately normal block scores; bootstrap descriptive; no simultaneous CI correction,,,False,False,,
test_00520,results/ridge_grid/predictions.parquet,uni_q0.5_a300,weighted_panel_ridge,targets_jan_may,12096,2016,3,1,3,"1,2,3",1819.648156626195,1334.6210947122072,485.02706191398784,-36.341929843284646,,,340.786197277992,1155.5058272328415,,,72.30747733935308,966.3815974854537,,0.25,,exploratory; insufficient time blocks,False,exploratory; cluster-t assumes independent approximately normal block scores; bootstrap descriptive; no simultaneous CI correction,,1.0,False,False,,1.0
test_00521,results/ridge_grid/predictions.parquet,uni_q0.5_a300,weighted_panel_ridge,all_available,54432,2016,10,4,3,"1,2,3",1327.9326367752692,1167.69790560238,160.23473117288927,-13.722276147290769,42.95513582557579,315.0814904396196,51.46565988812254,302.04916705892947,-148.86273731962288,469.3321996654012,95.1898163245335,245.9704868148816,0.25,0.02734375,0.125,exploratory; insufficient time blocks,False,exploratory; cluster-t assumes independent approximately normal block scores; bootstrap descriptive; no simultaneous CI correction,1.0,1.0,False,False,1.0,1.0
test_00522,results/ridge_grid/predictions.parquet,uni_q0.5_a300,weighted_panel_ridge,public_origins_jun_sep/h6,2016,2016,1,1,6,6,1972.5551489953284,2270.091658203256,-297.5365092079276,13.106805979958684,,,,,,,-787.2682909660848,144.52255320637505,,,,exploratory; insufficient time blocks,False,exploratory; cluster-t assumes independent approximately normal block scores; bootstrap descriptive; no simultaneous CI correction,,,False,False,,
test_00523,results/ridge_grid/predictions.parquet,uni_q0.5_a300,weighted_panel_ridge,targets_jun_sep/h6,4032,2016,2,1,6,6,1969.817592067038,1529.5318004378153,440.2857916292228,-28.78565790545805,,,,,,,80.07596467618603,910.796985311276,,0.5,,exploratory; insufficient time blocks,False,exploratory; cluster-t assumes independent approximately normal block scores; bootstrap descriptive; no simultaneous CI correction,,1.0,False,False,,1.0
test_00524,results/ridge_grid/predictions.parquet,uni_q0.5_a300,weighted_panel_ridge,targets_oct_nov/h6,4032,2016,2,1,6,6,2033.4580030164248,2345.8723115961884,-312.4143085797632,13.317617801933514,,,,,,,-847.7761002127726,176.09301982229698,,0.5,,exploratory; insufficient time blocks,False,exploratory; cluster-t assumes independent approximately normal block scores; bootstrap descriptive; no simultaneous CI correction,,1.0,False,False,,1.0
test_00525,results/ridge_grid/predictions.parquet,uni_q0.5_a300,weighted_panel_ridge,targets_dec/h6,2016,2016,1,1,6,6,1972.5551489953284,2270.091658203256,-297.5365092079276,13.106805979958684,,,,,,,-787.2682909660848,144.52255320637505,,,,exploratory; insufficient time blocks,False,exploratory; cluster-t assumes independent approximately normal block scores; bootstrap descriptive; no simultaneous CI correction,,,False,False,,
test_00526,results/ridge_grid/predictions.parquet,uni_q0.5_a300,weighted_panel_ridge,all_available/h6,10080,2016,5,1,6,6,1995.8212678324512,2004.179976454253,-8.358708621801725,0.4170637727151506,,,-326.77971070585903,340.10380733585646,,,-177.55053647373563,140.1566064015812,,0.9375,,exploratory; insufficient time blocks,False,exploratory; cluster-t assumes independent approximately normal block scores; bootstrap descriptive; no simultaneous CI correction,,1.0,False,False,,1.0
test_00527,results/ridge_grid/predictions.parquet,uni_q0_a3,weighted_panel_ridge,public_origins_jun_sep,24192,2016,6,2,3,"1,2,3",941.781970526888,933.93212945885,7.84984106803779,-0.8405151531285509,-14.786320748071423,30.486002884146927,-12.571749779504854,26.836079513598413,-279.769865414452,295.46954755052747,-9.525115072570124,28.39241693125845,1.0,0.53125,0.5,exploratory; insufficient time blocks,False,exploratory; cluster-t assumes independent approximately normal block scores; bootstrap descriptive; no simultaneous CI correction,1.0,1.0,False,False,1.0,1.0
test_00528,results/ridge_grid/predictions.parquet,uni_q0_a3,weighted_panel_ridge,later_origins,6048,2016,2,1,3,"1,2",1084.0864835358457,1097.2818194580805,-13.19533592223479,1.202547576041279,,,,,,,-36.11509095853194,9.456505065037229,,0.5,,exploratory; insufficient time blocks,False,exploratory; cluster-t assumes independent approximately normal block scores; bootstrap descriptive; no simultaneous CI correction,,1.0,False,False,,1.0
test_00529,results/ridge_grid/predictions.parquet,uni_q0_a3,weighted_panel_ridge,targets_jun_sep,24192,2016,4,2,3,"1,2,3",1188.0178255827238,1238.1387647758706,-50.1209391931468,4.048087388833169,,,-83.82794478721532,-21.05018998844156,-291.5851394059148,191.34326101962117,-83.97719741526478,-17.621953972701608,0.5,0.125,0.5,exploratory; insufficient time blocks,False,exploratory; cluster-t assumes independent approximately normal block scores; bootstrap descriptive; no simultaneous CI correction,1.0,1.0,False,False,1.0,1.0
test_00530,results/ridge_grid/predictions.parquet,uni_q0_a3,weighted_panel_ridge,targets_oct_nov,12096,2016,2,1,3,"1,2,3",931.3657871022413,909.1155142388338,22.250272863407417,-2.44746377274583,,,,,,,0.4687411753479549,52.29128188533395,,0.5,,exploratory; insufficient time blocks,False,exploratory; cluster-t assumes independent approximately normal block scores; bootstrap descriptive; no simultaneous CI correction,,1.0,False,False,,1.0
test_00531,results/ridge_grid/predictions.parquet,uni_q0_a3,weighted_panel_ridge,targets_dec,6048,2016,1,1,3,"1,2,3",1072.528997535101,1069.2528734158568,3.276124119244514,-0.3063937634115063,,,,,,,-20.47874431005407,27.903522124696043,,,,exploratory; insufficient time blocks,False,exploratory; cluster-t assumes independent approximately normal block scores; bootstrap descriptive; no simultaneous CI correction,,,False,False,,
test_00532,results/ridge_grid/predictions.parquet,uni_q0_a3,weighted_panel_ridge,targets_jan_may,12096,2016,3,1,3,"1,2,3",1335.1901450991538,1334.6210947122072,0.5690503869466284,-0.0426375987312965,,,-22.579287566761614,5.47481826963679,,,-24.544608400939413,21.80351915194492,,1.0,,exploratory; insufficient time blocks,False,exploratory; cluster-t assumes independent approximately normal block scores; bootstrap descriptive; no simultaneous CI correction,,1.0,False,False,,1.0
test_00533,results/ridge_grid/predictions.parquet,uni_q0_a3,weighted_panel_ridge,all_available,54432,2016,10,4,3,"1,2,3",1150.856907140976,1167.69790560238,-16.840998461403842,1.4422393309608688,-51.52321601720943,8.483068053975474,-42.897811701460576,5.946794984277777,-84.54262783275237,50.86063090994466,-31.373841151747254,-2.9531923810557523,1.0,0.234375,0.125,exploratory; insufficient time blocks,False,exploratory; cluster-t assumes independent approximately normal block scores; bootstrap descriptive; no simultaneous CI correction,1.0,1.0,False,False,1.0,1.0
test_00534,results/ridge_grid/predictions.parquet,uni_q0_a3,weighted_panel_ridge,public_origins_jun_sep/h6,2016,2016,1,1,6,6,2078.1977748285644,2270.091658203256,-191.89388337469157,8.453133717365963,,,,,,,-388.09096423088977,6.124867859428369,,,,exploratory; insufficient time blocks,False,exploratory; cluster-t assumes independent approximately normal block scores; bootstrap descriptive; no simultaneous CI correction,,,False,False,,
test_00535,results/ridge_grid/predictions.parquet,uni_q0_a3,weighted_panel_ridge,targets_jun_sep/h6,4032,2016,2,1,6,6,1283.6507147299055,1529.5318004378153,-245.88108570790973,16.075578529163526,,,,,,,-364.1606988725444,-134.0862469638812,,0.5,,exploratory; insufficient time blocks,False,exploratory; cluster-t assumes independent approximately normal block scores; bootstrap descriptive; no simultaneous CI correction,,1.0,False,False,,1.0
test_00536,results/ridge_grid/predictions.parquet,uni_q0_a3,weighted_panel_ridge,targets_oct_nov/h6,4032,2016,2,1,6,6,2130.991771069095,2345.8723115961884,-214.8805405270932,9.159941888775831,,,,,,,-416.4616181961593,-15.439821775548712,,0.5,,exploratory; insufficient time blocks,False,exploratory; cluster-t assumes independent approximately normal block scores; bootstrap descriptive; no simultaneous CI correction,,1.0,False,False,,1.0
test_00537,results/ridge_grid/predictions.parquet,uni_q0_a3,weighted_panel_ridge,targets_dec/h6,2016,2016,1,1,6,6,2078.1977748285644,2270.091658203256,-191.89388337469157,8.453133717365963,,,,,,,-388.09096423088977,6.124867859428369,,,,exploratory; insufficient time blocks,False,exploratory; cluster-t assumes independent approximately normal block scores; bootstrap descriptive; no simultaneous CI correction,,,False,False,,
test_00538,results/ridge_grid/predictions.parquet,uni_q0_a3,weighted_panel_ridge,all_available/h6,10080,2016,5,1,6,6,1781.4965492853134,2004.179976454253,-222.6834271689395,11.110949604581204,,,-275.1943789335521,-182.57269347665343,,,-368.5932103708059,-86.78622680982458,,0.0625,,exploratory; insufficient time blocks,False,exploratory; cluster-t assumes independent approximately normal block scores; bootstrap descriptive; no simultaneous CI correction,,1.0,False,False,,1.0
test_00539,results/ridge_grid/predictions.parquet,uni_q0_a30,weighted_panel_ridge,public_origins_jun_sep,24192,2016,6,2,3,"1,2,3",937.1256774020682,933.93212945885,3.19354794321805,-0.341946469393712,-22.758698874936403,29.14579476137233,-21.33669553498056,25.91804235980364,-326.5610134986698,332.9481093851057,-17.38474295345463,23.861996596779687,1.0,0.84375,0.5,exploratory; insufficient time blocks,False,exploratory; cluster-t assumes independent approximately normal block scores; bootstrap descriptive; no simultaneous CI correction,1.0,1.0,False,False,1.0,1.0
test_00540,results/ridge_grid/predictions.parquet,uni_q0_a30,weighted_panel_ridge,later_origins,6048,2016,2,1,3,"1,2",1065.172807426189,1097.2818194580805,-32.10901203189178,2.9262320274065603,,,,,,,-54.73862652278381,-8.23704839534676,,0.5,,exploratory; insufficient time blocks,False,exploratory; cluster-t assumes independent approximately normal block scores; bootstrap descriptive; no simultaneous CI correction,,1.0,False,False,,1.0
test_00541,results/ridge_grid/predictions.parquet,uni_q0_a30,weighted_panel_ridge,targets_jun_sep,24192,2016,4,2,3,"1,2,3",1178.630691495419,1238.1387647758706,-59.50807328045176,4.80625233402041,,,-100.8224243106134,-27.496448656554804,-334.7675967935341,215.75145023263107,-110.72588944518812,-11.975797078493889,0.5,0.125,0.5,exploratory; insufficient time blocks,False,exploratory; cluster-t assumes independent approximately normal block scores; bootstrap descriptive; no simultaneous CI correction,1.0,1.0,False,False,1.0,1.0
test_00542,results/ridge_grid/predictions.parquet,uni_q0_a30,weighted_panel_ridge,targets_oct_nov,12096,2016,2,1,3,"1,2,3",931.6546435680278,909.1155142388338,22.539129329194,-2.4792371240155453,,,,,,,4.528004939405329,47.92449946413024,,0.5,,exploratory; insufficient time blocks,False,exploratory; cluster-t assumes independent approximately normal block scores; bootstrap descriptive; no simultaneous CI correction,,1.0,False,False,,1.0
test_00543,results/ridge_grid/predictions.parquet,uni_q0_a30,weighted_panel_ridge,targets_dec,6048,2016,1,1,3,"1,2,3",1050.3571922483216,1069.2528734158568,-18.89568116753526,1.7671854467101626,,,,,,,-37.23656010510572,1.6208709182019403,,,,exploratory; insufficient time blocks,False,exploratory; cluster-t assumes independent approximately normal block scores; bootstrap descriptive; no simultaneous CI correction,,,False,False,,
test_00544,results/ridge_grid/predictions.parquet,uni_q0_a30,weighted_panel_ridge,targets_jan_may,12096,2016,3,1,3,"1,2,3",1363.368326179885,1334.6210947122072,28.747231467677693,-2.1539620182518275,,,15.945185275818124,52.03306627446087,,,-23.59463873108093,82.2676548521848,,0.25,,exploratory; insufficient time blocks,False,exploratory; cluster-t assumes independent approximately normal block scores; bootstrap descriptive; no simultaneous CI correction,,1.0,False,False,,1.0
test_00545,results/ridge_grid/predictions.parquet,uni_q0_a30,weighted_panel_ridge,all_available,54432,2016,10,4,3,"1,2,3",1150.547321969536,1167.69790560238,-17.150583632844018,1.468751767949481,-58.731847822039406,13.963017778526998,-48.67528878060676,12.48431815323436,-102.72138018371488,68.42021291802655,-31.20493807131101,-3.4276063980413043,0.875,0.373046875,0.125,exploratory; insufficient time blocks,False,exploratory; cluster-t assumes independent approximately normal block scores; bootstrap descriptive; no simultaneous CI correction,1.0,1.0,False,False,1.0,1.0
test_00546,results/ridge_grid/predictions.parquet,uni_q0_a30,weighted_panel_ridge,public_origins_jun_sep/h6,2016,2016,1,1,6,6,2025.6338939109412,2270.091658203256,-244.45776429231452,10.768629689860155,,,,,,,-492.4377234544716,-11.257780156976548,,,,exploratory; insufficient time blocks,False,exploratory; cluster-t assumes independent approximately normal block scores; bootstrap descriptive; no simultaneous CI correction,,,False,False,,
test_00547,results/ridge_grid/predictions.parquet,uni_q0_a30,weighted_panel_ridge,targets_jun_sep/h6,4032,2016,2,1,6,6,1304.0918961255718,1529.5318004378153,-225.43990431224347,14.739144635483436,,,,,,,-332.3782050660932,-128.02965250276088,,0.5,,exploratory; insufficient time blocks,False,exploratory; cluster-t assumes independent approximately normal block scores; bootstrap descriptive; no simultaneous CI correction,,1.0,False,False,,1.0
test_00548,results/ridge_grid/predictions.parquet,uni_q0_a30,weighted_panel_ridge,targets_oct_nov/h6,4032,2016,2,1,6,6,2062.878011432731,2345.8723115961884,-282.9943001634574,12.063499738010089,,,,,,,-547.500237143136,-31.316092156450324,,0.5,,exploratory; insufficient time blocks,False,exploratory; cluster-t assumes independent approximately normal block scores; bootstrap descriptive; no simultaneous CI correction,,1.0,False,False,,1.0
test_00549,results/ridge_grid/predictions.parquet,uni_q0_a30,weighted_panel_ridge,targets_dec/h6,2016,2016,1,1,6,6,2025.6338939109412,2270.091658203256,-244.45776429231452,10.768629689860155,,,,,,,-492.4377234544716,-11.257780156976548,,,,exploratory; insufficient time blocks,False,exploratory; cluster-t assumes independent approximately normal block scores; bootstrap descriptive; no simultaneous CI correction,,,False,False,,
test_00550,results/ridge_grid/predictions.parquet,uni_q0_a30,weighted_panel_ridge,all_available/h6,10080,2016,5,1,6,6,1751.9147418055093,2004.179976454253,-252.26523464874367,12.586955144370082,,,-331.96003962639526,-156.28584852933233,,,-431.412556121314,-86.87052136664353,,0.0625,,exploratory; insufficient time blocks,False,exploratory; cluster-t assumes independent approximately normal block scores; bootstrap descriptive; no simultaneous CI correction,,1.0,False,False,,1.0
test_00551,results/ridge_grid/predictions.parquet,uni_q0_a300,weighted_panel_ridge,public_origins_jun_sep,24192,2016,6,2,3,"1,2,3",1053.559753251832,933.93212945885,119.62762379298192,-12.809027553458083,61.54087689243318,177.714370693531,55.28993247853207,170.51909671431997,-618.4344747987047,857.689722384669,46.0245462438853,212.32570548168005,0.5,0.0625,0.5,exploratory; insufficient time blocks,False,exploratory; cluster-t assumes independent approximately normal block scores; bootstrap descriptive; no simultaneous CI correction,1.0,1.0,False,False,1.0,1.0
test_00552,results/ridge_grid/predictions.parquet,uni_q0_a300,weighted_panel_ridge,later_origins,6048,2016,2,1,3,"1,2",982.7832391555946,1097.2818194580805,-114.49858030248583,10.434746869225789,,,,,,,-247.84235684046087,9.008752900019136,,0.5,,exploratory; insufficient time blocks,False,exploratory; cluster-t assumes independent approximately normal block scores; bootstrap descriptive; no simultaneous CI correction,,1.0,False,False,,1.0
test_00553,results/ridge_grid/predictions.parquet,uni_q0_a300,weighted_panel_ridge,targets_jun_sep,24192,2016,4,2,3,"1,2,3",1305.1834321807949,1238.1387647758706,67.04466740492421,-5.414955844392831,,,-95.7466044781456,242.4196108785098,-142.37118677565792,276.4605215855062,-37.15132574608908,160.10342925156283,0.5,0.625,0.5,exploratory; insufficient time blocks,False,exploratory; cluster-t assumes independent approximately normal block scores; bootstrap descriptive; no simultaneous CI correction,1.0,1.0,False,False,1.0,1.0
test_00554,results/ridge_grid/predictions.parquet,uni_q0_a300,weighted_panel_ridge,targets_oct_nov,12096,2016,2,1,3,"1,2,3",1042.3523221560235,909.1155142388338,133.2368079171897,-14.65565220595136,,,,,,,16.639318167524817,267.5446365133159,,0.5,,exploratory; insufficient time blocks,False,exploratory; cluster-t assumes independent approximately normal block scores; bootstrap descriptive; no simultaneous CI correction,,1.0,False,False,,1.0
test_00555,results/ridge_grid/predictions.parquet,uni_q0_a300,weighted_panel_ridge,targets_dec,6048,2016,1,1,3,"1,2,3",1043.7094186660536,1069.2528734158568,-25.54345474980323,2.3889068138018272,,,,,,,-98.76271353957742,31.044736006905545,,,,exploratory; insufficient time blocks,False,exploratory; cluster-t assumes independent approximately normal block scores; bootstrap descriptive; no simultaneous CI correction,,,False,False,,
test_00556,results/ridge_grid/predictions.parquet,uni_q0_a300,weighted_panel_ridge,targets_jan_may,12096,2016,3,1,3,"1,2,3",1980.8373107989485,1334.6210947122072,646.2162160867413,-48.419451681609225,,,477.3077724176315,1312.7095207362142,,,155.82229339391927,1215.8754679014748,,0.25,,exploratory; insufficient time blocks,False,exploratory; cluster-t assumes independent approximately normal block scores; bootstrap descriptive; no simultaneous CI correction,,1.0,False,False,,1.0
test_00557,results/ridge_grid/predictions.parquet,uni_q0_a300,weighted_panel_ridge,all_available,54432,2016,10,4,3,"1,2,3",1367.869157033242,1167.69790560238,200.17125143086216,-17.142383357072127,40.192937558834736,417.8002708668534,54.47664108834497,381.1672457237334,-225.8141986227965,626.1567014845201,103.805150793865,328.1658759195988,0.25,0.033203125,0.125,exploratory; insufficient time blocks,False,exploratory; cluster-t assumes independent approximately normal block scores; bootstrap descriptive; no simultaneous CI correction,1.0,1.0,False,False,1.0,1.0
test_00558,results/ridge_grid/predictions.parquet,uni_q0_a300,weighted_panel_ridge,public_origins_jun_sep/h6,2016,2016,1,1,6,6,1894.7040307558048,2270.091658203256,-375.3876274474512,16.536232186526117,,,,,,,-846.4291917774483,57.7322236270651,,,,exploratory; insufficient time blocks,False,exploratory; cluster-t assumes independent approximately normal block scores; bootstrap descriptive; no simultaneous CI correction,,,False,False,,
test_00559,results/ridge_grid/predictions.parquet,uni_q0_a300,weighted_panel_ridge,targets_jun_sep/h6,4032,2016,2,1,6,6,2143.226519997545,1529.5318004378153,613.6947195597297,-40.12304414880848,,,,,,,167.85879856229172,1181.1736163156331,,0.5,,exploratory; insufficient time blocks,False,exploratory; cluster-t assumes independent approximately normal block scores; bootstrap descriptive; no simultaneous CI correction,,1.0,False,False,,1.0
test_00560,results/ridge_grid/predictions.parquet,uni_q0_a300,weighted_panel_ridge,targets_oct_nov/h6,4032,2016,2,1,6,6,1941.764545281568,2345.8723115961884,-404.1077663146202,17.22633258072156,,,,,,,-927.7508006149976,80.53817304718328,,0.5,,exploratory; insufficient time blocks,False,exploratory; cluster-t assumes independent approximately normal block scores; bootstrap descriptive; no simultaneous CI correction,,1.0,False,False,,1.0
test_00561,results/ridge_grid/predictions.parquet,uni_q0_a300,weighted_panel_ridge,targets_dec/h6,2016,2016,1,1,6,6,1894.7040307558048,2270.091658203256,-375.3876274474512,16.536232186526117,,,,,,,-846.4291917774483,57.7322236270651,,,,exploratory; insufficient time blocks,False,exploratory; cluster-t assumes independent approximately normal block scores; bootstrap descriptive; no simultaneous CI correction,,,False,False,,
test_00562,results/ridge_grid/predictions.parquet,uni_q0_a300,weighted_panel_ridge,all_available/h6,10080,2016,5,1,6,6,2012.9372322628064,2004.179976454253,8.75725580855351,-0.4369495709685033,,,-426.9442759474316,479.0535963893704,,,-135.3784441756449,124.60965843520395,,1.0,,exploratory; insufficient time blocks,False,exploratory; cluster-t assumes independent approximately normal block scores; bootstrap descriptive; no simultaneous CI correction,,1.0,False,False,,1.0
test_00563,results/ridge_grid/predictions.parquet,uni_q1.5_a3,weighted_panel_ridge,public_origins_jun_sep,24192,2016,6,2,3,"1,2,3",939.708949400846,933.93212945885,5.776819941995996,-0.6185481535305214,-12.429070212497274,23.982710096489186,-10.62324759811593,20.440904556436102,-225.55094776998837,237.10458765398027,-10.673945216769228,24.850298641003324,1.0,0.5625,0.5,exploratory; insufficient time blocks,False,exploratory; cluster-t assumes independent approximately normal block scores; bootstrap descriptive; no simultaneous CI correction,1.0,1.0,False,False,1.0,1.0
test_00564,results/ridge_grid/predictions.parquet,uni_q1.5_a3,weighted_panel_ridge,later_origins,6048,2016,2,1,3,"1,2",1082.7532180164767,1097.2818194580805,-14.528601441603769,1.3240537830818226,,,,,,,-36.5598445082346,7.682831210288149,,0.5,,exploratory; insufficient time blocks,False,exploratory; cluster-t assumes independent approximately normal block scores; bootstrap descriptive; no simultaneous CI correction,,1.0,False,False,,1.0
test_00565,results/ridge_grid/predictions.parquet,uni_q1.5_a3,weighted_panel_ridge,targets_jun_sep,24192,2016,4,2,3,"1,2,3",1189.8517760857112,1238.1387647758706,-48.28698869015943,3.899965824824199,,,-80.76867601076653,-20.437302479113814,-277.0843340984245,180.51035671810607,-83.20512065989544,-14.963109984157963,0.5,0.125,0.5,exploratory; insufficient time blocks,False,exploratory; cluster-t assumes independent approximately normal block scores; bootstrap descriptive; no simultaneous CI correction,1.0,1.0,False,False,1.0,1.0
test_00566,results/ridge_grid/predictions.parquet,uni_q1.5_a3,weighted_panel_ridge,targets_oct_nov,12096,2016,2,1,3,"1,2,3",926.83793527678,909.1155142388338,17.722421037946106,-1.9494135520043767,,,,,,,-1.764056773185991,44.11042893638822,,0.5,,exploratory; insufficient time blocks,False,exploratory; cluster-t assumes independent approximately normal block scores; bootstrap descriptive; no simultaneous CI correction,,1.0,False,False,,1.0
test_00567,results/ridge_grid/predictions.parquet,uni_q1.5_a3,weighted_panel_ridge,targets_dec,6048,2016,1,1,3,"1,2,3",1067.2448500913392,1069.2528734158568,-2.0080233245175805,0.187796860260259,,,,,,,-25.253126915041182,22.16237508053142,,,,exploratory; insufficient time blocks,False,exploratory; cluster-t assumes independent approximately normal block scores; bootstrap descriptive; no simultaneous CI correction,,,False,False,,
test_00568,results/ridge_grid/predictions.parquet,uni_q1.5_a3,weighted_panel_ridge,targets_jan_may,12096,2016,3,1,3,"1,2,3",1338.7779896814611,1334.6210947122072,4.156894969253926,-0.3114663019881537,,,-20.828123359813965,10.402586942049073,,,-23.74268081908002,28.457874577256145,,0.75,,exploratory; insufficient time blocks,False,exploratory; cluster-t assumes independent approximately normal block scores; bootstrap descriptive; no simultaneous CI correction,,1.0,False,False,,1.0
test_00569,results/ridge_grid/predictions.parquet,uni_q1.5_a3,weighted_panel_ridge,all_available,54432,2016,10,4,3,"1,2,3",1150.8759782611853,1167.69790560238,-16.821927341194623,1.4406061071520635,-49.402125991154335,6.27518792565162,-41.36164285782213,4.070244028884794,-80.61310754323993,46.969252860850105,-30.09977883270749,-3.987456392218504,0.875,0.21875,0.125,exploratory; insufficient time blocks,False,exploratory; cluster-t assumes independent approximately normal block scores; bootstrap descriptive; no simultaneous CI correction,1.0,1.0,False,False,1.0,1.0
test_00570,results/ridge_grid/predictions.parquet,uni_q1.5_a3,weighted_panel_ridge,public_origins_jun_sep/h6,2016,2016,1,1,6,6,2096.3825724726694,2270.091658203256,-173.7090857305866,7.652073655390407,,,,,,,-364.4415069217935,21.68932758314147,,,,exploratory; insufficient time blocks,False,exploratory; cluster-t assumes independent approximately normal block scores; bootstrap descriptive; no simultaneous CI correction,,,False,False,,
test_00571,results/ridge_grid/predictions.parquet,uni_q1.5_a3,weighted_panel_ridge,targets_jun_sep/h6,4032,2016,2,1,6,6,1275.6118821251755,1529.5318004378153,-253.91991831263957,16.601153257484228,,,,,,,-375.629760075156,-143.65093135123993,,0.5,,exploratory; insufficient time blocks,False,exploratory; cluster-t assumes independent approximately normal block scores; bootstrap descriptive; no simultaneous CI correction,,1.0,False,False,,1.0
test_00572,results/ridge_grid/predictions.parquet,uni_q1.5_a3,weighted_panel_ridge,targets_oct_nov/h6,4032,2016,2,1,6,6,2173.964010967279,2345.8723115961884,-171.90830062890927,7.328118405214421,,,,,,,-353.9987034128461,12.61400359336207,,0.5,,exploratory; insufficient time blocks,False,exploratory; cluster-t assumes independent approximately normal block scores; bootstrap descriptive; no simultaneous CI correction,,1.0,False,False,,1.0
test_00573,results/ridge_grid/predictions.parquet,uni_q1.5_a3,weighted_panel_ridge,targets_dec/h6,2016,2016,1,1,6,6,2096.3825724726694,2270.091658203256,-173.7090857305866,7.652073655390407,,,,,,,-364.4415069217935,21.68932758314147,,,,exploratory; insufficient time blocks,False,exploratory; cluster-t assumes independent approximately normal block scores; bootstrap descriptive; no simultaneous CI correction,,,False,False,,
test_00574,results/ridge_grid/predictions.parquet,uni_q1.5_a3,weighted_panel_ridge,all_available/h6,10080,2016,5,1,6,6,1799.1068717315156,2004.179976454253,-205.0731047227373,10.232269912482996,,,-244.0845213077845,-167.43861597665958,,,-336.4570093702556,-82.42748328829391,,0.0625,,exploratory; insufficient time blocks,False,exploratory; cluster-t assumes independent approximately normal block scores; bootstrap descriptive; no simultaneous CI correction,,1.0,False,False,,1.0
test_00575,results/ridge_grid/predictions.parquet,uni_q1.5_a30,weighted_panel_ridge,public_origins_jun_sep,24192,2016,6,2,3,"1,2,3",941.5459492037066,933.93212945885,7.613819744856528,-0.8152433677668008,-7.904957141217696,23.132596630930696,-6.833812024112585,21.189318871300465,-189.5709366286124,204.7985761183254,-11.99286888889496,27.922859281482697,1.0,0.34375,0.5,exploratory; insufficient time blocks,False,exploratory; cluster-t assumes independent approximately normal block scores; bootstrap descriptive; no simultaneous CI correction,1.0,1.0,False,False,1.0,1.0
test_00576,results/ridge_grid/predictions.parquet,uni_q1.5_a30,weighted_panel_ridge,later_origins,6048,2016,2,1,3,"1,2",1078.7201136700287,1097.2818194580805,-18.561705788051768,1.6916078858591608,,,,,,,-39.03949882332466,2.371245194531561,,0.5,,exploratory; insufficient time blocks,False,exploratory; cluster-t assumes independent approximately normal block scores; bootstrap descriptive; no simultaneous CI correction,,1.0,False,False,,1.0
test_00577,results/ridge_grid/predictions.parquet,uni_q1.5_a30,weighted_panel_ridge,targets_jun_sep,24192,2016,4,2,3,"1,2,3",1195.956958661772,1238.1387647758706,-42.18180611409866,3.406872259728857,,,-72.80808490576541,-14.808595477923754,-273.2435151553361,188.879902927139,-87.93359256065243,0.7491999876582917,0.5,0.125,0.5,exploratory; insufficient time blocks,False,exploratory; cluster-t assumes independent approximately normal block scores; bootstrap descriptive; no simultaneous CI correction,1.0,1.0,False,False,1.0,1.0
test_00578,results/ridge_grid/predictions.parquet,uni_q1.5_a30,weighted_panel_ridge,targets_oct_nov,12096,2016,2,1,3,"1,2,3",928.6249399120976,909.1155142388338,19.50942567326388,-2.1459787417222045,,,,,,,1.1802860373545665,45.257830823100655,,0.5,,exploratory; insufficient time blocks,False,exploratory; cluster-t assumes independent approximately normal block scores; bootstrap descriptive; no simultaneous CI correction,,1.0,False,False,,1.0
test_00579,results/ridge_grid/predictions.parquet,uni_q1.5_a30,weighted_panel_ridge,targets_dec,6048,2016,1,1,3,"1,2,3",1057.937509543139,1069.2528734158568,-11.315363872717851,1.058249564162457,,,,,,,-29.597991263617597,8.838165322692578,,,,exploratory; insufficient time blocks,False,exploratory; cluster-t assumes independent approximately normal block scores; bootstrap descriptive; no simultaneous CI correction,,,False,False,,
test_00580,results/ridge_grid/predictions.parquet,uni_q1.5_a30,weighted_panel_ridge,targets_jan_may,12096,2016,3,1,3,"1,2,3",1315.9514035402474,1334.6210947122072,-18.66969117195981,1.3988757742500448,,,-37.10465497861891,-0.3546477366797556,,,-58.54234249714327,20.30071653565249,,0.25,,exploratory; insufficient time blocks,False,exploratory; cluster-t assumes independent approximately normal block scores; bootstrap descriptive; no simultaneous CI correction,,1.0,False,False,,1.0
test_00581,results/ridge_grid/predictions.parquet,uni_q1.5_a30,weighted_panel_ridge,all_available,54432,2016,10,4,3,"1,2,3",1147.8797812327684,1167.69790560238,-19.818124369611496,1.6971961904297437,-46.95740226076831,2.8143403459288248,-41.13946808644493,-1.008768824115334,-76.64172718395564,37.00547844473255,-34.93832043714813,-4.8376972954559925,0.375,0.095703125,0.125,exploratory; insufficient time blocks,False,exploratory; cluster-t assumes independent approximately normal block scores; bootstrap descriptive; no simultaneous CI correction,1.0,1.0,False,False,1.0,1.0
test_00582,results/ridge_grid/predictions.parquet,uni_q1.5_a30,weighted_panel_ridge,public_origins_jun_sep/h6,2016,2016,1,1,6,6,2077.5050519846427,2270.091658203256,-192.58660621861327,8.483648910063954,,,,,,,-424.97602185647054,30.52780380824051,,,,exploratory; insufficient time blocks,False,exploratory; cluster-t assumes independent approximately normal block scores; bootstrap descriptive; no simultaneous CI correction,,,False,False,,
test_00583,results/ridge_grid/predictions.parquet,uni_q1.5_a30,weighted_panel_ridge,targets_jun_sep/h6,4032,2016,2,1,6,6,1254.970029916189,1529.5318004378153,-274.561770521626,17.95070690540955,,,,,,,-386.53375555787846,-170.2725497605169,,0.5,,exploratory; insufficient time blocks,False,exploratory; cluster-t assumes independent approximately normal block scores; bootstrap descriptive; no simultaneous CI correction,,1.0,False,False,,1.0
test_00584,results/ridge_grid/predictions.parquet,uni_q1.5_a30,weighted_panel_ridge,targets_oct_nov/h6,4032,2016,2,1,6,6,2129.1823663577893,2345.8723115961884,-216.6899452383991,9.237073312441204,,,,,,,-462.23433504757344,18.574599817831047,,0.5,,exploratory; insufficient time blocks,False,exploratory; cluster-t assumes independent approximately normal block scores; bootstrap descriptive; no simultaneous CI correction,,1.0,False,False,,1.0
test_00585,results/ridge_grid/predictions.parquet,uni_q1.5_a30,weighted_panel_ridge,targets_dec/h6,2016,2016,1,1,6,6,2077.5050519846427,2270.091658203256,-192.58660621861327,8.483648910063954,,,,,,,-424.97602185647054,30.52780380824051,,,,exploratory; insufficient time blocks,False,exploratory; cluster-t assumes independent approximately normal block scores; bootstrap descriptive; no simultaneous CI correction,,,False,False,,
test_00586,results/ridge_grid/predictions.parquet,uni_q1.5_a30,weighted_panel_ridge,all_available/h6,10080,2016,5,1,6,6,1769.16196890652,2004.179976454253,-235.01800754773308,11.726392355417168,,,-294.32995113124935,-196.4000576814916,,,-407.4156011962283,-76.74405800818704,,0.0625,,exploratory; insufficient time blocks,False,exploratory; cluster-t assumes independent approximately normal block scores; bootstrap descriptive; no simultaneous CI correction,,1.0,False,False,,1.0
test_00587,results/ridge_grid/predictions.parquet,uni_q1.5_a300,weighted_panel_ridge,public_origins_jun_sep,24192,2016,6,2,3,"1,2,3",1035.93546595374,933.93212945885,102.00333649488994,-10.92192176255826,93.27981920453388,108.86412147117544,73.25781225546898,129.15249184834795,14.828797933568596,189.17787505621124,71.38487254732625,130.7416684383616,0.5,0.03125,0.5,exploratory; insufficient time blocks,False,exploratory; cluster-t assumes independent approximately normal block scores; bootstrap descriptive; no simultaneous CI correction,1.0,1.0,False,False,1.0,1.0
test_00588,results/ridge_grid/predictions.parquet,uni_q1.5_a300,weighted_panel_ridge,later_origins,6048,2016,2,1,3,"1,2",1103.4683124189962,1097.2818194580805,6.186492960915757,-0.5638016461414724,,,,,,,-118.21232499740654,117.6322150786041,,1.0,,exploratory; insufficient time blocks,False,exploratory; cluster-t assumes independent approximately normal block scores; bootstrap descriptive; no simultaneous CI correction,,1.0,False,False,,1.0
test_00589,results/ridge_grid/predictions.parquet,uni_q1.5_a300,weighted_panel_ridge,targets_jun_sep,24192,2016,4,2,3,"1,2,3",1374.9448651160892,1238.1387647758706,136.80610034021856,-11.049335036770564,,,74.78947447120632,220.07278372088035,103.44786565699413,170.16433502344313,-4.507968220841748,271.01196992990674,0.5,0.125,0.5,exploratory; insufficient time blocks,False,exploratory; cluster-t assumes independent approximately normal block scores; bootstrap descriptive; no simultaneous CI correction,1.0,1.0,False,False,1.0,1.0
test_00590,results/ridge_grid/predictions.parquet,uni_q1.5_a300,weighted_panel_ridge,targets_oct_nov,12096,2016,2,1,3,"1,2,3",993.0430443157236,909.1155142388338,83.92753007688964,-9.231778444256207,,,,,,,35.809464143924615,135.41764107644343,,0.5,,exploratory; insufficient time blocks,False,exploratory; cluster-t assumes independent approximately normal block scores; bootstrap descriptive; no simultaneous CI correction,,1.0,False,False,,1.0
test_00591,results/ridge_grid/predictions.parquet,uni_q1.5_a300,weighted_panel_ridge,targets_dec,6048,2016,1,1,3,"1,2,3",1097.8694092602027,1069.2528734158568,28.61653584434589,-2.676311334373779,,,,,,,-47.4309589607672,99.70729254178174,,,,exploratory; insufficient time blocks,False,exploratory; cluster-t assumes independent approximately normal block scores; bootstrap descriptive; no simultaneous CI correction,,,False,False,,
test_00592,results/ridge_grid/predictions.parquet,uni_q1.5_a300,weighted_panel_ridge,targets_jan_may,12096,2016,3,1,3,"1,2,3",1606.404257180776,1334.6210947122072,271.78316246856866,-20.36406913882737,,,-39.04682235822999,1007.8200619144986,,,-30.638962831394547,624.5426222798068,,0.5,,exploratory; insufficient time blocks,False,exploratory; cluster-t assumes independent approximately normal block scores; bootstrap descriptive; no simultaneous CI correction,,1.0,False,False,,1.0
test_00593,results/ridge_grid/predictions.parquet,uni_q1.5_a300,weighted_panel_ridge,all_available,54432,2016,10,4,3,"1,2,3",1310.7270525241731,1167.69790560238,143.0291469217932,-12.248814204047818,80.95665290935491,215.20860961431785,69.17429023400993,246.53741889031107,16.25833713038081,269.7999567132051,108.83765880015328,180.2908071220917,0.125,0.00390625,0.125,exploratory; insufficient time blocks,False,exploratory; cluster-t assumes independent approximately normal block scores; bootstrap descriptive; no simultaneous CI correction,1.0,1.0,False,False,1.0,1.0
test_00594,results/ridge_grid/predictions.parquet,uni_q1.5_a300,weighted_panel_ridge,public_origins_jun_sep/h6,2016,2016,1,1,6,6,2183.940045852627,2270.091658203256,-86.15161235062897,3.7950719760283462,,,,,,,-572.8709159001526,345.24877654146457,,,,exploratory; insufficient time blocks,False,exploratory; cluster-t assumes independent approximately normal block scores; bootstrap descriptive; no simultaneous CI correction,,,False,False,,
test_00595,results/ridge_grid/predictions.parquet,uni_q1.5_a300,weighted_panel_ridge,targets_jun_sep/h6,4032,2016,2,1,6,6,1742.521146856122,1529.5318004378153,212.9893464183067,-13.925133583841824,,,,,,,-27.27930065624097,533.4607833991764,,0.5,,exploratory; insufficient time blocks,False,exploratory; cluster-t assumes independent approximately normal block scores; bootstrap descriptive; no simultaneous CI correction,,1.0,False,False,,1.0
test_00596,results/ridge_grid/predictions.parquet,uni_q1.5_a300,weighted_panel_ridge,targets_oct_nov/h6,4032,2016,2,1,6,6,2263.503050415011,2345.8723115961884,-82.36926118117754,3.511242311612924,,,,,,,-612.123396469717,395.273082205649,,0.5,,exploratory; insufficient time blocks,False,exploratory; cluster-t assumes independent approximately normal block scores; bootstrap descriptive; no simultaneous CI correction,,1.0,False,False,,1.0
test_00597,results/ridge_grid/predictions.parquet,uni_q1.5_a300,weighted_panel_ridge,targets_dec/h6,2016,2016,1,1,6,6,2183.940045852627,2270.091658203256,-86.15161235062897,3.7950719760283462,,,,,,,-572.8709159001526,345.24877654146457,,,,exploratory; insufficient time blocks,False,exploratory; cluster-t assumes independent approximately normal block scores; bootstrap descriptive; no simultaneous CI correction,,,False,False,,
test_00598,results/ridge_grid/predictions.parquet,uni_q1.5_a300,weighted_panel_ridge,all_available/h6,10080,2016,5,1,6,6,2039.1976880789784,2004.179976454253,35.01771162472528,-1.7472338829907768,,,-84.69921728880998,158.32438455191885,,,-180.9049631445668,235.1074474645905,,0.625,,exploratory; insufficient time blocks,False,exploratory; cluster-t assumes independent approximately normal block scores; bootstrap descriptive; no simultaneous CI correction,,1.0,False,False,,1.0
test_00599,results/ridge_grid/predictions.parquet,uni_q1_a3,weighted_panel_ridge,public_origins_jun_sep,24192,2016,6,2,3,"1,2,3",940.4067813749656,933.93212945885,6.4746519161154765,-0.693267927281514,-13.43299157014864,26.38229540237981,-11.634273506598532,22.174926984215364,-246.47594204025643,259.4252458724876,-10.555415373816162,26.288543389345996,1.0,0.5625,0.5,exploratory; insufficient time blocks,False,exploratory; cluster-t assumes independent approximately normal block scores; bootstrap descriptive; no simultaneous CI correction,1.0,1.0,False,False,1.0,1.0
test_00600,results/ridge_grid/predictions.parquet,uni_q1_a3,weighted_panel_ridge,later_origins,6048,2016,2,1,3,"1,2",1083.2964328582516,1097.2818194580805,-13.985386599828871,1.274548283934559,,,,,,,-36.25223009192146,8.341438615280225,,0.5,,exploratory; insufficient time blocks,False,exploratory; cluster-t assumes independent approximately normal block scores; bootstrap descriptive; no simultaneous CI correction,,1.0,False,False,,1.0
test_00601,results/ridge_grid/predictions.parquet,uni_q1_a3,weighted_panel_ridge,targets_jun_sep,24192,2016,4,2,3,"1,2,3",1189.1238344797296,1238.1387647758706,-49.014930296141074,3.958759041440223,,,-81.86409892118043,-20.872844490845782,-281.4243179150518,183.39445732277,-83.54327292562076,-16.013946252469296,0.5,0.125,0.5,exploratory; insufficient time blocks,False,exploratory; cluster-t assumes independent approximately normal block scores; bootstrap descriptive; no simultaneous CI correction,1.0,1.0,False,False,1.0,1.0
test_00602,results/ridge_grid/predictions.parquet,uni_q1_a3,weighted_panel_ridge,targets_oct_nov,12096,2016,2,1,3,"1,2,3",928.4564220589576,909.1155142388338,19.340907820123675,-2.127442279578415,,,,,,,-1.2208977956995637,47.1690301672843,,0.5,,exploratory; insufficient time blocks,False,exploratory; cluster-t assumes independent approximately normal block scores; bootstrap descriptive; no simultaneous CI correction,,1.0,False,False,,1.0
test_00603,results/ridge_grid/predictions.parquet,uni_q1_a3,weighted_panel_ridge,targets_dec,6048,2016,1,1,3,"1,2,3",1069.3502619805404,1069.2528734158568,0.0973885646835697,-0.0091080947365098,,,,,,,-23.12294409467833,24.368183674625417,,,,exploratory; insufficient time blocks,False,exploratory; cluster-t assumes independent approximately normal block scores; bootstrap descriptive; no simultaneous CI correction,,,False,False,,
test_00604,results/ridge_grid/predictions.parquet,uni_q1_a3,weighted_panel_ridge,targets_jan_may,12096,2016,3,1,3,"1,2,3",1337.7893087257137,1334.6210947122072,3.1682140135064856,-0.2373867778696895,,,-21.78059985651943,8.697567647679069,,,-23.37590684046484,25.73284154574961,,0.75,,exploratory; insufficient time blocks,False,exploratory; cluster-t assumes independent approximately normal block scores; bootstrap descriptive; no simultaneous CI correction,,1.0,False,False,,1.0
test_00605,results/ridge_grid/predictions.parquet,uni_q1_a3,weighted_panel_ridge,all_available,54432,2016,10,4,3,"1,2,3",1150.9263401632004,1167.69790560238,-16.77156543917954,1.4362931849678704,-50.27598351647662,7.221272545855306,-41.75206771071314,4.7607429473650615,-81.98470213703213,48.44157125867217,-30.62356339172281,-3.4827238129309896,1.0,0.2265625,0.125,exploratory; insufficient time blocks,False,exploratory; cluster-t assumes independent approximately normal block scores; bootstrap descriptive; no simultaneous CI correction,1.0,1.0,False,False,1.0,1.0
test_00606,results/ridge_grid/predictions.parquet,uni_q1_a3,weighted_panel_ridge,public_origins_jun_sep/h6,2016,2016,1,1,6,6,2089.208772693893,2270.091658203256,-180.8828855093634,7.968087317343368,,,,,,,-373.0448534062792,15.43766358659304,,,,exploratory; insufficient time blocks,False,exploratory; cluster-t assumes independent approximately normal block scores; bootstrap descriptive; no simultaneous CI correction,,,False,False,,
test_00607,results/ridge_grid/predictions.parquet,uni_q1_a3,weighted_panel_ridge,targets_jun_sep/h6,4032,2016,2,1,6,6,1277.0965328996551,1529.5318004378153,-252.43526753816013,16.50408755580647,,,,,,,-372.775982927074,-141.04902355225755,,0.5,,exploratory; insufficient time blocks,False,exploratory; cluster-t assumes independent approximately normal block scores; bootstrap descriptive; no simultaneous CI correction,,1.0,False,False,,1.0
test_00608,results/ridge_grid/predictions.parquet,uni_q1_a3,weighted_panel_ridge,targets_oct_nov/h6,4032,2016,2,1,6,6,2156.3885137821835,2345.8723115961884,-189.4837978140049,8.077327861254116,,,,,,,-378.5912729830965,0.9952374348052608,,0.5,,exploratory; insufficient time blocks,False,exploratory; cluster-t assumes independent approximately normal block scores; bootstrap descriptive; no simultaneous CI correction,,1.0,False,False,,1.0
test_00609,results/ridge_grid/predictions.parquet,uni_q1_a3,weighted_panel_ridge,targets_dec/h6,2016,2016,1,1,6,6,2089.208772693893,2270.091658203256,-180.8828855093634,7.968087317343368,,,,,,,-373.0448534062792,15.43766358659304,,,,exploratory; insufficient time blocks,False,exploratory; cluster-t assumes independent approximately normal block scores; bootstrap descriptive; no simultaneous CI correction,,,False,False,,
test_00610,results/ridge_grid/predictions.parquet,uni_q1_a3,weighted_panel_ridge,all_available/h6,10080,2016,5,1,6,6,1791.2357732115136,2004.179976454253,-212.94420324273935,10.625004028803598,,,-256.8278535156905,-180.9269546382748,,,-350.3573634426737,-84.94442243359771,,0.0625,,exploratory; insufficient time blocks,False,exploratory; cluster-t assumes independent approximately normal block scores; bootstrap descriptive; no simultaneous CI correction,,1.0,False,False,,1.0
test_00611,results/ridge_grid/predictions.parquet,uni_q1_a30,weighted_panel_ridge,public_origins_jun_sep,24192,2016,6,2,3,"1,2,3",940.2148639815132,933.93212945885,6.282734522663191,-0.6727185332304186,-12.73626900561966,25.301738050946128,-11.344474769087684,21.342379033457306,-235.37661819062365,247.9420872359501,-13.602445377320793,26.73812028045329,1.0,0.53125,0.5,exploratory; insufficient time blocks,False,exploratory; cluster-t assumes independent approximately normal block scores; bootstrap descriptive; no simultaneous CI correction,1.0,1.0,False,False,1.0,1.0
test_00612,results/ridge_grid/predictions.parquet,uni_q1_a30,weighted_panel_ridge,later_origins,6048,2016,2,1,3,"1,2",1074.5713343197924,1097.2818194580805,-22.71048513828805,2.0697039480253285,,,,,,,-43.78289491283024,-0.9810961136054758,,0.5,,exploratory; insufficient time blocks,False,exploratory; cluster-t assumes independent approximately normal block scores; bootstrap descriptive; no simultaneous CI correction,,1.0,False,False,,1.0
test_00613,results/ridge_grid/predictions.parquet,uni_q1_a30,weighted_panel_ridge,targets_jun_sep,24192,2016,4,2,3,"1,2,3",1190.3550437872689,1238.1387647758706,-47.78372098860177,3.8593187086951146,,,-81.68789699777633,-19.02522248420185,-291.88416924437064,196.3167272671675,-94.6300223530111,-3.995709026431116,0.5,0.125,0.5,exploratory; insufficient time blocks,False,exploratory; cluster-t assumes independent approximately normal block scores; bootstrap descriptive; no simultaneous CI correction,1.0,1.0,False,False,1.0,1.0
test_00614,results/ridge_grid/predictions.parquet,uni_q1_a30,weighted_panel_ridge,targets_oct_nov,12096,2016,2,1,3,"1,2,3",929.7324759577416,909.1155142388338,20.61696171890765,-2.2678044094505863,,,,,,,2.153143212209089,46.57389932575143,,0.5,,exploratory; insufficient time blocks,False,exploratory; cluster-t assumes independent approximately normal block scores; bootstrap descriptive; no simultaneous CI correction,,1.0,False,False,,1.0
test_00615,results/ridge_grid/predictions.parquet,uni_q1_a30,weighted_panel_ridge,targets_dec,6048,2016,1,1,3,"1,2,3",1055.9119409416462,1069.2528734158568,-13.340932474210604,1.247687315685334,,,,,,,-31.54086897785734,6.682239662944164,,,,exploratory; insufficient time blocks,False,exploratory; cluster-t assumes independent approximately normal block scores; bootstrap descriptive; no simultaneous CI correction,,,False,False,,
test_00616,results/ridge_grid/predictions.parquet,uni_q1_a30,weighted_panel_ridge,targets_jan_may,12096,2016,3,1,3,"1,2,3",1330.120563068205,1334.6210947122072,-4.500531644002194,0.3372141847475198,,,-14.153483810800108,12.59719987724498,,,-47.097222844932745,37.644246287997454,,0.75,,exploratory; insufficient time blocks,False,exploratory; cluster-t assumes independent approximately normal block scores; bootstrap descriptive; no simultaneous CI correction,,1.0,False,False,,1.0
test_00617,results/ridge_grid/predictions.parquet,uni_q1_a30,weighted_panel_ridge,all_available,54432,2016,10,4,3,"1,2,3",1148.5597993491797,1167.69790560238,-19.13810625320048,1.638960399036402,-50.24689478447971,4.797511431281715,-43.34672655310699,1.658638566190513,-82.8236275317587,44.54741502535738,-34.0717372504001,-4.500650901231478,0.625,0.158203125,0.125,exploratory; insufficient time blocks,False,exploratory; cluster-t assumes independent approximately normal block scores; bootstrap descriptive; no simultaneous CI correction,1.0,1.0,False,False,1.0,1.0
test_00618,results/ridge_grid/predictions.parquet,uni_q1_a30,weighted_panel_ridge,public_origins_jun_sep/h6,2016,2016,1,1,6,6,2060.273595449097,2270.091658203256,-209.8180627541592,9.242713262081544,,,,,,,-445.4153158925973,15.106174641423872,,,,exploratory; insufficient time blocks,False,exploratory; cluster-t assumes independent approximately normal block scores; bootstrap descriptive; no simultaneous CI correction,,,False,False,,
test_00619,results/ridge_grid/predictions.parquet,uni_q1_a30,weighted_panel_ridge,targets_jun_sep/h6,4032,2016,2,1,6,6,1269.8354501496106,1529.5318004378153,-259.6963502882047,16.978813399882817,,,,,,,-370.77841086501513,-157.12478629169678,,0.5,,exploratory; insufficient time blocks,False,exploratory; cluster-t assumes independent approximately normal block scores; bootstrap descriptive; no simultaneous CI correction,,1.0,False,False,,1.0
test_00620,results/ridge_grid/predictions.parquet,uni_q1_a30,weighted_panel_ridge,targets_oct_nov/h6,4032,2016,2,1,6,6,2106.363837912713,2345.8723115961884,-239.5084736834756,10.20978305168316,,,,,,,-489.9905571425031,0.3364150824571894,,0.5,,exploratory; insufficient time blocks,False,exploratory; cluster-t assumes independent approximately normal block scores; bootstrap descriptive; no simultaneous CI correction,,1.0,False,False,,1.0
test_00621,results/ridge_grid/predictions.parquet,uni_q1_a30,weighted_panel_ridge,targets_dec/h6,2016,2016,1,1,6,6,2060.273595449097,2270.091658203256,-209.8180627541592,9.242713262081544,,,,,,,-445.4153158925973,15.106174641423872,,,,exploratory; insufficient time blocks,False,exploratory; cluster-t assumes independent approximately normal block scores; bootstrap descriptive; no simultaneous CI correction,,,False,False,,
test_00622,results/ridge_grid/predictions.parquet,uni_q1_a30,weighted_panel_ridge,all_available/h6,10080,2016,5,1,6,6,1762.5344343147483,2004.179976454253,-241.6455421395044,12.057077955993648,,,-302.97827547265,-189.68763823754625,,,-416.2567757099589,-80.91991177880297,,0.0625,,exploratory; insufficient time blocks,False,exploratory; cluster-t assumes independent approximately normal block scores; bootstrap descriptive; no simultaneous CI correction,,1.0,False,False,,1.0
test_00623,results/ridge_grid/predictions.parquet,uni_q1_a300,weighted_panel_ridge,public_origins_jun_sep,24192,2016,6,2,3,"1,2,3",1027.735388672617,933.93212945885,93.80325921376698,-10.04390536045907,76.50686871665764,111.09964971087618,66.14088231549175,114.29265197879204,-125.96821964378186,313.57473807131566,58.91839326265247,126.8126314553224,0.5,0.03125,0.5,exploratory; insufficient time blocks,False,exploratory; cluster-t assumes independent approximately normal block scores; bootstrap descriptive; no simultaneous CI correction,1.0,1.0,False,False,1.0,1.0
test_00624,results/ridge_grid/predictions.parquet,uni_q1_a300,weighted_panel_ridge,later_origins,6048,2016,2,1,3,"1,2",1057.7693575780463,1097.2818194580805,-39.51246188003415,3.600940175929312,,,,,,,-167.19171752121292,76.70054454435073,,0.5,,exploratory; insufficient time blocks,False,exploratory; cluster-t assumes independent approximately normal block scores; bootstrap descriptive; no simultaneous CI correction,,1.0,False,False,,1.0
test_00625,results/ridge_grid/predictions.parquet,uni_q1_a300,weighted_panel_ridge,targets_jun_sep,24192,2016,4,2,3,"1,2,3",1331.7955014142665,1238.1387647758706,93.6567366383956,-7.564316642274703,,,5.904798833064361,198.3550569704468,6.939509214374567,180.373964062417,-38.036411005734834,219.21229847496156,0.5,0.25,0.5,exploratory; insufficient time blocks,False,exploratory; cluster-t assumes independent approximately normal block scores; bootstrap descriptive; no simultaneous CI correction,1.0,1.0,False,False,1.0,1.0
test_00626,results/ridge_grid/predictions.parquet,uni_q1_a300,weighted_panel_ridge,targets_oct_nov,12096,2016,2,1,3,"1,2,3",999.0814137000136,909.1155142388338,89.9658994611799,-9.895981099443096,,,,,,,26.112007817893737,162.50318624710334,,0.5,,exploratory; insufficient time blocks,False,exploratory; cluster-t assumes independent approximately normal block scores; bootstrap descriptive; no simultaneous CI correction,,1.0,False,False,,1.0
test_00627,results/ridge_grid/predictions.parquet,uni_q1_a300,weighted_panel_ridge,targets_dec,6048,2016,1,1,3,"1,2,3",1072.0079120352157,1069.2528734158568,2.7550386193588565,-0.2576601557831268,,,,,,,-71.27376939397678,68.68100696650994,,,,exploratory; insufficient time blocks,False,exploratory; cluster-t assumes independent approximately normal block scores; bootstrap descriptive; no simultaneous CI correction,,,False,False,,
test_00628,results/ridge_grid/predictions.parquet,uni_q1_a300,weighted_panel_ridge,targets_jan_may,12096,2016,3,1,3,"1,2,3",1695.5889338808718,1334.6210947122072,360.96783916866457,-27.04646589199179,,,139.6825572908065,1052.6761409452834,,,9.943898333760693,771.6704324239579,,0.25,,exploratory; insufficient time blocks,False,exploratory; cluster-t assumes independent approximately normal block scores; bootstrap descriptive; no simultaneous CI correction,,1.0,False,False,,1.0
test_00629,results/ridge_grid/predictions.parquet,uni_q1_a300,weighted_panel_ridge,all_available,54432,2016,10,4,3,"1,2,3",1309.8367347615613,1167.69790560238,142.13882915918134,-12.172568647869264,60.050100731752,248.3275630605591,62.12659854644951,255.2053002404012,-64.31106295213579,348.5887212704982,97.44356113573028,197.8783223598837,0.125,0.005859375,0.125,exploratory; insufficient time blocks,False,exploratory; cluster-t assumes independent approximately normal block scores; bootstrap descriptive; no simultaneous CI correction,1.0,1.0,False,False,1.0,1.0
test_00630,results/ridge_grid/predictions.parquet,uni_q1_a300,weighted_panel_ridge,public_origins_jun_sep/h6,2016,2016,1,1,6,6,2070.6813106654363,2270.091658203256,-199.4103475378197,8.784242117150901,,,,,,,-689.6051606970534,239.38113600448253,,,,exploratory; insufficient time blocks,False,exploratory; cluster-t assumes independent approximately normal block scores; bootstrap descriptive; no simultaneous CI correction,,,False,False,,
test_00631,results/ridge_grid/predictions.parquet,uni_q1_a300,weighted_panel_ridge,targets_jun_sep/h6,4032,2016,2,1,6,6,1836.1080924320852,1529.5318004378153,306.5762919942701,-20.04379980243074,,,,,,,15.634635432866778,691.93358268888,,0.5,,exploratory; insufficient time blocks,False,exploratory; cluster-t assumes independent approximately normal block scores; bootstrap descriptive; no simultaneous CI correction,,1.0,False,False,,1.0
test_00632,results/ridge_grid/predictions.parquet,uni_q1_a300,weighted_panel_ridge,targets_oct_nov/h6,4032,2016,2,1,6,6,2140.963795041768,2345.8723115961884,-204.9085165544202,8.734853791551659,,,,,,,-740.6920012755229,280.2632168125339,,0.5,,exploratory; insufficient time blocks,False,exploratory; cluster-t assumes independent approximately normal block scores; bootstrap descriptive; no simultaneous CI correction,,1.0,False,False,,1.0
test_00633,results/ridge_grid/predictions.parquet,uni_q1_a300,weighted_panel_ridge,targets_dec/h6,2016,2016,1,1,6,6,2070.6813106654363,2270.091658203256,-199.4103475378197,8.784242117150901,,,,,,,-689.6051606970534,239.38113600448253,,,,exploratory; insufficient time blocks,False,exploratory; cluster-t assumes independent approximately normal block scores; bootstrap descriptive; no simultaneous CI correction,,,False,False,,
test_00634,results/ridge_grid/predictions.parquet,uni_q1_a300,weighted_panel_ridge,all_available/h6,10080,2016,5,1,6,6,2004.965017122629,2004.179976454253,0.7850406683760411,-0.0391701682283502,,,-212.1545750388063,243.26101479242288,,,-193.60296846152517,178.02023855273947,,1.0,,exploratory; insufficient time blocks,False,exploratory; cluster-t assumes independent approximately normal block scores; bootstrap descriptive; no simultaneous CI correction,,1.0,False,False,,1.0
test_00635,results/reference_audit/predictions.parquet,catboost_multi,public_ens3_mean,public_origins_jun_sep,24192,2016,6,2,3,"1,2,3",972.287769424348,761.9163980544566,210.37137136989145,-27.61082080751536,187.5982096038674,247.37305214182408,136.36800982602648,251.66390693126837,-78.98908452509909,499.7318272648822,151.99123451540237,273.37817678056655,0.5,0.0625,0.5,exploratory; insufficient time blocks,False,exploratory; cluster-t assumes independent approximately normal block scores; bootstrap descriptive; no simultaneous CI correction,1.0,1.0,False,False,1.0,1.0
test_00636,results/reference_audit/predictions.parquet,catboost_multi,public_ens3_mean,later_origins,6048,2016,2,1,3,"1,2",1119.5668096646727,880.3968905022884,239.1699191623843,-27.166147648014967,,,,,,,138.29697592950038,354.5570864037434,,0.5,,exploratory; insufficient time blocks,False,exploratory; cluster-t assumes independent approximately normal block scores; bootstrap descriptive; no simultaneous CI correction,,1.0,False,False,,1.0
test_00637,results/reference_audit/predictions.parquet,catboost_multi,public_ens3_mean,targets_jun_sep,24192,2016,4,2,3,"1,2,3",1261.2209873083325,877.0540121887904,384.1669751195421,-43.801974539835776,,,94.14502165015682,789.4350488512316,-471.4636734358671,1239.7976236749514,277.0916286028546,500.2834826757356,0.5,0.125,0.5,exploratory; insufficient time blocks,False,exploratory; cluster-t assumes independent approximately normal block scores; bootstrap descriptive; no simultaneous CI correction,1.0,1.0,False,False,1.0,1.0
test_00638,results/reference_audit/predictions.parquet,catboost_multi,public_ens3_mean,targets_oct_nov,12096,2016,2,1,3,"1,2,3",964.1353077710856,741.1270448155732,223.00826295551235,-30.09042302740513,,,,,,,149.09724048477284,306.0200761262074,,0.5,,exploratory; insufficient time blocks,False,exploratory; cluster-t assumes independent approximately normal block scores; bootstrap descriptive; no simultaneous CI correction,,1.0,False,False,,1.0
test_00639,results/reference_audit/predictions.parquet,catboost_multi,public_ens3_mean,targets_dec,6048,2016,1,1,3,"1,2,3",1118.677702460726,950.3278900016312,168.34981245909455,-17.71491863285266,,,,,,,83.31782976382907,267.864241548947,,,,exploratory; insufficient time blocks,False,exploratory; cluster-t assumes independent approximately normal block scores; bootstrap descriptive; no simultaneous CI correction,,,False,False,,
test_00640,results/reference_audit/predictions.parquet,catboost_multi,public_ens3_mean,targets_jan_may,12096,2016,3,1,3,"1,2,3",1396.2713699189912,1501.6839808275777,-105.41261090858644,7.0196267826266325,,,-285.60347801931647,-14.916960449942447,,,-165.97907609838737,-34.81006556751135,,0.25,,exploratory; insufficient time blocks,False,exploratory; cluster-t assumes independent approximately normal block scores; bootstrap descriptive; no simultaneous CI correction,,1.0,False,False,,1.0
test_00641,results/reference_audit/predictions.parquet,catboost_multi,public_ens3_mean,all_available,54432,2016,10,4,3,"1,2,3",1209.3750007860233,993.7962211158994,215.57877967012396,-21.692453149807516,27.765577137925334,425.30649804858245,40.95175971026629,424.1996573225007,-155.71650240530514,586.8740617455528,136.32882074588565,303.4395091853165,0.375,0.046875,0.125,exploratory; insufficient time blocks,False,exploratory; cluster-t assumes independent approximately normal block scores; bootstrap descriptive; no simultaneous CI correction,1.0,1.0,False,False,1.0,1.0
test_00642,results/reference_audit/predictions.parquet,factor_only,public_ens3_mean,public_origins_jun_sep,24192,2016,6,2,3,"1,2,3",1121.6189677782538,761.9163980544566,359.7025697237972,-47.21024126036569,318.61715098856735,400.7879884590271,286.5993122875147,407.1565963508475,-162.33717240807698,881.7423118556713,294.23399588352265,431.02094285183193,0.5,0.03125,0.5,exploratory; insufficient time blocks,False,exploratory; cluster-t assumes independent approximately normal block scores; bootstrap descriptive; no simultaneous CI correction,1.0,1.0,False,False,1.0,1.0
test_00643,results/reference_audit/predictions.parquet,factor_only,public_ens3_mean,later_origins,6048,2016,2,1,3,"1,2",1314.8235158813986,880.3968905022884,434.4266253791102,-49.34440705841872,,,,,,,348.07165155006635,528.6296341552899,,0.5,,exploratory; insufficient time blocks,False,exploratory; cluster-t assumes independent approximately normal block scores; bootstrap descriptive; no simultaneous CI correction,,1.0,False,False,,1.0
test_00644,results/reference_audit/predictions.parquet,factor_only,public_ens3_mean,targets_jun_sep,24192,2016,4,2,3,"1,2,3",1332.8309566676944,877.0540121887904,455.77694447890406,-51.966804569020745,,,237.74290226888849,720.1453416579036,366.8910900902343,544.6627988675737,375.17221010521325,550.6383789897766,0.5,0.125,0.5,exploratory; insufficient time blocks,False,exploratory; cluster-t assumes independent approximately normal block scores; bootstrap descriptive; no simultaneous CI correction,1.0,1.0,False,False,1.0,1.0
test_00645,results/reference_audit/predictions.parquet,factor_only,public_ens3_mean,targets_oct_nov,12096,2016,2,1,3,"1,2,3",1133.7829178168029,741.1270448155732,392.6558730012297,-52.98091275281159,,,,,,,301.63433181551926,487.01611495097535,,0.5,,exploratory; insufficient time blocks,False,exploratory; cluster-t assumes independent approximately normal block scores; bootstrap descriptive; no simultaneous CI correction,,1.0,False,False,,1.0
test_00646,results/reference_audit/predictions.parquet,factor_only,public_ens3_mean,targets_dec,6048,2016,1,1,3,"1,2,3",1236.6770713554172,950.3278900016312,286.34918135378587,-30.13161924073325,,,,,,,213.99141130385252,358.6976298285564,,,,exploratory; insufficient time blocks,False,exploratory; cluster-t assumes independent approximately normal block scores; bootstrap descriptive; no simultaneous CI correction,,,False,False,,
test_00647,results/reference_audit/predictions.parquet,factor_only,public_ens3_mean,targets_jan_may,18144,2016,4,2,3,"1,2,3",2103.571918753717,1598.510221215085,505.0616975386324,-31.595775293492768,,,145.37078227956235,1224.4435280567718,-2645.0462138710755,3655.16960894834,225.1218933580217,806.147244587511,0.5,0.125,0.5,exploratory; insufficient time blocks,False,exploratory; cluster-t assumes independent approximately normal block scores; bootstrap descriptive; no simultaneous CI correction,1.0,1.0,False,False,1.0,1.0
test_00648,results/reference_audit/predictions.parquet,factor_only,public_ens3_mean,all_available,60480,2016,11,4,3,"1,2,3",1514.6282489920952,1073.6328692033194,440.99537978877584,-41.075063221193375,277.27003126221143,562.8295949966351,290.7698008228892,637.7576315604971,228.6480851630489,653.3426744145027,320.787520209898,572.7494070026253,0.125,0.0009765625,0.125,exploratory; insufficient time blocks,False,exploratory; cluster-t assumes independent approximately normal block scores; bootstrap descriptive; no simultaneous CI correction,1.0,1.0,False,False,1.0,1.0
test_00649,results/reference_audit/predictions.parquet,growth_ridge_fixed_0.3,public_ens3_mean,public_origins_jun_sep,24192,2016,6,2,3,"1,2,3",851.3668647296988,761.9163980544566,89.45046667524218,-11.740194449634206,40.547880514896256,138.35305283558804,29.78086190925134,131.5346296318551,-531.9158052191233,710.8167385696077,62.13772929322175,118.5179898702238,0.5,0.0625,0.5,exploratory; insufficient time blocks,False,exploratory; cluster-t assumes independent approximately normal block scores; bootstrap descriptive; no simultaneous CI correction,1.0,1.0,False,False,1.0,1.0
test_00650,results/reference_audit/predictions.parquet,growth_ridge_fixed_0.3,public_ens3_mean,later_origins,6048,2016,2,1,3,"1,2",947.5802472833432,880.3968905022884,67.18335678105473,-7.631030675576891,,,,,,,14.061942215932769,123.76600016273068,,0.5,,exploratory; insufficient time blocks,False,exploratory; cluster-t assumes independent approximately normal block scores; bootstrap descriptive; no simultaneous CI correction,,1.0,False,False,,1.0
test_00651,results/reference_audit/predictions.parquet,growth_ridge_fixed_0.3,public_ens3_mean,targets_jun_sep,20160,2016,4,2,3,"1,2,3",907.0107305317108,762.8312673832704,144.17946314844028,-18.900570717691885,,,118.03162872325764,159.22794907827443,101.75611370330051,186.60281259358004,84.80131347945247,206.65903883016583,0.5,0.125,0.5,exploratory; insufficient time blocks,False,exploratory; cluster-t assumes independent approximately normal block scores; bootstrap descriptive; no simultaneous CI correction,1.0,1.0,False,False,1.0,1.0
test_00652,results/reference_audit/predictions.parquet,growth_ridge_fixed_0.3,public_ens3_mean,targets_oct_nov,12096,2016,2,1,3,"1,2,3",823.7025466391808,741.1270448155732,82.57550182360762,-11.141882137651075,,,,,,,60.06883382323432,104.84780643655095,,0.5,,exploratory; insufficient time blocks,False,exploratory; cluster-t assumes independent approximately normal block scores; bootstrap descriptive; no simultaneous CI correction,,1.0,False,False,,1.0
test_00653,results/reference_audit/predictions.parquet,growth_ridge_fixed_0.3,public_ens3_mean,targets_dec,6048,2016,1,1,3,"1,2,3",933.4560041652634,950.3278900016312,-16.871885836367937,1.7753752166885235,,,,,,,-48.70103137042224,14.785140234499377,,,,exploratory; insufficient time blocks,False,exploratory; cluster-t assumes independent approximately normal block scores; bootstrap descriptive; no simultaneous CI correction,,,False,False,,
test_00654,results/reference_audit/predictions.parquet,growth_ridge_fixed_0.3,public_ens3_mean,targets_jan_may,4032,2016,2,1,3,1,1183.1862240667235,1277.2423989197184,-94.0561748529949,7.364003491627499,,,,,,,-126.77352760037368,-66.63410299400375,,1.0,,exploratory; insufficient time blocks,False,exploratory; cluster-t assumes independent approximately normal block scores; bootstrap descriptive; no simultaneous CI correction,,1.0,False,False,,1.0
test_00655,results/reference_audit/predictions.parquet,growth_ridge_fixed_0.3,public_ens3_mean,all_available,42336,2016,9,3,3,"1,2,3",913.2887164657824,832.4068290747844,80.88188739099792,-9.716629485235927,57.48012923736007,150.75869604120663,5.643740994181666,136.85955037520642,-100.61442909686728,262.3782038788629,43.77332927945304,120.97646409481348,0.25,0.078125,0.25,exploratory; insufficient time blocks,False,exploratory; cluster-t assumes independent approximately normal block scores; bootstrap descriptive; no simultaneous CI correction,1.0,1.0,False,False,1.0,1.0
test_00656,results/reference_audit/predictions.parquet,growth_space_ridge,public_ens3_mean,public_origins_jun_sep,24192,2016,6,2,3,"1,2,3",876.006972432789,761.9163980544566,114.09057437833236,-14.974159195111316,97.606780322475,150.31549346914178,47.79398096653024,166.58677775312287,-95.355887728573,323.53703648523765,60.169260631746994,167.7271325616571,0.5,0.09375,0.5,exploratory; insufficient time blocks,False,exploratory; cluster-t assumes independent approximately normal block scores; bootstrap descriptive; no simultaneous CI correction,1.0,1.0,False,False,1.0,1.0
test_00657,results/reference_audit/predictions.parquet,growth_space_ridge,public_ens3_mean,later_origins,6048,2016,2,1,3,"1,2",874.6195355525629,880.3968905022884,-5.777354949725577,0.6562216441302344,,,,,,,-56.68582796457102,40.05931727194654,,1.0,,exploratory; insufficient time blocks,False,exploratory; cluster-t assumes independent approximately normal block scores; bootstrap descriptive; no simultaneous CI correction,,1.0,False,False,,1.0
test_00658,results/reference_audit/predictions.parquet,growth_space_ridge,public_ens3_mean,targets_jun_sep,20160,2016,4,2,3,"1,2,3",903.540153899332,762.8312673832704,140.7088865160615,-18.4456107834611,,,27.16534838814725,254.2524246439756,-404.3891403507332,685.806913382856,70.80380381046417,208.92605945299948,0.5,0.25,0.5,exploratory; insufficient time blocks,False,exploratory; cluster-t assumes independent approximately normal block scores; bootstrap descriptive; no simultaneous CI correction,1.0,1.0,False,False,1.0,1.0
test_00659,results/reference_audit/predictions.parquet,growth_space_ridge,public_ens3_mean,targets_oct_nov,12096,2016,2,1,3,"1,2,3",850.5514151348876,741.1270448155732,109.42437031931443,-14.764590104324732,,,,,,,38.01554963067614,173.04986021064187,,0.5,,exploratory; insufficient time blocks,False,exploratory; cluster-t assumes independent approximately normal block scores; bootstrap descriptive; no simultaneous CI correction,,1.0,False,False,,1.0
test_00660,results/reference_audit/predictions.parquet,growth_space_ridge,public_ens3_mean,targets_dec,6048,2016,1,1,3,"1,2,3",920.9153550582272,950.3278900016312,-29.41253494340424,3.0949880828346257,,,,,,,-86.07994419857968,23.072664840302743,,,,exploratory; insufficient time blocks,False,exploratory; cluster-t assumes independent approximately normal block scores; bootstrap descriptive; no simultaneous CI correction,,,False,False,,
test_00661,results/reference_audit/predictions.parquet,growth_space_ridge,public_ens3_mean,targets_jan_may,4032,2016,2,1,3,1,1325.3198285818432,1277.2423989197184,48.077429662124814,-3.764158604724391,,,,,,,-18.94884153320925,116.5307415294624,,1.0,,exploratory; insufficient time blocks,False,exploratory; cluster-t assumes independent approximately normal block scores; bootstrap descriptive; no simultaneous CI correction,,1.0,False,False,,1.0
test_00662,results/reference_audit/predictions.parquet,growth_space_ridge,public_ens3_mean,all_available,42336,2016,9,3,3,"1,2,3",931.0521786733814,832.4068290747844,98.64534959859702,-11.850617528960065,81.01465464151433,166.02496678903302,21.000245594956585,179.94326562080144,-17.815652202988986,215.10635140018303,47.48916776208319,144.94245944088595,0.25,0.0546875,0.25,exploratory; insufficient time blocks,False,exploratory; cluster-t assumes independent approximately normal block scores; bootstrap descriptive; no simultaneous CI correction,1.0,1.0,False,False,1.0,1.0
test_00663,results/reference_audit/predictions.parquet,hierarchical_2,public_ens3_mean,public_origins_jun_sep,24192,2016,6,2,3,"1,2,3",934.7108001988646,761.9163980544566,172.79440214440797,-22.678918918878264,119.15238764962824,226.43641663918763,101.3470638084372,218.73089850514927,-508.792016500921,854.380820789737,128.06970680081974,220.7358577039931,0.5,0.0625,0.5,exploratory; insufficient time blocks,False,exploratory; cluster-t assumes independent approximately normal block scores; bootstrap descriptive; no simultaneous CI correction,1.0,1.0,False,False,1.0,1.0
test_00664,results/reference_audit/predictions.parquet,hierarchical_2,public_ens3_mean,later_origins,6048,2016,2,1,3,"1,2",1096.9103189524037,880.3968905022884,216.51342845011504,-24.59270708311892,,,,,,,110.73282321181034,330.1952578403603,,0.5,,exploratory; insufficient time blocks,False,exploratory; cluster-t assumes independent approximately normal block scores; bootstrap descriptive; no simultaneous CI correction,,1.0,False,False,,1.0
test_00665,results/reference_audit/predictions.parquet,hierarchical_2,public_ens3_mean,targets_jun_sep,24192,2016,4,2,3,"1,2,3",1247.2179819478438,877.0540121887904,370.16396975905343,-42.20537898632562,,,66.99032137766551,780.125779243892,-548.647021742417,1288.9749612605242,262.88491618934523,486.7236402199962,0.5,0.25,0.5,exploratory; insufficient time blocks,False,exploratory; cluster-t assumes independent approximately normal block scores; bootstrap descriptive; no simultaneous CI correction,1.0,1.0,False,False,1.0,1.0
test_00666,results/reference_audit/predictions.parquet,hierarchical_2,public_ens3_mean,targets_oct_nov,12096,2016,2,1,3,"1,2,3",907.5207104025544,741.1270448155732,166.39366558698134,-22.45143619450398,,,,,,,123.321896115058,212.9103074381759,,0.5,,exploratory; insufficient time blocks,False,exploratory; cluster-t assumes independent approximately normal block scores; bootstrap descriptive; no simultaneous CI correction,,1.0,False,False,,1.0
test_00667,results/reference_audit/predictions.parquet,hierarchical_2,public_ens3_mean,targets_dec,6048,2016,1,1,3,"1,2,3",1072.3587625770406,950.3278900016312,122.03087257540926,-12.840922997135207,,,,,,,45.561859699917015,203.5539134825102,,,,exploratory; insufficient time blocks,False,exploratory; cluster-t assumes independent approximately normal block scores; bootstrap descriptive; no simultaneous CI correction,,,False,False,,
test_00668,results/reference_audit/predictions.parquet,hierarchical_2,public_ens3_mean,targets_jan_may,12096,2016,3,1,3,"1,2,3",1336.0347184613977,1501.6839808275777,-165.6492623661802,11.03090027469634,,,-335.140680603838,-65.23671641289309,,,-203.30640754379493,-128.73542312005708,,0.25,,exploratory; insufficient time blocks,False,exploratory; cluster-t assumes independent approximately normal block scores; bootstrap descriptive; no simultaneous CI correction,,1.0,False,False,,1.0
test_00669,results/reference_audit/predictions.parquet,hierarchical_2,public_ens3_mean,all_available,54432,2016,10,4,3,"1,2,3",1172.03794978848,993.7962211158994,178.2417286725805,-17.93544037352437,-27.35778690605752,404.4603031306763,-4.518129166376566,396.009409924355,-229.19233288705036,585.6757902322115,111.1921156316624,251.13165455238848,0.375,0.111328125,0.125,exploratory; insufficient time blocks,False,exploratory; cluster-t assumes independent approximately normal block scores; bootstrap descriptive; no simultaneous CI correction,1.0,1.0,False,False,1.0,1.0
test_00670,results/reference_audit/predictions.parquet,hierarchical_3,public_ens3_mean,public_origins_jun_sep,24192,2016,6,2,3,"1,2,3",935.2400269734536,761.9163980544566,173.32362891899697,-22.74837887221965,119.3147941796039,227.33246365838968,100.653508437119,218.14776871861037,-512.9236828558552,859.5709406938487,129.42781707882875,219.55526500736255,0.5,0.0625,0.5,exploratory; insufficient time blocks,False,exploratory; cluster-t assumes independent approximately normal block scores; bootstrap descriptive; no simultaneous CI correction,1.0,1.0,False,False,1.0,1.0
test_00671,results/reference_audit/predictions.parquet,hierarchical_3,public_ens3_mean,later_origins,6048,2016,2,1,3,"1,2",1106.9630537735873,880.3968905022884,226.5661632712988,-25.7345483287699,,,,,,,117.86392874756768,344.4703329261735,,0.5,,exploratory; insufficient time blocks,False,exploratory; cluster-t assumes independent approximately normal block scores; bootstrap descriptive; no simultaneous CI correction,,1.0,False,False,,1.0
test_00672,results/reference_audit/predictions.parquet,hierarchical_3,public_ens3_mean,targets_jun_sep,24192,2016,4,2,3,"1,2,3",1252.807462988825,877.0540121887904,375.75345080003433,-42.84268079023981,,,74.38810661954832,785.3672961082362,-545.9613639855979,1297.468265585667,269.55904326942687,490.01954600945743,0.5,0.25,0.5,exploratory; insufficient time blocks,False,exploratory; cluster-t assumes independent approximately normal block scores; bootstrap descriptive; no simultaneous CI correction,1.0,1.0,False,False,1.0,1.0
test_00673,results/reference_audit/predictions.parquet,hierarchical_3,public_ens3_mean,targets_oct_nov,12096,2016,2,1,3,"1,2,3",906.9990205641128,741.1270448155732,165.8719757485395,-22.38104477617817,,,,,,,122.6071268921746,211.6210013187913,,0.5,,exploratory; insufficient time blocks,False,exploratory; cluster-t assumes independent approximately normal block scores; bootstrap descriptive; no simultaneous CI correction,,1.0,False,False,,1.0
test_00674,results/reference_audit/predictions.parquet,hierarchical_3,public_ens3_mean,targets_dec,6048,2016,1,1,3,"1,2,3",1083.7796901350591,950.3278900016312,133.4518001334278,-14.042711103974726,,,,,,,51.29820927334198,221.4119240341724,,,,exploratory; insufficient time blocks,False,exploratory; cluster-t assumes independent approximately normal block scores; bootstrap descriptive; no simultaneous CI correction,,,False,False,,
test_00675,results/reference_audit/predictions.parquet,hierarchical_3,public_ens3_mean,targets_jan_may,12096,2016,3,1,3,"1,2,3",1332.5954523393486,1501.6839808275777,-169.08852848822903,11.259927564456296,,,-336.922389781115,-74.4173942314323,,,-207.7055039401112,-130.7446966478978,,0.25,,exploratory; insufficient time blocks,False,exploratory; cluster-t assumes independent approximately normal block scores; bootstrap descriptive; no simultaneous CI correction,,1.0,False,False,,1.0
test_00676,results/reference_audit/predictions.parquet,hierarchical_3,public_ens3_mean,all_available,54432,2016,10,4,3,"1,2,3",1174.910943099698,993.7962211158994,181.11472198379863,-18.22453317244769,-26.67750697037633,406.8282429173266,-3.2752266023544943,399.3145423712149,-232.1934267819808,594.4228707495779,114.53839217618751,253.46280398326917,0.375,0.111328125,0.125,exploratory; insufficient time blocks,False,exploratory; cluster-t assumes independent approximately normal block scores; bootstrap descriptive; no simultaneous CI correction,1.0,1.0,False,False,1.0,1.0
test_00677,results/reference_audit/predictions.parquet,hierarchical_5,public_ens3_mean,public_origins_jun_sep,24192,2016,6,2,3,"1,2,3",939.4954790069922,761.9163980544566,177.5790809525356,-23.306898421661668,122.78071994070058,232.3774419643709,112.43411112731204,226.3645124481433,-518.7001132847602,873.8582751898316,134.79030314631822,221.9486998364522,0.5,0.0625,0.5,exploratory; insufficient time blocks,False,exploratory; cluster-t assumes independent approximately normal block scores; bootstrap descriptive; no simultaneous CI correction,1.0,1.0,False,False,1.0,1.0
test_00678,results/reference_audit/predictions.parquet,hierarchical_5,public_ens3_mean,later_origins,6048,2016,2,1,3,"1,2",1120.7402221642214,880.3968905022884,240.343331661933,-27.29942986563834,,,,,,,127.17252776388666,363.8240328809045,,0.5,,exploratory; insufficient time blocks,False,exploratory; cluster-t assumes independent approximately normal block scores; bootstrap descriptive; no simultaneous CI correction,,1.0,False,False,,1.0
test_00679,results/reference_audit/predictions.parquet,hierarchical_5,public_ens3_mean,targets_jun_sep,24192,2016,4,2,3,"1,2,3",1260.8023397914608,877.0540121887904,383.7483276026704,-43.754241160699074,,,84.91610595971348,791.5065407177012,-526.5969320769798,1294.0935872823209,277.3545116392499,498.7909441491667,0.5,0.125,0.5,exploratory; insufficient time blocks,False,exploratory; cluster-t assumes independent approximately normal block scores; bootstrap descriptive; no simultaneous CI correction,1.0,1.0,False,False,1.0,1.0
test_00680,results/reference_audit/predictions.parquet,hierarchical_5,public_ens3_mean,targets_oct_nov,12096,2016,2,1,3,"1,2,3",908.8809382888504,741.1270448155732,167.75389347327723,-22.634971243698462,,,,,,,125.46747909940476,211.36008107887832,,0.5,,exploratory; insufficient time blocks,False,exploratory; cluster-t assumes independent approximately normal block scores; bootstrap descriptive; no simultaneous CI correction,,1.0,False,False,,1.0
test_00681,results/reference_audit/predictions.parquet,hierarchical_5,public_ens3_mean,targets_dec,6048,2016,1,1,3,"1,2,3",1100.7248745984114,950.3278900016312,150.39698459678004,-15.825799303493223,,,,,,,60.90250013305932,247.62794853754525,,,,exploratory; insufficient time blocks,False,exploratory; cluster-t assumes independent approximately normal block scores; bootstrap descriptive; no simultaneous CI correction,,,False,False,,
test_00682,results/reference_audit/predictions.parquet,hierarchical_5,public_ens3_mean,targets_jan_may,12096,2016,3,1,3,"1,2,3",1329.501859773259,1501.6839808275777,-172.1821210543187,11.465935792924231,,,-341.7240171830233,-82.23890681864906,,,-209.8856399768756,-133.33130879584854,,0.25,,exploratory; insufficient time blocks,False,exploratory; cluster-t assumes independent approximately normal block scores; bootstrap descriptive; no simultaneous CI correction,,1.0,False,False,,1.0
test_00683,results/reference_audit/predictions.parquet,hierarchical_5,public_ens3_mean,all_available,54432,2016,10,4,3,"1,2,3",1180.077758876497,993.7962211158994,186.28153776059764,-18.744440137982064,-24.08310459631524,412.4066178966857,-0.920209138275836,405.508161129852,-233.4639114901261,606.0269870113216,119.54039122647204,258.3698095874412,0.375,0.10546875,0.125,exploratory; insufficient time blocks,False,exploratory; cluster-t assumes independent approximately normal block scores; bootstrap descriptive; no simultaneous CI correction,1.0,1.0,False,False,1.0,1.0
test_00684,results/reference_audit/predictions.parquet,joint_ridge,public_ens3_mean,public_origins_jun_sep,24192,2016,6,2,3,"1,2,3",934.5186734095818,761.9163980544566,172.60227535512513,-22.65370266289881,117.961365608076,227.24318510217435,99.24919635763996,218.796848835467,-521.6763108757898,866.88086158604,127.81881312169256,220.8019586704918,0.5,0.0625,0.5,exploratory; insufficient time blocks,False,exploratory; cluster-t assumes independent approximately normal block scores; bootstrap descriptive; no simultaneous CI correction,1.0,1.0,False,False,1.0,1.0
test_00685,results/reference_audit/predictions.parquet,joint_ridge,public_ens3_mean,later_origins,6048,2016,2,1,3,"1,2",1091.1918761476531,880.3968905022884,210.7949856453647,-23.94317698295151,,,,,,,114.86232596151297,313.18054418445223,,0.5,,exploratory; insufficient time blocks,False,exploratory; cluster-t assumes independent approximately normal block scores; bootstrap descriptive; no simultaneous CI correction,,1.0,False,False,,1.0
test_00686,results/reference_audit/predictions.parquet,joint_ridge,public_ens3_mean,targets_jun_sep,24192,2016,4,2,3,"1,2,3",1238.841094924767,877.0540121887904,361.7870827359767,-41.250262550318304,,,58.02065360228826,766.2979114016662,-530.9592256595291,1254.5333911314829,249.78837198499636,483.84900725974,0.5,0.25,0.5,exploratory; insufficient time blocks,False,exploratory; cluster-t assumes independent approximately normal block scores; bootstrap descriptive; no simultaneous CI correction,1.0,1.0,False,False,1.0,1.0
test_00687,results/reference_audit/predictions.parquet,joint_ridge,public_ens3_mean,targets_oct_nov,12096,2016,2,1,3,"1,2,3",908.979732145429,741.1270448155732,167.85268732985585,-22.6483014624875,,,,,,,126.98450464249468,211.2761505873981,,0.5,,exploratory; insufficient time blocks,False,exploratory; cluster-t assumes independent approximately normal block scores; bootstrap descriptive; no simultaneous CI correction,,1.0,False,False,,1.0
test_00688,results/reference_audit/predictions.parquet,joint_ridge,public_ens3_mean,targets_dec,6048,2016,1,1,3,"1,2,3",1061.3402322034367,950.3278900016312,111.01234220180538,-11.68147787408563,,,,,,,46.3431562928382,178.31280784550722,,,,exploratory; insufficient time blocks,False,exploratory; cluster-t assumes independent approximately normal block scores; bootstrap descriptive; no simultaneous CI correction,,,False,False,,
test_00689,results/reference_audit/predictions.parquet,joint_ridge,public_ens3_mean,targets_jan_may,12096,2016,3,1,3,"1,2,3",1322.9194778315582,1501.6839808275777,-178.76450299601947,11.904269159047857,,,-361.1132595221484,-69.99089269912837,,,-212.70300014053248,-146.40739105847035,,0.25,,exploratory; insufficient time blocks,False,exploratory; cluster-t assumes independent approximately normal block scores; bootstrap descriptive; no simultaneous CI correction,,1.0,False,False,,1.0
test_00690,results/reference_audit/predictions.parquet,joint_ridge,public_ens3_mean,all_available,54432,2016,10,4,3,"1,2,3",1164.5003368729424,993.7962211158994,170.70411575704304,-17.17697372257718,-36.282412629031406,396.8008657436276,-13.88664013477499,386.969526194328,-238.3293862312009,579.7376177452867,104.92359502352318,242.3102668916009,0.375,0.140625,0.125,exploratory; insufficient time blocks,False,exploratory; cluster-t assumes independent approximately normal block scores; bootstrap descriptive; no simultaneous CI correction,1.0,1.0,False,False,1.0,1.0
test_00691,results/reference_audit/predictions.parquet,multi_fixed_a30_q0,public_ens3_mean,public_origins_jun_sep,24192,2016,6,2,3,"1,2,3",952.6272544298486,761.9163980544566,190.71085637539196,-25.030417623556804,139.3298271536079,242.0918855971761,121.09068225968346,232.62325189402472,-462.1470204851976,843.5687332359817,142.59998130638832,243.8323354743981,0.5,0.0625,0.5,exploratory; insufficient time blocks,False,exploratory; cluster-t assumes independent approximately normal block scores; bootstrap descriptive; no simultaneous CI correction,1.0,1.0,False,False,1.0,1.0
test_00692,results/reference_audit/predictions.parquet,multi_fixed_a30_q0,public_ens3_mean,later_origins,6048,2016,2,1,3,"1,2",1121.3056752605382,880.3968905022884,240.9087847582498,-27.3636569321372,,,,,,,160.91177202085444,323.57142290478873,,0.5,,exploratory; insufficient time blocks,False,exploratory; cluster-t assumes independent approximately normal block scores; bootstrap descriptive; no simultaneous CI correction,,1.0,False,False,,1.0
test_00693,results/reference_audit/predictions.parquet,multi_fixed_a30_q0,public_ens3_mean,targets_jun_sep,24192,2016,4,2,3,"1,2,3",1264.254548397703,877.0540121887904,387.2005362089127,-44.14785530056566,,,112.94162787841653,776.5198110793117,-634.0040227097601,1408.4050951275854,303.1636298848345,476.5637496293678,0.5,0.125,0.5,exploratory; insufficient time blocks,False,exploratory; cluster-t assumes independent approximately normal block scores; bootstrap descriptive; no simultaneous CI correction,1.0,1.0,False,False,1.0,1.0
test_00694,results/reference_audit/predictions.parquet,multi_fixed_a30_q0,public_ens3_mean,targets_oct_nov,12096,2016,2,1,3,"1,2,3",927.0075686128956,741.1270448155732,185.88052379732235,-25.080790816853543,,,,,,,131.06004593282267,247.71306549365528,,0.5,,exploratory; insufficient time blocks,False,exploratory; cluster-t assumes independent approximately normal block scores; bootstrap descriptive; no simultaneous CI correction,,1.0,False,False,,1.0
test_00695,results/reference_audit/predictions.parquet,multi_fixed_a30_q0,public_ens3_mean,targets_dec,6048,2016,1,1,3,"1,2,3",1098.1352814724523,950.3278900016312,147.80739147082102,-15.553304604221108,,,,,,,87.54661565981559,209.36358675749048,,,,exploratory; insufficient time blocks,False,exploratory; cluster-t assumes independent approximately normal block scores; bootstrap descriptive; no simultaneous CI correction,,,False,False,,
test_00696,results/reference_audit/predictions.parquet,multi_fixed_a30_q0,public_ens3_mean,targets_jan_may,12096,2016,3,1,3,"1,2,3",1398.6361958014054,1501.6839808275777,-103.04778502617228,6.8621485173853065,,,-302.0428799616568,7.280924850618693,,,-162.85480993004683,-39.627431339903374,,0.5,,exploratory; insufficient time blocks,False,exploratory; cluster-t assumes independent approximately normal block scores; bootstrap descriptive; no simultaneous CI correction,,1.0,False,False,,1.0
test_00697,results/reference_audit/predictions.parquet,multi_fixed_a30_q0,public_ens3_mean,all_available,54432,2016,10,4,3,"1,2,3",1200.7156670990964,993.7962211158994,206.91944598319708,-20.82111418685557,19.00323006925777,419.3487529298538,35.32690264423561,414.4962911680536,-176.2252927989604,590.0641847653542,146.7903089527387,271.2498920345151,0.375,0.052734375,0.125,exploratory; insufficient time blocks,False,exploratory; cluster-t assumes independent approximately normal block scores; bootstrap descriptive; no simultaneous CI correction,1.0,1.0,False,False,1.0,1.0
test_00698,results/reference_audit/predictions.parquet,multi_fixed_a30_q0.5,public_ens3_mean,public_origins_jun_sep,24192,2016,6,2,3,"1,2,3",953.0441681061242,761.9163980544566,191.12777005166757,-25.08513670787369,136.13643292280406,246.11910718053068,124.52820017504776,236.11487660139767,-507.6034182378301,889.8589583411649,144.2961995574407,242.32070603809555,0.5,0.0625,0.5,exploratory; insufficient time blocks,False,exploratory; cluster-t assumes independent approximately normal block scores; bootstrap descriptive; no simultaneous CI correction,1.0,1.0,False,False,1.0,1.0
test_00699,results/reference_audit/predictions.parquet,multi_fixed_a30_q0.5,public_ens3_mean,later_origins,6048,2016,2,1,3,"1,2",1131.5799372350964,880.3968905022884,251.18304673280795,-28.5306603694956,,,,,,,161.95823995762532,344.71861993272336,,0.5,,exploratory; insufficient time blocks,False,exploratory; cluster-t assumes independent approximately normal block scores; bootstrap descriptive; no simultaneous CI correction,,1.0,False,False,,1.0
test_00700,results/reference_audit/predictions.parquet,multi_fixed_a30_q0.5,public_ens3_mean,targets_jun_sep,24192,2016,4,2,3,"1,2,3",1272.388999413557,877.0540121887904,395.3349872247667,-45.07532965252188,,,120.49117620436952,788.1790311825113,-658.7866332748838,1449.4566077244174,306.55437033083376,489.67888360915794,0.5,0.125,0.5,exploratory; insufficient time blocks,False,exploratory; cluster-t assumes independent approximately normal block scores; bootstrap descriptive; no simultaneous CI correction,1.0,1.0,False,False,1.0,1.0
test_00701,results/reference_audit/predictions.parquet,multi_fixed_a30_q0.5,public_ens3_mean,targets_oct_nov,12096,2016,2,1,3,"1,2,3",924.7578261370586,741.1270448155732,183.6307813214854,-24.777233890740188,,,,,,,132.03476117747184,241.53828269612723,,0.5,,exploratory; insufficient time blocks,False,exploratory; cluster-t assumes independent approximately normal block scores; bootstrap descriptive; no simultaneous CI correction,,1.0,False,False,,1.0
test_00702,results/reference_audit/predictions.parquet,multi_fixed_a30_q0.5,public_ens3_mean,targets_dec,6048,2016,1,1,3,"1,2,3",1106.5222399370766,950.3278900016312,156.1943499354453,-16.435837733350873,,,,,,,89.46091767295641,225.2638551546749,,,,exploratory; insufficient time blocks,False,exploratory; cluster-t assumes independent approximately normal block scores; bootstrap descriptive; no simultaneous CI correction,,,False,False,,
test_00703,results/reference_audit/predictions.parquet,multi_fixed_a30_q0.5,public_ens3_mean,targets_jan_may,12096,2016,3,1,3,"1,2,3",1390.9249098102466,1501.6839808275777,-110.75907101733104,7.375657756986376,,,-319.33586667795345,4.084092654698959,,,-167.21403524268027,-50.53482045865562,,0.5,,exploratory; insufficient time blocks,False,exploratory; cluster-t assumes independent approximately normal block scores; bootstrap descriptive; no simultaneous CI correction,,1.0,False,False,,1.0
test_00704,results/reference_audit/predictions.parquet,multi_fixed_a30_q0.5,public_ens3_mean,all_available,54432,2016,10,4,3,"1,2,3",1203.0493010539908,993.7962211158994,209.25307993809145,-21.055934354744117,15.385687753454777,428.5194555177167,33.83098950614456,419.9632578735958,-186.1594863845155,604.6656462606982,148.0455904189124,274.6929151951415,0.375,0.052734375,0.125,exploratory; insufficient time blocks,False,exploratory; cluster-t assumes independent approximately normal block scores; bootstrap descriptive; no simultaneous CI correction,1.0,1.0,False,False,1.0,1.0
test_00705,results/reference_audit/predictions.parquet,multi_fixed_a30_q1,public_ens3_mean,public_origins_jun_sep,24192,2016,6,2,3,"1,2,3",953.7603856808598,761.9163980544566,191.8439876264032,-25.17913882891538,134.21090296731316,249.4770722854932,127.86244437904284,239.27716943534813,-540.4537856441182,924.1417608969246,146.19110462433207,241.34455559904583,0.5,0.0625,0.5,exploratory; insufficient time blocks,False,exploratory; cluster-t assumes independent approximately normal block scores; bootstrap descriptive; no simultaneous CI correction,1.0,1.0,False,False,1.0,1.0
test_00706,results/reference_audit/predictions.parquet,multi_fixed_a30_q1,public_ens3_mean,later_origins,6048,2016,2,1,3,"1,2",1140.7044661790153,880.3968905022884,260.30757567672686,-29.56707122491253,,,,,,,161.0329382657355,364.2822180480064,,0.5,,exploratory; insufficient time blocks,False,exploratory; cluster-t assumes independent approximately normal block scores; bootstrap descriptive; no simultaneous CI correction,,1.0,False,False,,1.0
test_00707,results/reference_audit/predictions.parquet,multi_fixed_a30_q1,public_ens3_mean,targets_jun_sep,24192,2016,4,2,3,"1,2,3",1280.0060793364669,877.0540121887904,402.9520671476763,-45.94381435438195,,,128.34454449093218,798.4717073920813,-682.7897074556116,1488.693841750964,309.8912530901143,502.2258334592005,0.5,0.125,0.5,exploratory; insufficient time blocks,False,exploratory; cluster-t assumes independent approximately normal block scores; bootstrap descriptive; no simultaneous CI correction,1.0,1.0,False,False,1.0,1.0
test_00708,results/reference_audit/predictions.parquet,multi_fixed_a30_q1,public_ens3_mean,targets_oct_nov,12096,2016,2,1,3,"1,2,3",922.957489130554,741.1270448155732,181.83044431498087,-24.534315079573,,,,,,,132.88341818794754,236.3007862898827,,0.5,,exploratory; insufficient time blocks,False,exploratory; cluster-t assumes independent approximately normal block scores; bootstrap descriptive; no simultaneous CI correction,,1.0,False,False,,1.0
test_00709,results/reference_audit/predictions.parquet,multi_fixed_a30_q1,public_ens3_mean,targets_dec,6048,2016,1,1,3,"1,2,3",1115.3963829830232,950.3278900016312,165.06849298139184,-17.36963575604505,,,,,,,90.36984815351296,243.08927321552196,,,,exploratory; insufficient time blocks,False,exploratory; cluster-t assumes independent approximately normal block scores; bootstrap descriptive; no simultaneous CI correction,,,False,False,,
test_00710,results/reference_audit/predictions.parquet,multi_fixed_a30_q1,public_ens3_mean,targets_jan_may,12096,2016,3,1,3,"1,2,3",1385.1463056405469,1501.6839808275777,-116.5376751870308,7.760466028465384,,,-334.5818035263569,5.536956360764125,,,-169.7894930661715,-58.48845742632165,,0.5,,exploratory; insufficient time blocks,False,exploratory; cluster-t assumes independent approximately normal block scores; bootstrap descriptive; no simultaneous CI correction,,1.0,False,False,,1.0
test_00711,results/reference_audit/predictions.parquet,multi_fixed_a30_q1,public_ens3_mean,all_available,54432,2016,10,4,3,"1,2,3",1205.7364766523435,993.7962211158994,211.94025553644417,-21.32632938556194,12.718901878299892,437.0630455775209,32.4985357750424,426.178665744407,-194.08215958810632,617.9626706609947,149.8673143387067,278.8602505027061,0.375,0.056640625,0.125,exploratory; insufficient time blocks,False,exploratory; cluster-t assumes independent approximately normal block scores; bootstrap descriptive; no simultaneous CI correction,1.0,1.0,False,False,1.0,1.0
test_00712,results/reference_audit/predictions.parquet,multi_fixed_a30_q1.5,public_ens3_mean,public_origins_jun_sep,24192,2016,6,2,3,"1,2,3",955.005871105261,761.9163980544566,193.0894730508044,-25.342606294319925,133.91776581355683,252.2611802880518,129.92040218370727,243.2855761001684,-558.7583537098833,944.9372998114918,147.75356404378783,241.3469282283314,0.5,0.0625,0.5,exploratory; insufficient time blocks,False,exploratory; cluster-t assumes independent approximately normal block scores; bootstrap descriptive; no simultaneous CI correction,1.0,1.0,False,False,1.0,1.0
test_00713,results/reference_audit/predictions.parquet,multi_fixed_a30_q1.5,public_ens3_mean,later_origins,6048,2016,2,1,3,"1,2",1149.1801234071102,880.3968905022884,268.7832329048217,-30.52977989864028,,,,,,,160.10786881494045,383.4437978129741,,0.5,,exploratory; insufficient time blocks,False,exploratory; cluster-t assumes independent approximately normal block scores; bootstrap descriptive; no simultaneous CI correction,,1.0,False,False,,1.0
test_00714,results/reference_audit/predictions.parquet,multi_fixed_a30_q1.5,public_ens3_mean,targets_jun_sep,24192,2016,4,2,3,"1,2,3",1287.3010129187087,877.0540121887904,410.2470007299184,-46.77556855433558,,,136.69174756164418,807.6050315752786,-706.6630563322539,1527.1570577920909,313.16668752094006,513.9589885725487,0.5,0.125,0.5,exploratory; insufficient time blocks,False,exploratory; cluster-t assumes independent approximately normal block scores; bootstrap descriptive; no simultaneous CI correction,1.0,1.0,False,False,1.0,1.0
test_00715,results/reference_audit/predictions.parquet,multi_fixed_a30_q1.5,public_ens3_mean,targets_oct_nov,12096,2016,2,1,3,"1,2,3",922.0358326618062,741.1270448155732,180.90878784623305,-24.409956310695904,,,,,,,134.16365530633212,232.0656764735547,,0.5,,exploratory; insufficient time blocks,False,exploratory; cluster-t assumes independent approximately normal block scores; bootstrap descriptive; no simultaneous CI correction,,1.0,False,False,,1.0
test_00716,results/reference_audit/predictions.parquet,multi_fixed_a30_q1.5,public_ens3_mean,targets_dec,6048,2016,1,1,3,"1,2,3",1125.1290788411009,950.3278900016312,174.80118883946955,-18.3937765773842,,,,,,,91.18146129290028,263.0453362482527,,,,exploratory; insufficient time blocks,False,exploratory; cluster-t assumes independent approximately normal block scores; bootstrap descriptive; no simultaneous CI correction,,,False,False,,
test_00717,results/reference_audit/predictions.parquet,multi_fixed_a30_q1.5,public_ens3_mean,targets_jan_may,12096,2016,3,1,3,"1,2,3",1380.9618432026316,1501.6839808275777,-120.72213762494609,8.039117361990913,,,-348.1768987824809,10.470182247444138,,,-171.38734873412037,-64.04180088530231,,0.5,,exploratory; insufficient time blocks,False,exploratory; cluster-t assumes independent approximately normal block scores; bootstrap descriptive; no simultaneous CI correction,,1.0,False,False,,1.0
test_00718,results/reference_audit/predictions.parquet,multi_fixed_a30_q1.5,public_ens3_mean,all_available,54432,2016,10,4,3,"1,2,3",1208.9253869160902,993.7962211158994,215.1291658001909,-21.64721109108564,12.330436098864991,443.2820644752937,33.123086505360895,431.7633293480744,-200.1799989283501,630.4383305287315,151.79265045539395,283.32052930888875,0.375,0.0546875,0.125,exploratory; insufficient time blocks,False,exploratory; cluster-t assumes independent approximately normal block scores; bootstrap descriptive; no simultaneous CI correction,1.0,1.0,False,False,1.0,1.0
test_00719,results/reference_audit/predictions.parquet,multivariate_ridge,public_ens3_mean,public_origins_jun_sep,24192,2016,6,2,3,"1,2,3",935.3134304040984,761.9163980544566,173.3970323496418,-22.75801292535622,123.41295499213832,223.38110970714536,99.34082675726864,217.48042998624535,-461.7108881164577,808.5049528157415,127.21475813571185,223.34856044298976,0.5,0.0625,0.5,exploratory; insufficient time blocks,False,exploratory; cluster-t assumes independent approximately normal block scores; bootstrap descriptive; no simultaneous CI correction,1.0,1.0,False,False,1.0,1.0
test_00720,results/reference_audit/predictions.parquet,multivariate_ridge,public_ens3_mean,later_origins,6048,2016,2,1,3,"1,2",1087.646488743811,880.3968905022884,207.24959824152256,-23.54047367469477,,,,,,,126.14306881443764,293.1128973617636,,0.5,,exploratory; insufficient time blocks,False,exploratory; cluster-t assumes independent approximately normal block scores; bootstrap descriptive; no simultaneous CI correction,,1.0,False,False,,1.0
test_00721,results/reference_audit/predictions.parquet,multivariate_ridge,public_ens3_mean,targets_jun_sep,24192,2016,4,2,3,"1,2,3",1227.318246765129,877.0540121887904,350.2642345763387,-39.93644971787012,,,43.92227707662065,754.1966805414596,-493.5972643643842,1194.125733517062,249.2750461170703,458.9834101836601,0.5,0.25,0.5,exploratory; insufficient time blocks,False,exploratory; cluster-t assumes independent approximately normal block scores; bootstrap descriptive; no simultaneous CI correction,1.0,1.0,False,False,1.0,1.0
test_00722,results/reference_audit/predictions.parquet,multivariate_ridge,public_ens3_mean,targets_oct_nov,12096,2016,2,1,3,"1,2,3",913.6726159029388,741.1270448155732,172.54557108736572,-23.281510544565684,,,,,,,126.48262422015333,222.05290639226325,,0.5,,exploratory; insufficient time blocks,False,exploratory; cluster-t assumes independent approximately normal block scores; bootstrap descriptive; no simultaneous CI correction,,1.0,False,False,,1.0
test_00723,results/reference_audit/predictions.parquet,multivariate_ridge,public_ens3_mean,targets_dec,6048,2016,1,1,3,"1,2,3",1059.3122560526992,950.3278900016312,108.98436605106792,-11.468080353916672,,,,,,,53.5978481657916,166.45710154016248,,,,exploratory; insufficient time blocks,False,exploratory; cluster-t assumes independent approximately normal block scores; bootstrap descriptive; no simultaneous CI correction,,,False,False,,
test_00724,results/reference_audit/predictions.parquet,multivariate_ridge,public_ens3_mean,targets_jan_may,12096,2016,3,1,3,"1,2,3",1335.9308295452404,1501.6839808275777,-165.75315128233729,11.037818435739773,,,-336.36228887022145,-58.935743460458426,,,-203.48888344690823,-129.276077931242,,0.25,,exploratory; insufficient time blocks,False,exploratory; cluster-t assumes independent approximately normal block scores; bootstrap descriptive; no simultaneous CI correction,,1.0,False,False,,1.0
test_00725,results/reference_audit/predictions.parquet,multivariate_ridge,public_ens3_mean,all_available,54432,2016,10,4,3,"1,2,3",1163.0880148899528,993.7962211158994,169.29179377405342,-17.034859881431377,-29.648163516792728,389.1994961173377,-10.986709849984887,381.6497505919263,-220.69570447320848,559.2792920213152,107.35549926640252,236.4303772352196,0.375,0.126953125,0.125,exploratory; insufficient time blocks,False,exploratory; cluster-t assumes independent approximately normal block scores; bootstrap descriptive; no simultaneous CI correction,1.0,1.0,False,False,1.0,1.0
test_00726,results/reference_audit/predictions.parquet,multivariate_ridge_public_factor_mean1,public_ens3_mean,public_origins_jun_sep,24192,2016,6,2,3,"1,2,3",858.8318277975767,761.9163980544566,96.91542974312006,-12.71995588893904,73.42563173607584,120.4052277501642,72.9461227276129,126.44103909413896,-201.5507529518179,395.3816124380579,58.16032921524656,137.4882206902607,0.5,0.03125,0.5,exploratory; insufficient time blocks,False,exploratory; cluster-t assumes independent approximately normal block scores; bootstrap descriptive; no simultaneous CI correction,1.0,1.0,False,False,1.0,1.0
test_00727,results/reference_audit/predictions.parquet,multivariate_ridge_public_factor_mean1,public_ens3_mean,later_origins,6048,2016,2,1,3,"1,2",1036.7118169713665,880.3968905022884,156.31492646907805,-17.755052085644746,,,,,,,79.67793502461272,237.67720052802312,,0.5,,exploratory; insufficient time blocks,False,exploratory; cluster-t assumes independent approximately normal block scores; bootstrap descriptive; no simultaneous CI correction,,1.0,False,False,,1.0
test_00728,results/reference_audit/predictions.parquet,multivariate_ridge_public_factor_mean1,public_ens3_mean,targets_jun_sep,24192,2016,4,2,3,"1,2,3",971.3954500361992,877.0540121887904,94.34143784740888,-10.756628045286384,,,2.1681513227068554,171.42126125165368,9.30320460595189,179.379671088866,51.10231146571156,139.29138877783004,0.5,0.25,0.5,exploratory; insufficient time blocks,False,exploratory; cluster-t assumes independent approximately normal block scores; bootstrap descriptive; no simultaneous CI correction,1.0,1.0,False,False,1.0,1.0
test_00729,results/reference_audit/predictions.parquet,multivariate_ridge_public_factor_mean1,public_ens3_mean,targets_oct_nov,12096,2016,2,1,3,"1,2,3",835.653750066797,741.1270448155732,94.5267052512238,-12.754453627413694,,,,,,,53.94881610353033,140.06164073311234,,0.5,,exploratory; insufficient time blocks,False,exploratory; cluster-t assumes independent approximately normal block scores; bootstrap descriptive; no simultaneous CI correction,,1.0,False,False,,1.0
test_00730,results/reference_audit/predictions.parquet,multivariate_ridge_public_factor_mean1,public_ens3_mean,targets_dec,6048,2016,1,1,3,"1,2,3",1064.4406694404138,950.3278900016312,114.11277943878248,-12.007727084447303,,,,,,,54.89156250830072,176.7999030789339,,,,exploratory; insufficient time blocks,False,exploratory; cluster-t assumes independent approximately normal block scores; bootstrap descriptive; no simultaneous CI correction,,,False,False,,
test_00731,results/reference_audit/predictions.parquet,multivariate_ridge_public_factor_mean1,public_ens3_mean,targets_jan_may,12096,2016,3,1,3,"1,2,3",1423.7448483800028,1501.6839808275777,-77.93913244757482,5.190115459886745,,,-144.9870995722057,-14.054923077577117,,,-121.74985811388552,-34.03741940444785,,0.25,,exploratory; insufficient time blocks,False,exploratory; cluster-t assumes independent approximately normal block scores; bootstrap descriptive; no simultaneous CI correction,,1.0,False,False,,1.0
test_00732,results/reference_audit/predictions.parquet,multivariate_ridge_public_factor_mean1,public_ens3_mean,all_available,54432,2016,10,4,3,"1,2,3",1052.0910740532013,993.7962211158994,58.294852937301926,-5.865875890717783,-19.292101172973275,115.74722428584911,-2.528497177021476,110.7799281539054,-71.59035637968059,188.18006225428417,18.650683952869876,99.4135436582135,0.375,0.109375,0.125,exploratory; insufficient time blocks,False,exploratory; cluster-t assumes independent approximately normal block scores; bootstrap descriptive; no simultaneous CI correction,1.0,1.0,False,False,1.0,1.0
test_00733,results/reference_audit/predictions.parquet,multivariate_ridge_public_factor_mean3,public_ens3_mean,public_origins_jun_sep,24192,2016,6,2,3,"1,2,3",872.970158170039,761.9163980544566,111.05376011558236,-14.575583410352715,79.98411663499753,142.12340359616678,71.45306454947183,141.81088712509955,-283.72349103667875,505.8310112678431,68.92704922838531,156.50090865167587,0.5,0.03125,0.5,exploratory; insufficient time blocks,False,exploratory; cluster-t assumes independent approximately normal block scores; bootstrap descriptive; no simultaneous CI correction,1.0,1.0,False,False,1.0,1.0
test_00734,results/reference_audit/predictions.parquet,multivariate_ridge_public_factor_mean3,public_ens3_mean,later_origins,6048,2016,2,1,3,"1,2",992.726445523832,880.3968905022884,112.32955502154356,-12.758967714828792,,,,,,,34.36372567445314,194.85254788642976,,0.5,,exploratory; insufficient time blocks,False,exploratory; cluster-t assumes independent approximately normal block scores; bootstrap descriptive; no simultaneous CI correction,,1.0,False,False,,1.0
test_00735,results/reference_audit/predictions.parquet,multivariate_ridge_public_factor_mean3,public_ens3_mean,targets_jun_sep,24192,2016,4,2,3,"1,2,3",1058.8934320495289,877.0540121887904,181.8394198607383,-20.73297850914984,,,90.16275013936756,332.8173974144201,-95.38504806304954,459.0638877845264,138.4176850626341,229.8527164129971,0.5,0.125,0.5,exploratory; insufficient time blocks,False,exploratory; cluster-t assumes independent approximately normal block scores; bootstrap descriptive; no simultaneous CI correction,1.0,1.0,False,False,1.0,1.0
test_00736,results/reference_audit/predictions.parquet,multivariate_ridge_public_factor_mean3,public_ens3_mean,targets_oct_nov,12096,2016,2,1,3,"1,2,3",808.4611183495446,741.1270448155732,67.33407353397138,-9.085361815493757,,,,,,,27.80357244208316,117.52223627229652,,0.5,,exploratory; insufficient time blocks,False,exploratory; cluster-t assumes independent approximately normal block scores; bootstrap descriptive; no simultaneous CI correction,,1.0,False,False,,1.0
test_00737,results/reference_audit/predictions.parquet,multivariate_ridge_public_factor_mean3,public_ens3_mean,targets_dec,6048,2016,1,1,3,"1,2,3",1087.957531225227,950.3278900016312,137.62964122359574,-14.48233211627194,,,,,,,65.14192722114912,214.2308094538194,,,,exploratory; insufficient time blocks,False,exploratory; cluster-t assumes independent approximately normal block scores; bootstrap descriptive; no simultaneous CI correction,,,False,False,,
test_00738,results/reference_audit/predictions.parquet,multivariate_ridge_public_factor_mean3,public_ens3_mean,targets_jan_may,12096,2016,3,1,3,"1,2,3",1922.085904793337,1501.6839808275777,420.40192396575935,-27.995365824843915,,,228.7398825564837,483.1918582054609,,,320.08002871525537,522.061273874386,,0.25,,exploratory; insufficient time blocks,False,exploratory; cluster-t assumes independent approximately normal block scores; bootstrap descriptive; no simultaneous CI correction,,1.0,False,False,,1.0
test_00739,results/reference_audit/predictions.parquet,multivariate_ridge_public_factor_mean3,public_ens3_mean,all_available,54432,2016,10,4,3,"1,2,3",1198.291700634345,993.7962211158994,204.49547951844568,-20.577204377857747,93.4287745675054,377.15463824136833,114.0380807182056,312.31671520684284,-21.93848861997941,430.9294476568708,154.17787077154432,256.44817739864965,0.125,0.001953125,0.125,exploratory; insufficient time blocks,False,exploratory; cluster-t assumes independent approximately normal block scores; bootstrap descriptive; no simultaneous CI correction,1.0,1.0,False,False,1.0,1.0
test_00740,results/reference_audit/predictions.parquet,municipality_bias,public_ens3_mean,public_origins_jun_sep,24192,2016,6,2,3,"1,2,3",942.676881039206,761.9163980544566,180.76048298474927,-23.724451061339376,135.9891698125226,225.53179615697576,120.49107799521562,220.49245118223436,-388.112988500481,749.6339544699794,137.26306329394023,226.31952542593856,0.5,0.0625,0.5,exploratory; insufficient time blocks,False,exploratory; cluster-t assumes independent approximately normal block scores; bootstrap descriptive; no simultaneous CI correction,1.0,1.0,False,False,1.0,1.0
test_00741,results/reference_audit/predictions.parquet,municipality_bias,public_ens3_mean,later_origins,6048,2016,2,1,3,"1,2",1120.35912463772,880.3968905022884,239.9622341354316,-27.256142851495888,,,,,,,140.63027300166934,348.6078896954584,,0.5,,exploratory; insufficient time blocks,False,exploratory; cluster-t assumes independent approximately normal block scores; bootstrap descriptive; no simultaneous CI correction,,1.0,False,False,,1.0
test_00742,results/reference_audit/predictions.parquet,municipality_bias,public_ens3_mean,targets_jun_sep,24192,2016,4,2,3,"1,2,3",1244.9612693025615,877.0540121887904,367.9072571137714,-41.94807298077527,,,66.57986170006888,774.1558746542416,-535.8291934315204,1271.6437076590632,260.5771192715872,484.58812735960873,0.5,0.25,0.5,exploratory; insufficient time blocks,False,exploratory; cluster-t assumes independent approximately normal block scores; bootstrap descriptive; no simultaneous CI correction,1.0,1.0,False,False,1.0,1.0
test_00743,results/reference_audit/predictions.parquet,municipality_bias,public_ens3_mean,targets_oct_nov,12096,2016,2,1,3,"1,2,3",920.7454420566036,741.1270448155732,179.6183972410305,-24.23584438019367,,,,,,,137.89145038801243,225.65603173315017,,0.5,,exploratory; insufficient time blocks,False,exploratory; cluster-t assumes independent approximately normal block scores; bootstrap descriptive; no simultaneous CI correction,,1.0,False,False,,1.0
test_00744,results/reference_audit/predictions.parquet,municipality_bias,public_ens3_mean,targets_dec,6048,2016,1,1,3,"1,2,3",1103.0316692800473,950.3278900016312,152.70377927841594,-16.068536016358923,,,,,,,86.64431774199636,222.62655989209725,,,,exploratory; insufficient time blocks,False,exploratory; cluster-t assumes independent approximately normal block scores; bootstrap descriptive; no simultaneous CI correction,,,False,False,,
test_00745,results/reference_audit/predictions.parquet,municipality_bias,public_ens3_mean,targets_jan_may,12096,2016,3,1,3,"1,2,3",1334.7802941249788,1501.6839808275777,-166.90368670259886,11.114434783450127,,,-344.22717152081174,-57.79845945483138,,,-202.63829810885528,-131.1492018678555,,0.25,,exploratory; insufficient time blocks,False,exploratory; cluster-t assumes independent approximately normal block scores; bootstrap descriptive; no simultaneous CI correction,,1.0,False,False,,1.0
test_00746,results/reference_audit/predictions.parquet,municipality_bias,public_ens3_mean,all_available,54432,2016,10,4,3,"1,2,3",1177.103135428162,993.7962211158994,183.30691431226265,-18.445120882672875,-20.570848735266438,403.1386531390869,-0.03883646691253,397.830697513309,-220.32746905590068,586.9412976804263,119.63412339749244,252.60024892953248,0.375,0.103515625,0.125,exploratory; insufficient time blocks,False,exploratory; cluster-t assumes independent approximately normal block scores; bootstrap descriptive; no simultaneous CI correction,1.0,1.0,False,False,1.0,1.0
test_00747,results/reference_audit/predictions.parquet,pls_rank2,public_ens3_mean,public_origins_jun_sep,24192,2016,6,2,3,"1,2,3",1204.660785081258,761.9163980544566,442.7443870268013,-58.10931332589024,392.8003794746465,492.688394578956,393.9817416379839,494.96598773962586,-191.85439828878745,1077.3431723423898,359.0177669450784,537.7662469504666,0.5,0.03125,0.5,exploratory; insufficient time blocks,False,exploratory; cluster-t assumes independent approximately normal block scores; bootstrap descriptive; no simultaneous CI correction,1.0,1.0,False,False,1.0,1.0
test_00748,results/reference_audit/predictions.parquet,pls_rank2,public_ens3_mean,later_origins,6048,2016,2,1,3,"1,2",1514.3796184294697,880.3968905022884,633.982727927181,-72.01101398319092,,,,,,,513.0154633869408,752.1251229648378,,0.5,,exploratory; insufficient time blocks,False,exploratory; cluster-t assumes independent approximately normal block scores; bootstrap descriptive; no simultaneous CI correction,,1.0,False,False,,1.0
test_00749,results/reference_audit/predictions.parquet,pls_rank2,public_ens3_mean,targets_jun_sep,24192,2016,4,2,3,"1,2,3",1507.2868137354922,877.0540121887904,630.2328015467018,-71.8579235472491,,,385.1334521451834,984.744343753154,-473.8477328449985,1734.3133359384024,515.0229325141618,750.2800908657722,0.5,0.125,0.5,exploratory; insufficient time blocks,False,exploratory; cluster-t assumes independent approximately normal block scores; bootstrap descriptive; no simultaneous CI correction,1.0,1.0,False,False,1.0,1.0
test_00750,results/reference_audit/predictions.parquet,pls_rank2,public_ens3_mean,targets_oct_nov,12096,2016,2,1,3,"1,2,3",1171.6319227394545,741.1270448155732,430.5048779238813,-58.08786508809848,,,,,,,333.86226992880586,539.0006973753813,,0.5,,exploratory; insufficient time blocks,False,exploratory; cluster-t assumes independent approximately normal block scores; bootstrap descriptive; no simultaneous CI correction,,1.0,False,False,,1.0
test_00751,results/reference_audit/predictions.parquet,pls_rank2,public_ens3_mean,targets_dec,6048,2016,1,1,3,"1,2,3",1508.901621030343,950.3278900016312,558.5737310287117,-58.77694813605364,,,,,,,447.75078738452487,665.3546960628854,,,,exploratory; insufficient time blocks,False,exploratory; cluster-t assumes independent approximately normal block scores; bootstrap descriptive; no simultaneous CI correction,,,False,False,,
test_00752,results/reference_audit/predictions.parquet,pls_rank2,public_ens3_mean,targets_jan_may,12096,2016,3,1,3,"1,2,3",1474.8545568380694,1501.6839808275777,-26.829423989508317,1.7866225072683153,,,-366.9030485364544,215.8201059115636,,,-95.64792707812292,57.50401914224496,,1.0,,exploratory; insufficient time blocks,False,exploratory; cluster-t assumes independent approximately normal block scores; bootstrap descriptive; no simultaneous CI correction,,1.0,False,False,,1.0
test_00753,results/reference_audit/predictions.parquet,pls_rank2,public_ens3_mean,all_available,54432,2016,10,4,3,"1,2,3",1425.669092791929,993.7962211158994,431.8728716760296,-43.45688406734879,174.82893432093786,650.9145736137691,211.15347599324537,651.0035209824466,-59.67912638694071,923.4248697389996,351.89013422921045,514.6852653813233,0.25,0.009765625,0.125,exploratory; insufficient time blocks,False,exploratory; cluster-t assumes independent approximately normal block scores; bootstrap descriptive; no simultaneous CI correction,1.0,1.0,False,False,1.0,1.0
test_00754,results/reference_audit/predictions.parquet,pls_rank4,public_ens3_mean,public_origins_jun_sep,24192,2016,6,2,3,"1,2,3",1037.7126481201549,761.9163980544566,275.796250065698,-36.197704993610856,241.36185885126596,310.23064128013004,220.50441888609384,306.9103595957376,-161.73417467927436,713.3266748106704,218.77659744900063,338.22919098803953,0.5,0.03125,0.5,exploratory; insufficient time blocks,False,exploratory; cluster-t assumes independent approximately normal block scores; bootstrap descriptive; no simultaneous CI correction,1.0,1.0,False,False,1.0,1.0
test_00755,results/reference_audit/predictions.parquet,pls_rank4,public_ens3_mean,later_origins,6048,2016,2,1,3,"1,2",1246.4085279369783,880.3968905022884,366.0116374346901,-41.573481390406926,,,,,,,292.6180296333559,441.78507034212936,,0.5,,exploratory; insufficient time blocks,False,exploratory; cluster-t assumes independent approximately normal block scores; bootstrap descriptive; no simultaneous CI correction,,1.0,False,False,,1.0
test_00756,results/reference_audit/predictions.parquet,pls_rank4,public_ens3_mean,targets_jun_sep,24192,2016,4,2,3,"1,2,3",1336.5925393305247,877.0540121887904,459.53852714173433,-52.39569293969734,,,190.9868250616735,829.7801104789697,-476.5984775086137,1395.675531792083,389.0161807629392,533.012946849078,0.5,0.125,0.5,exploratory; insufficient time blocks,False,exploratory; cluster-t assumes independent approximately normal block scores; bootstrap descriptive; no simultaneous CI correction,1.0,1.0,False,False,1.0,1.0
test_00757,results/reference_audit/predictions.parquet,pls_rank4,public_ens3_mean,targets_oct_nov,12096,2016,2,1,3,"1,2,3",1014.4025123626492,741.1270448155732,273.2754675470759,-36.87295848380213,,,,,,,200.753738477896,355.3126398440492,,0.5,,exploratory; insufficient time blocks,False,exploratory; cluster-t assumes independent approximately normal block scores; bootstrap descriptive; no simultaneous CI correction,,1.0,False,False,,1.0
test_00758,results/reference_audit/predictions.parquet,pls_rank4,public_ens3_mean,targets_dec,6048,2016,1,1,3,"1,2,3",1252.512310044702,950.3278900016312,302.18442004307065,-31.79791135484321,,,,,,,232.7327290173338,378.9990235929176,,,,exploratory; insufficient time blocks,False,exploratory; cluster-t assumes independent approximately normal block scores; bootstrap descriptive; no simultaneous CI correction,,,False,False,,
test_00759,results/reference_audit/predictions.parquet,pls_rank4,public_ens3_mean,targets_jan_may,12096,2016,3,1,3,"1,2,3",1460.761771609336,1501.6839808275777,-40.92220921824173,2.72508795064122,,,-232.05862131653788,74.88984232584083,,,-115.6748687081758,37.23986961111619,,1.0,,exploratory; insufficient time blocks,False,exploratory; cluster-t assumes independent approximately normal block scores; bootstrap descriptive; no simultaneous CI correction,,1.0,False,False,,1.0
test_00760,results/reference_audit/predictions.parquet,pls_rank4,public_ens3_mean,all_available,54432,2016,10,4,3,"1,2,3",1283.2456705900854,993.7962211158994,289.44944947418605,-29.12563394024313,96.70731052656144,490.29798633144975,117.28273696606963,489.8564362964025,-91.241312104555,670.1402110529275,227.3531833837812,355.8285041479771,0.25,0.013671875,0.125,exploratory; insufficient time blocks,False,exploratory; cluster-t assumes independent approximately normal block scores; bootstrap descriptive; no simultaneous CI correction,1.0,1.0,False,False,1.0,1.0
test_00761,results/reference_audit/predictions.parquet,pls_rank6,public_ens3_mean,public_origins_jun_sep,24192,2016,6,2,3,"1,2,3",973.8787203967744,761.9163980544566,211.96232234231763,-27.81962993362009,184.03875067798896,246.53333326178375,133.5913141584205,263.036830777177,-142.84029619707636,566.7649408817116,153.26754148448578,276.7868284940883,0.5,0.0625,0.5,exploratory; insufficient time blocks,False,exploratory; cluster-t assumes independent approximately normal block scores; bootstrap descriptive; no simultaneous CI correction,1.0,1.0,False,False,1.0,1.0
test_00762,results/reference_audit/predictions.parquet,pls_rank6,public_ens3_mean,later_origins,6048,2016,2,1,3,"1,2",1079.7729092319487,880.3968905022884,199.37601872966025,-22.646152079877435,,,,,,,139.90933028344102,262.1541848357152,,0.5,,exploratory; insufficient time blocks,False,exploratory; cluster-t assumes independent approximately normal block scores; bootstrap descriptive; no simultaneous CI correction,,1.0,False,False,,1.0
test_00763,results/reference_audit/predictions.parquet,pls_rank6,public_ens3_mean,targets_jun_sep,24192,2016,4,2,3,"1,2,3",1231.1951495464086,877.0540121887904,354.1411373576183,-40.37848666512771,,,54.54144050824885,739.0908360833687,-349.938928771121,1058.2212034863578,283.3999725097762,429.5996832481607,0.5,0.25,0.5,exploratory; insufficient time blocks,False,exploratory; cluster-t assumes independent approximately normal block scores; bootstrap descriptive; no simultaneous CI correction,1.0,1.0,False,False,1.0,1.0
test_00764,results/reference_audit/predictions.parquet,pls_rank6,public_ens3_mean,targets_oct_nov,12096,2016,2,1,3,"1,2,3",961.845056622588,741.1270448155732,220.7180118070147,-29.78140028096527,,,,,,,147.9705659112037,303.89221847158564,,0.5,,exploratory; insufficient time blocks,False,exploratory; cluster-t assumes independent approximately normal block scores; bootstrap descriptive; no simultaneous CI correction,,1.0,False,False,,1.0
test_00765,results/reference_audit/predictions.parquet,pls_rank6,public_ens3_mean,targets_dec,6048,2016,1,1,3,"1,2,3",1076.3453864732403,950.3278900016312,126.01749647160898,-13.260422828524232,,,,,,,75.7031265639732,178.00478074905348,,,,exploratory; insufficient time blocks,False,exploratory; cluster-t assumes independent approximately normal block scores; bootstrap descriptive; no simultaneous CI correction,,,False,False,,
test_00766,results/reference_audit/predictions.parquet,pls_rank6,public_ens3_mean,targets_jan_may,12096,2016,3,1,3,"1,2,3",1423.3457581624,1501.6839808275777,-78.33822266517768,5.216691638543384,,,-219.6998444395952,21.59754647968633,,,-172.3903519627771,23.9743019880215,,0.5,,exploratory; insufficient time blocks,False,exploratory; cluster-t assumes independent approximately normal block scores; bootstrap descriptive; no simultaneous CI correction,,1.0,False,False,,1.0
test_00767,results/reference_audit/predictions.parquet,pls_rank6,public_ens3_mean,all_available,54432,2016,10,4,3,"1,2,3",1196.834179358761,993.7962211158994,203.0379582428617,-20.43054239176693,29.3391001907488,402.502002676704,40.48861193022051,397.9689097143088,-125.2861266510664,531.36204313679,134.5800047652491,278.0599127974952,0.375,0.05078125,0.125,exploratory; insufficient time blocks,False,exploratory; cluster-t assumes independent approximately normal block scores; bootstrap descriptive; no simultaneous CI correction,1.0,1.0,False,False,1.0,1.0
test_00768,results/reference_audit/predictions.parquet,public_bolt_base,public_ens3_mean,public_origins_jun_sep,24192,2016,6,2,3,"1,2,3",885.7635055622726,761.9163980544566,123.84710750781596,-16.254684611600158,68.75832075037499,178.93589426525705,64.48376160408111,185.54487974925064,-576.1222957138789,823.816510729511,72.2713043669659,179.6086770570899,0.5,0.03125,0.5,exploratory; insufficient time blocks,False,exploratory; cluster-t assumes independent approximately normal block scores; bootstrap descriptive; no simultaneous CI correction,1.0,1.0,False,False,1.0,1.0
test_00769,results/reference_audit/predictions.parquet,public_bolt_base,public_ens3_mean,later_origins,6048,2016,2,1,3,"1,2",1013.5784592401412,880.3968905022884,133.1815687378529,-15.127446515840088,,,,,,,85.07483920258926,181.92932358544456,,0.5,,exploratory; insufficient time blocks,False,exploratory; cluster-t assumes independent approximately normal block scores; bootstrap descriptive; no simultaneous CI correction,,1.0,False,False,,1.0
test_00770,results/reference_audit/predictions.parquet,public_bolt_base,public_ens3_mean,targets_jun_sep,24192,2016,4,2,3,"1,2,3",975.2877593267532,877.0540121887904,98.23374713796284,-11.200421612895775,,,81.42608482105666,129.78940416498722,10.300014051926285,186.16748022399943,69.50675397799708,137.66256475520632,0.5,0.125,0.5,exploratory; insufficient time blocks,False,exploratory; cluster-t assumes independent approximately normal block scores; bootstrap descriptive; no simultaneous CI correction,1.0,1.0,False,False,1.0,1.0
test_00771,results/reference_audit/predictions.parquet,public_bolt_base,public_ens3_mean,targets_oct_nov,12096,2016,2,1,3,"1,2,3",910.0151732914032,741.1270448155732,168.88812847582994,-22.78801315607868,,,,,,,79.75277223943438,269.368393288538,,0.5,,exploratory; insufficient time blocks,False,exploratory; cluster-t assumes independent approximately normal block scores; bootstrap descriptive; no simultaneous CI correction,,1.0,False,False,,1.0
test_00772,results/reference_audit/predictions.parquet,public_bolt_base,public_ens3_mean,targets_dec,6048,2016,1,1,3,"1,2,3",1103.6049903183389,950.3278900016312,153.27710031670733,-16.128864777023878,,,,,,,96.22224568030634,210.4527069597287,,,,exploratory; insufficient time blocks,False,exploratory; cluster-t assumes independent approximately normal block scores; bootstrap descriptive; no simultaneous CI correction,,,False,False,,
test_00773,results/reference_audit/predictions.parquet,public_bolt_base,public_ens3_mean,targets_jan_may,18144,2016,4,2,3,"1,2,3",1685.9066448985377,1598.510221215085,87.39642368345244,-5.46736721001504,,,-19.8835329360761,141.03640199321657,-375.1003034234073,549.893150790312,7.209612705539203,173.00648199608713,0.5,0.5,0.5,exploratory; insufficient time blocks,False,exploratory; cluster-t assumes independent approximately normal block scores; bootstrap descriptive; no simultaneous CI correction,1.0,1.0,False,False,1.0,1.0
test_00774,results/reference_audit/predictions.parquet,public_bolt_base,public_ens3_mean,all_available,60480,2016,11,4,3,"1,2,3",1188.250630890377,1073.6328692033194,114.61776168705752,-10.675694175804129,88.29263106206336,144.09009035933622,77.97637609187186,149.03307098361773,67.23197249721592,162.00355087689917,64.81035489780355,166.78958943679984,0.125,0.00390625,0.125,exploratory; insufficient time blocks,False,exploratory; cluster-t assumes independent approximately normal block scores; bootstrap descriptive; no simultaneous CI correction,1.0,1.0,False,False,1.0,1.0
test_00775,results/reference_audit/predictions.parquet,public_ets_relative,public_ens3_mean,public_origins_jun_sep,24192,2016,6,2,3,"1,2,3",925.7915319810307,761.9163980544566,163.8751339265741,-21.508282843764366,107.90542347951936,219.84484437362883,115.39632188791362,212.3539459652346,-547.2874660525259,875.0377339056741,115.25372442726578,219.40637004247048,0.5,0.03125,0.5,exploratory; insufficient time blocks,False,exploratory; cluster-t assumes independent approximately normal block scores; bootstrap descriptive; no simultaneous CI correction,1.0,1.0,False,False,1.0,1.0
test_00776,results/reference_audit/predictions.parquet,public_ets_relative,public_ens3_mean,later_origins,6048,2016,2,1,3,"1,2",1079.0319219639105,880.3968905022884,198.635031461622,-22.56198694071895,,,,,,,140.90995361927762,257.39398041085815,,0.5,,exploratory; insufficient time blocks,False,exploratory; cluster-t assumes independent approximately normal block scores; bootstrap descriptive; no simultaneous CI correction,,1.0,False,False,,1.0
test_00777,results/reference_audit/predictions.parquet,public_ets_relative,public_ens3_mean,targets_jun_sep,24192,2016,4,2,3,"1,2,3",1003.5186593610348,877.0540121887904,126.46464717224433,-14.41925416390686,,,94.2600254808552,170.83520564252572,40.676489385129045,212.2528049593597,91.69598210135835,171.29179267452045,0.5,0.125,0.5,exploratory; insufficient time blocks,False,exploratory; cluster-t assumes independent approximately normal block scores; bootstrap descriptive; no simultaneous CI correction,1.0,1.0,False,False,1.0,1.0
test_00778,results/reference_audit/predictions.parquet,public_ets_relative,public_ens3_mean,targets_oct_nov,12096,2016,2,1,3,"1,2,3",944.0150855252672,741.1270448155732,202.8880407096941,-27.37560882833281,,,,,,,135.5706326082935,278.5446378630323,,0.5,,exploratory; insufficient time blocks,False,exploratory; cluster-t assumes independent approximately normal block scores; bootstrap descriptive; no simultaneous CI correction,,1.0,False,False,,1.0
test_00779,results/reference_audit/predictions.parquet,public_ets_relative,public_ens3_mean,targets_dec,6048,2016,1,1,3,"1,2,3",1182.876528791123,950.3278900016312,232.54863878949172,-24.47035820332417,,,,,,,163.84686875693572,305.27223465598365,,,,exploratory; insufficient time blocks,False,exploratory; cluster-t assumes independent approximately normal block scores; bootstrap descriptive; no simultaneous CI correction,,,False,False,,
test_00780,results/reference_audit/predictions.parquet,public_ets_relative,public_ens3_mean,targets_jan_may,18144,2016,4,2,3,"1,2,3",1649.31559374092,1598.510221215085,50.80537252583508,-3.1782951307759606,,,-30.54477193063382,91.4804447540696,-220.32964545060636,321.9403905022766,-19.31843717899795,124.9567027195522,0.5,0.5,0.5,exploratory; insufficient time blocks,False,exploratory; cluster-t assumes independent approximately normal block scores; bootstrap descriptive; no simultaneous CI correction,1.0,1.0,False,False,1.0,1.0
test_00781,results/reference_audit/predictions.parquet,public_ets_relative,public_ens3_mean,all_available,60480,2016,11,4,3,"1,2,3",1203.2928118508555,1073.6328692033194,129.65994264753613,-12.076748613681064,73.87896386868626,174.26245518474974,84.94684930931962,171.0712242114437,36.62909715107614,222.6907881439964,81.8440889552128,179.45659535186945,0.125,0.00390625,0.125,exploratory; insufficient time blocks,False,exploratory; cluster-t assumes independent approximately normal block scores; bootstrap descriptive; no simultaneous CI correction,1.0,1.0,False,False,1.0,1.0
test_00782,results/reference_audit/predictions.parquet,public_factor_only,public_ens3_mean,public_origins_jun_sep,24192,2016,6,2,3,"1,2,3",939.2650602782854,761.9163980544566,177.3486622238288,-23.27665642538817,108.9252682642542,245.77205618340324,114.30325028839978,235.03663736078664,-692.0529901880764,1046.7503146357335,121.4276192430958,242.8912034178265,0.5,0.03125,0.5,exploratory; insufficient time blocks,False,exploratory; cluster-t assumes independent approximately normal block scores; bootstrap descriptive; no simultaneous CI correction,1.0,1.0,False,False,1.0,1.0
test_00783,results/reference_audit/predictions.parquet,public_factor_only,public_ens3_mean,later_origins,6048,2016,2,1,3,"1,2",1098.8319317925757,880.3968905022884,218.43504129028724,-24.810973737726925,,,,,,,128.1716465453006,316.2350651352116,,1.0,,exploratory; insufficient time blocks,False,exploratory; cluster-t assumes independent approximately normal block scores; bootstrap descriptive; no simultaneous CI correction,,1.0,False,False,,1.0
test_00784,results/reference_audit/predictions.parquet,public_factor_only,public_ens3_mean,targets_jun_sep,24192,2016,4,2,3,"1,2,3",1114.8859258652649,877.0540121887904,237.8319136764743,-27.11713422106548,,,105.4785940214602,472.4259707088616,-332.00681749522016,807.6706448481688,178.70852045076904,315.2718183011383,0.5,0.125,0.5,exploratory; insufficient time blocks,False,exploratory; cluster-t assumes independent approximately normal block scores; bootstrap descriptive; no simultaneous CI correction,1.0,1.0,False,False,1.0,1.0
test_00785,results/reference_audit/predictions.parquet,public_factor_only,public_ens3_mean,targets_oct_nov,12096,2016,2,1,3,"1,2,3",933.1305365964088,741.1270448155732,192.0034917808356,-25.90696063839027,,,,,,,124.98768362699688,271.5925808928009,,0.5,,exploratory; insufficient time blocks,False,exploratory; cluster-t assumes independent approximately normal block scores; bootstrap descriptive; no simultaneous CI correction,,1.0,False,False,,1.0
test_00786,results/reference_audit/predictions.parquet,public_factor_only,public_ens3_mean,targets_dec,6048,2016,1,1,3,"1,2,3",1276.300060097054,950.3278900016312,325.9721700954227,-34.3010211028178,,,,,,,194.6745762169292,469.1514130187448,,,,exploratory; insufficient time blocks,False,exploratory; cluster-t assumes independent approximately normal block scores; bootstrap descriptive; no simultaneous CI correction,,,False,False,,
test_00787,results/reference_audit/predictions.parquet,public_factor_only,public_ens3_mean,targets_jan_may,18144,2016,4,2,3,"1,2,3",2036.1764768613652,1598.510221215085,437.6662556462804,-27.379634477006636,,,122.84249951409654,596.9948856539918,-1494.555425436266,2369.8879367288278,310.9824701122351,570.5765392442279,0.5,0.25,0.5,exploratory; insufficient time blocks,False,exploratory; cluster-t assumes independent approximately normal block scores; bootstrap descriptive; no simultaneous CI correction,1.0,1.0,False,False,1.0,1.0
test_00788,results/reference_audit/predictions.parquet,public_factor_only,public_ens3_mean,all_available,60480,2016,11,4,3,"1,2,3",1371.0634267335029,1073.6328692033194,297.4305575301835,-27.70319036067603,165.09155232030977,480.90626861444974,176.20082223382636,423.5852654339331,57.17622126640458,537.6848937939619,224.04139471171464,373.2495535291431,0.125,0.001953125,0.125,exploratory; insufficient time blocks,False,exploratory; cluster-t assumes independent approximately normal block scores; bootstrap descriptive; no simultaneous CI correction,1.0,1.0,False,False,1.0,1.0
test_00789,results/reference_audit/predictions.parquet,public_snaive,public_ens3_mean,public_origins_jun_sep,24192,2016,6,2,3,"1,2,3",4205.640955687831,761.9163980544566,3443.724557633374,-451.981945319313,3303.805889397021,3517.995749085549,3155.568233440144,3738.9127828818073,2500.019593023293,4387.429522243455,2951.0516555508225,4000.680658568186,0.5,0.03125,0.5,exploratory; insufficient time blocks,False,exploratory; cluster-t assumes independent approximately normal block scores; bootstrap descriptive; no simultaneous CI correction,1.0,1.0,False,False,1.0,1.0
test_00790,results/reference_audit/predictions.parquet,public_snaive,public_ens3_mean,later_origins,6048,2016,2,1,3,"1,2",4420.425099206349,880.3968905022884,3540.0282087040605,-402.094583351423,,,,,,,2936.3140365048803,4226.044655156295,,0.5,,exploratory; insufficient time blocks,False,exploratory; cluster-t assumes independent approximately normal block scores; bootstrap descriptive; no simultaneous CI correction,,1.0,False,False,,1.0
test_00791,results/reference_audit/predictions.parquet,public_snaive,public_ens3_mean,targets_jun_sep,24192,2016,4,2,3,"1,2,3",4364.112971230159,877.0540121887904,3487.058959041369,-397.5877096028564,,,3179.823640837004,3669.486258001072,531.9949602449201,6442.122957837817,2972.377327774392,4077.206532660786,0.5,0.125,0.5,exploratory; insufficient time blocks,False,exploratory; cluster-t assumes independent approximately normal block scores; bootstrap descriptive; no simultaneous CI correction,1.0,1.0,False,False,1.0,1.0
test_00792,results/reference_audit/predictions.parquet,public_snaive,public_ens3_mean,targets_oct_nov,12096,2016,2,1,3,"1,2,3",4152.485863095239,741.1270448155732,3411.358818279665,-460.2933926299464,,,,,,,2942.2434982346945,3933.879422838744,,0.5,,exploratory; insufficient time blocks,False,exploratory; cluster-t assumes independent approximately normal block scores; bootstrap descriptive; no simultaneous CI correction,,1.0,False,False,,1.0
test_00793,results/reference_audit/predictions.parquet,public_snaive,public_ens3_mean,targets_dec,6048,2016,1,1,3,"1,2,3",4703.62996031746,950.3278900016312,3753.302070315829,-394.9481131517024,,,,,,,3082.7282689399703,4522.716110579087,,,,exploratory; insufficient time blocks,False,exploratory; cluster-t assumes independent approximately normal block scores; bootstrap descriptive; no simultaneous CI correction,,,False,False,,
test_00794,results/reference_audit/predictions.parquet,public_snaive,public_ens3_mean,targets_jan_may,18144,2016,4,2,3,"1,2,3",4261.702270723104,1598.510221215085,2663.1920495080194,-166.60463062185684,,,2361.326679638843,2968.051639635552,-590.4616177984171,5916.845716814455,2072.2693082850924,3316.786301726804,0.5,0.125,0.5,exploratory; insufficient time blocks,False,exploratory; cluster-t assumes independent approximately normal block scores; bootstrap descriptive; no simultaneous CI correction,1.0,1.0,False,False,1.0,1.0
test_00795,results/reference_audit/predictions.parquet,public_snaive,public_ens3_mean,all_available,60480,2016,11,4,3,"1,2,3",4325.016038359789,1073.6328692033194,3251.383169156469,-302.8393841527161,2857.0286744947366,3531.550189026806,2941.0803762954374,3516.884852491253,2582.1244392077915,3920.641899105146,2714.417162325464,3860.518144518097,0.125,0.0009765625,0.125,exploratory; insufficient time blocks,False,exploratory; cluster-t assumes independent approximately normal block scores; bootstrap descriptive; no simultaneous CI correction,1.0,1.0,False,False,1.0,1.0
test_00796,results/reference_audit/predictions.parquet,public_snaive_growth,public_ens3_mean,public_origins_jun_sep,24192,2016,6,2,3,"1,2,3",995.0258150949704,761.9163980544566,233.1094170405138,-30.59514372387254,231.90570893729125,293.03418753471675,138.22288039329206,305.0580339511586,217.8148554380656,248.403978642962,146.3788982687091,328.32208711194863,0.5,0.03125,0.5,exploratory; insufficient time blocks,False,exploratory; cluster-t assumes independent approximately normal block scores; bootstrap descriptive; no simultaneous CI correction,1.0,1.0,False,False,1.0,1.0
test_00797,results/reference_audit/predictions.parquet,public_snaive_growth,public_ens3_mean,later_origins,6048,2016,2,1,3,"1,2",924.1762107148518,880.3968905022884,43.77932021256333,-4.972680013395565,,,,,,,-4.456478342202956,89.91296795617156,,0.5,,exploratory; insufficient time blocks,False,exploratory; cluster-t assumes independent approximately normal block scores; bootstrap descriptive; no simultaneous CI correction,,1.0,False,False,,1.0
test_00798,results/reference_audit/predictions.parquet,public_snaive_growth,public_ens3_mean,targets_jun_sep,24192,2016,4,2,3,"1,2,3",1078.4532289954277,877.0540121887904,201.39921680663716,-22.96314867815517,,,116.56073749029078,309.6983770254833,-793.5748077397909,1196.3732413530656,132.1336093766385,258.4488632946875,0.5,0.125,0.5,exploratory; insufficient time blocks,False,exploratory; cluster-t assumes independent approximately normal block scores; bootstrap descriptive; no simultaneous CI correction,1.0,1.0,False,False,1.0,1.0
test_00799,results/reference_audit/predictions.parquet,public_snaive_growth,public_ens3_mean,targets_oct_nov,12096,2016,2,1,3,"1,2,3",970.9359249469816,741.1270448155732,229.8088801314084,-31.00802780562346,,,,,,,131.71949417609815,326.6591720105241,,0.5,,exploratory; insufficient time blocks,False,exploratory; cluster-t assumes independent approximately normal block scores; bootstrap descriptive; no simultaneous CI correction,,1.0,False,False,,1.0
test_00800,results/reference_audit/predictions.parquet,public_snaive_growth,public_ens3_mean,targets_dec,6048,2016,1,1,3,"1,2,3",998.3008678259608,950.3278900016312,47.97297782432952,-5.0480448200091415,,,,,,,-17.891685980444546,112.25884652602252,,,,exploratory; insufficient time blocks,False,exploratory; cluster-t assumes independent approximately normal block scores; bootstrap descriptive; no simultaneous CI correction,,,False,False,,
test_00801,results/reference_audit/predictions.parquet,public_snaive_growth,public_ens3_mean,targets_jan_may,18144,2016,4,2,3,"1,2,3",1651.1854220978246,1598.510221215085,52.675200882739546,-3.2952683181906237,,,-108.77063642698194,204.95724289596384,-588.6121474197541,693.962549185233,-84.20096762962389,181.6752606408629,0.5,0.625,0.5,exploratory; insufficient time blocks,False,exploratory; cluster-t assumes independent approximately normal block scores; bootstrap descriptive; no simultaneous CI correction,1.0,1.0,False,False,1.0,1.0
test_00802,results/reference_audit/predictions.parquet,public_snaive_growth,public_ens3_mean,all_available,60480,2016,11,4,3,"1,2,3",1220.754189999511,1073.6328692033194,147.12132079619164,-13.703131211450506,55.53493976034634,233.56693195153017,57.631955711118586,224.99616888893783,-0.2828844717548691,294.52552606413764,105.55624755448557,186.550292430198,0.125,0.01171875,0.125,exploratory; insufficient time blocks,False,exploratory; cluster-t assumes independent approximately normal block scores; bootstrap descriptive; no simultaneous CI correction,1.0,1.0,False,False,1.0,1.0
test_00803,results/reference_audit/predictions.parquet,ridge_on_growth_folds,public_ens3_mean,public_origins_jun_sep,24192,2016,6,2,3,"1,2,3",933.93212945885,761.9163980544566,172.01573140439348,-22.57671994507972,119.00849665247732,225.0229661563096,98.86721129170246,217.6983032664428,-501.5050458655711,845.5365086743581,127.69270540870404,219.9271697065004,0.5,0.0625,0.5,exploratory; insufficient time blocks,False,exploratory; cluster-t assumes independent approximately normal block scores; bootstrap descriptive; no simultaneous CI correction,1.0,1.0,False,False,1.0,1.0
test_00804,results/reference_audit/predictions.parquet,ridge_on_growth_folds,public_ens3_mean,later_origins,6048,2016,2,1,3,"1,2",1097.2818194580805,880.3968905022884,216.884928955792,-24.63490401835174,,,,,,,116.87953860608089,324.0984468472256,,0.5,,exploratory; insufficient time blocks,False,exploratory; cluster-t assumes independent approximately normal block scores; bootstrap descriptive; no simultaneous CI correction,,1.0,False,False,,1.0
test_00805,results/reference_audit/predictions.parquet,ridge_on_growth_folds,public_ens3_mean,targets_jun_sep,20160,2016,4,2,3,"1,2,3",1086.8969784022336,762.8312673832704,324.0657110189632,-42.48196486892852,,,244.161670669564,426.6285079213852,-472.85624574954846,1120.987667787475,227.0394999986614,430.2780138609455,0.5,0.125,0.5,exploratory; insufficient time blocks,False,exploratory; cluster-t assumes independent approximately normal block scores; bootstrap descriptive; no simultaneous CI correction,1.0,1.0,False,False,1.0,1.0
test_00806,results/reference_audit/predictions.parquet,ridge_on_growth_folds,public_ens3_mean,targets_oct_nov,12096,2016,2,1,3,"1,2,3",909.1155142388338,741.1270448155732,167.98846942326065,-22.666622490488656,,,,,,,125.55784825325048,213.6034345140498,,0.5,,exploratory; insufficient time blocks,False,exploratory; cluster-t assumes independent approximately normal block scores; bootstrap descriptive; no simultaneous CI correction,,1.0,False,False,,1.0
test_00807,results/reference_audit/predictions.parquet,ridge_on_growth_folds,public_ens3_mean,targets_dec,6048,2016,1,1,3,"1,2,3",1069.2528734158568,950.3278900016312,118.9249834142255,-12.5141000980221,,,,,,,49.40018591165333,192.22359005877365,,,,exploratory; insufficient time blocks,False,exploratory; cluster-t assumes independent approximately normal block scores; bootstrap descriptive; no simultaneous CI correction,,,False,False,,
test_00808,results/reference_audit/predictions.parquet,ridge_on_growth_folds,public_ens3_mean,targets_jan_may,4032,2016,2,1,3,1,1401.1643270842712,1277.2423989197184,123.9219281645528,-9.702303045167072,,,,,,,15.86872046739816,239.03186971347375,,1.0,,exploratory; insufficient time blocks,False,exploratory; cluster-t assumes independent approximately normal block scores; bootstrap descriptive; no simultaneous CI correction,,1.0,False,False,,1.0
test_00809,results/reference_audit/predictions.parquet,ridge_on_growth_folds,public_ens3_mean,all_available,42336,2016,9,3,3,"1,2,3",1063.5119116129265,832.4068290747844,231.10508253814191,-27.763477480718645,177.5659055923376,398.2702535604695,120.72806802918566,343.5904660845574,10.56199120806599,451.6481738682176,157.04513126953324,312.57270943757965,0.25,0.01171875,0.25,exploratory; insufficient time blocks,False,exploratory; cluster-t assumes independent approximately normal block scores; bootstrap descriptive; no simultaneous CI correction,1.0,1.0,False,False,1.0,1.0
test_00810,results/reference_audit/predictions.parquet,ridge_seasonal_ensemble,public_ens3_mean,public_origins_jun_sep,24192,2016,6,2,3,"1,2,3",818.089793804466,761.9163980544566,56.17339575000938,-7.372645593853524,16.065818132760633,96.2809733672582,-2.2398139543754154,104.67905539772084,-453.441696937095,565.7884884371139,18.675056851613338,94.94388865495924,0.5,0.1875,0.5,exploratory; insufficient time blocks,False,exploratory; cluster-t assumes independent approximately normal block scores; bootstrap descriptive; no simultaneous CI correction,1.0,1.0,False,False,1.0,1.0
test_00811,results/reference_audit/predictions.parquet,ridge_seasonal_ensemble,public_ens3_mean,later_origins,6048,2016,2,1,3,"1,2",899.3242339958058,880.3968905022884,18.927343493517355,-2.1498648731845056,,,,,,,-15.939417473104898,50.53944328131541,,1.0,,exploratory; insufficient time blocks,False,exploratory; cluster-t assumes independent approximately normal block scores; bootstrap descriptive; no simultaneous CI correction,,1.0,False,False,,1.0
test_00812,results/reference_audit/predictions.parquet,ridge_seasonal_ensemble,public_ens3_mean,targets_jun_sep,24192,2016,4,2,3,"1,2,3",950.6647588420032,877.0540121887904,73.61074665321291,-8.392954781599908,,,-113.06606042180192,221.98820556942556,-287.4928952875306,434.71438859395664,-4.531246842270587,153.12990113170892,0.5,0.5,0.5,exploratory; insufficient time blocks,False,exploratory; cluster-t assumes independent approximately normal block scores; bootstrap descriptive; no simultaneous CI correction,1.0,1.0,False,False,1.0,1.0
test_00813,results/reference_audit/predictions.parquet,ridge_seasonal_ensemble,public_ens3_mean,targets_oct_nov,12096,2016,2,1,3,"1,2,3",792.1686357592141,741.1270448155732,51.04159094364093,-6.887023122512342,,,,,,,19.81235415141421,75.95640930778953,,1.0,,exploratory; insufficient time blocks,False,exploratory; cluster-t assumes independent approximately normal block scores; bootstrap descriptive; no simultaneous CI correction,,1.0,False,False,,1.0
test_00814,results/reference_audit/predictions.parquet,ridge_seasonal_ensemble,public_ens3_mean,targets_dec,6048,2016,1,1,3,"1,2,3",899.3036878733885,950.3278900016312,-51.02420212824279,5.369115508980296,,,,,,,-80.2983892616606,-22.36384916322457,,,,exploratory; insufficient time blocks,False,exploratory; cluster-t assumes independent approximately normal block scores; bootstrap descriptive; no simultaneous CI correction,,,False,False,,
test_00815,results/reference_audit/predictions.parquet,ridge_seasonal_ensemble,public_ens3_mean,targets_jan_may,12096,2016,3,1,3,"1,2,3",1268.157895192844,1501.6839808275777,-233.5260856347336,15.550947377492662,,,-352.4363697699643,-96.950804745754,,,-331.21007090230773,-140.7559594150748,,0.25,,exploratory; insufficient time blocks,False,exploratory; cluster-t assumes independent approximately normal block scores; bootstrap descriptive; no simultaneous CI correction,,1.0,False,False,,1.0
test_00816,results/reference_audit/predictions.parquet,ridge_seasonal_ensemble,public_ens3_mean,all_available,54432,2016,10,4,3,"1,2,3",980.2906427939464,993.7962211158994,-13.50557832195284,1.3589886975810688,-157.18714751812388,106.9168699863506,-126.9924543663517,91.13226864541672,-241.3634888538608,214.3523322099549,-42.9689404392136,10.38154188475877,0.875,0.81640625,0.125,exploratory; insufficient time blocks,False,exploratory; cluster-t assumes independent approximately normal block scores; bootstrap descriptive; no simultaneous CI correction,1.0,1.0,False,False,1.0,1.0
test_00817,results/reference_audit/predictions.parquet,ridge_seasonal_fixed_0.7,public_ens3_mean,public_origins_jun_sep,24192,2016,6,2,3,"1,2,3",835.4295689969375,761.9163980544566,73.51317094248088,-9.648456330667743,26.513956693227023,120.51238519173464,17.404948767493586,115.4007928757573,-523.6684677599746,670.6948096449364,45.2002911942116,104.91985191889114,0.5,0.09375,0.5,exploratory; insufficient time blocks,False,exploratory; cluster-t assumes independent approximately normal block scores; bootstrap descriptive; no simultaneous CI correction,1.0,1.0,False,False,1.0,1.0
test_00818,results/reference_audit/predictions.parquet,ridge_seasonal_fixed_0.7,public_ens3_mean,later_origins,6048,2016,2,1,3,"1,2",957.9984924492206,880.3968905022884,77.60160194693219,-8.814388463214419,,,,,,,25.153099761596323,133.32760458194022,,0.5,,exploratory; insufficient time blocks,False,exploratory; cluster-t assumes independent approximately normal block scores; bootstrap descriptive; no simultaneous CI correction,,1.0,False,False,,1.0
test_00819,results/reference_audit/predictions.parquet,ridge_seasonal_fixed_0.7,public_ens3_mean,targets_jun_sep,24192,2016,4,2,3,"1,2,3",1032.5723238903186,877.0540121887904,155.5183117015282,-17.731896729303383,,,-92.20451979126273,417.9272106914664,1.0763430176162103,309.9602803854402,69.0909495667776,247.38733753789305,0.5,0.5,0.5,exploratory; insufficient time blocks,False,exploratory; cluster-t assumes independent approximately normal block scores; bootstrap descriptive; no simultaneous CI correction,1.0,1.0,False,False,1.0,1.0
test_00820,results/reference_audit/predictions.parquet,ridge_seasonal_fixed_0.7,public_ens3_mean,targets_oct_nov,12096,2016,2,1,3,"1,2,3",810.1672497279748,741.1270448155732,69.04020491240158,-9.315569495859105,,,,,,,50.51870634815749,86.71159596902478,,0.5,,exploratory; insufficient time blocks,False,exploratory; cluster-t assumes independent approximately normal block scores; bootstrap descriptive; no simultaneous CI correction,,1.0,False,False,,1.0
test_00821,results/reference_audit/predictions.parquet,ridge_seasonal_fixed_0.7,public_ens3_mean,targets_dec,6048,2016,1,1,3,"1,2,3",942.8769955102148,950.3278900016312,-7.450894491416534,0.7840340760075708,,,,,,,-35.23193222417226,19.61520472761507,,,,exploratory; insufficient time blocks,False,exploratory; cluster-t assumes independent approximately normal block scores; bootstrap descriptive; no simultaneous CI correction,,,False,False,,
test_00822,results/reference_audit/predictions.parquet,ridge_seasonal_fixed_0.7,public_ens3_mean,targets_jan_may,12096,2016,3,1,3,"1,2,3",1272.260377268993,1501.6839808275777,-229.423603558585,15.27775527259402,,,-352.85307493210775,-139.54774030206565,,,-285.7263701458663,-174.19982510489908,,0.25,,exploratory; insufficient time blocks,False,exploratory; cluster-t assumes independent approximately normal block scores; bootstrap descriptive; no simultaneous CI correction,,1.0,False,False,,1.0
test_00823,results/reference_audit/predictions.parquet,ridge_seasonal_fixed_0.7,public_ens3_mean,all_available,54432,2016,10,4,3,"1,2,3",1026.4468383406029,993.7962211158994,32.650617224703296,-3.2854438898993847,-126.495395176861,188.8019843304941,-105.26479893478124,177.25734888346847,-244.3004324143708,309.6016668637774,-1.979825258016096,68.8230437835033,0.75,0.716796875,0.125,exploratory; insufficient time blocks,False,exploratory; cluster-t assumes independent approximately normal block scores; bootstrap descriptive; no simultaneous CI correction,1.0,1.0,False,False,1.0,1.0
test_00824,results/reference_audit/predictions.parquet,seasonal_growth_ema,public_ens3_mean,public_origins_jun_sep,24192,2016,6,2,3,"1,2,3",951.5822626548136,761.9163980544566,189.66586460035705,-24.893264547746487,178.563461672174,249.48638082338812,93.4750176999224,249.4990449264582,48.596459928498206,330.7352692722162,107.00617852579045,278.76648266285946,0.5,0.0625,0.5,exploratory; insufficient time blocks,False,exploratory; cluster-t assumes independent approximately normal block scores; bootstrap descriptive; no simultaneous CI correction,1.0,1.0,False,False,1.0,1.0
test_00825,results/reference_audit/predictions.parquet,seasonal_growth_ema,public_ens3_mean,later_origins,6048,2016,2,1,3,"1,2",914.6506802301044,880.3968905022884,34.25378972781596,-3.890721343674137,,,,,,,-15.168330183627264,81.74833524388116,,1.0,,exploratory; insufficient time blocks,False,exploratory; cluster-t assumes independent approximately normal block scores; bootstrap descriptive; no simultaneous CI correction,,1.0,False,False,,1.0
test_00826,results/reference_audit/predictions.parquet,seasonal_growth_ema,public_ens3_mean,targets_jun_sep,24192,2016,4,2,3,"1,2,3",990.4005064659756,877.0540121887904,113.34649427718512,-12.923547774933011,,,23.287016916150392,233.47228830802527,-1034.576103199182,1261.2690917535524,43.50438905297411,171.24383761384595,0.5,0.25,0.5,exploratory; insufficient time blocks,False,exploratory; cluster-t assumes independent approximately normal block scores; bootstrap descriptive; no simultaneous CI correction,1.0,1.0,False,False,1.0,1.0
test_00827,results/reference_audit/predictions.parquet,seasonal_growth_ema,public_ens3_mean,targets_oct_nov,12096,2016,2,1,3,"1,2,3",947.9504272683338,741.1270448155732,206.8233824527606,-27.906603044587023,,,,,,,117.38341601951404,292.7168921586855,,0.5,,exploratory; insufficient time blocks,False,exploratory; cluster-t assumes independent approximately normal block scores; bootstrap descriptive; no simultaneous CI correction,,1.0,False,False,,1.0
test_00828,results/reference_audit/predictions.parquet,seasonal_growth_ema,public_ens3_mean,targets_dec,6048,2016,1,1,3,"1,2,3",972.4714498810076,950.3278900016312,22.143559879376312,-2.330096813147124,,,,,,,-43.1887593213357,87.09609312803903,,,,exploratory; insufficient time blocks,False,exploratory; cluster-t assumes independent approximately normal block scores; bootstrap descriptive; no simultaneous CI correction,,,False,False,,
test_00829,results/reference_audit/predictions.parquet,seasonal_growth_ema,public_ens3_mean,targets_jan_may,18144,2016,4,2,3,"1,2,3",1545.1359390864286,1598.510221215085,-53.37428212865643,3.3390016166480763,,,-226.98303632360637,156.59621187215157,-326.6573631951953,219.90879893788207,-187.6749650300812,71.69658041495387,0.5,0.875,0.5,exploratory; insufficient time blocks,False,exploratory; cluster-t assumes independent approximately normal block scores; bootstrap descriptive; no simultaneous CI correction,1.0,1.0,False,False,1.0,1.0
test_00830,results/reference_audit/predictions.parquet,seasonal_growth_ema,public_ens3_mean,all_available,60480,2016,11,4,3,"1,2,3",1146.5382147540863,1073.6328692033194,72.90534555076692,-6.790528461080532,-60.89711609076081,184.0323325876274,-30.709802821679432,164.58845616848797,-120.8078815460896,266.61857264762324,30.27985388745444,112.99924020124412,0.375,0.185546875,0.125,exploratory; insufficient time blocks,False,exploratory; cluster-t assumes independent approximately normal block scores; bootstrap descriptive; no simultaneous CI correction,1.0,1.0,False,False,1.0,1.0
test_00831,results/reference_audit/predictions.parquet,seasonal_growth_median3,public_ens3_mean,public_origins_jun_sep,24192,2016,6,2,3,"1,2,3",1012.053339951942,761.9163980544566,250.13694189748537,-32.82997223005132,246.42948624541643,307.44663053499454,158.92264164274334,318.104956020598,203.02925133105504,297.24463246391565,163.46744725877485,344.266166251492,0.5,0.03125,0.5,exploratory; insufficient time blocks,False,exploratory; cluster-t assumes independent approximately normal block scores; bootstrap descriptive; no simultaneous CI correction,1.0,1.0,False,False,1.0,1.0
test_00832,results/reference_audit/predictions.parquet,seasonal_growth_median3,public_ens3_mean,later_origins,6048,2016,2,1,3,"1,2",951.391029212558,880.3968905022884,70.99413871026945,-8.063878856928438,,,,,,,21.722147634820583,120.46562170748,,0.5,,exploratory; insufficient time blocks,False,exploratory; cluster-t assumes independent approximately normal block scores; bootstrap descriptive; no simultaneous CI correction,,1.0,False,False,,1.0
test_00833,results/reference_audit/predictions.parquet,seasonal_growth_median3,public_ens3_mean,targets_jun_sep,24192,2016,4,2,3,"1,2,3",1107.9453960856126,877.0540121887904,230.89138389682228,-26.325788456358115,,,164.6266450327067,315.589215949808,-622.2351391372737,1084.0179069309183,164.78802339429907,284.8247252265478,0.5,0.125,0.5,exploratory; insufficient time blocks,False,exploratory; cluster-t assumes independent approximately normal block scores; bootstrap descriptive; no simultaneous CI correction,1.0,1.0,False,False,1.0,1.0
test_00834,results/reference_audit/predictions.parquet,seasonal_growth_median3,public_ens3_mean,targets_oct_nov,12096,2016,2,1,3,"1,2,3",991.2630749936684,741.1270448155732,250.1360301780952,-33.750762696878866,,,,,,,153.96627997978158,345.0463707710294,,0.5,,exploratory; insufficient time blocks,False,exploratory; cluster-t assumes independent approximately normal block scores; bootstrap descriptive; no simultaneous CI correction,,1.0,False,False,,1.0
test_00835,results/reference_audit/predictions.parquet,seasonal_growth_median3,public_ens3_mean,targets_dec,6048,2016,1,1,3,"1,2,3",1028.7387634548193,950.3278900016312,78.41087345318795,-8.250928366740172,,,,,,,9.571775053137571,145.85018238621706,,,,exploratory; insufficient time blocks,False,exploratory; cluster-t assumes independent approximately normal block scores; bootstrap descriptive; no simultaneous CI correction,,,False,False,,
test_00836,results/reference_audit/predictions.parquet,seasonal_growth_median3,public_ens3_mean,targets_jan_may,18144,2016,4,2,3,"1,2,3",1660.1376749092574,1598.510221215085,61.627453694172345,-3.855305576171237,,,-134.52783400658234,210.1276156431562,-997.994954760399,1121.2498621487432,-75.63668505387837,190.3655333459701,1.0,0.75,0.5,exploratory; insufficient time blocks,False,exploratory; cluster-t assumes independent approximately normal block scores; bootstrap descriptive; no simultaneous CI correction,1.0,1.0,False,False,1.0,1.0
test_00837,results/reference_audit/predictions.parquet,seasonal_growth_median3,public_ens3_mean,all_available,60480,2016,11,4,3,"1,2,3",1242.3459522512376,1073.6328692033194,168.7130830479182,-15.714224842343954,71.26719374321608,251.41342708680145,69.08358698580277,246.5316748937367,8.853619929098215,328.5725461667387,128.0060156369926,208.110233430055,0.25,0.0107421875,0.125,exploratory; insufficient time blocks,False,exploratory; cluster-t assumes independent approximately normal block scores; bootstrap descriptive; no simultaneous CI correction,1.0,1.0,False,False,1.0,1.0
test_00838,results/reference_audit/predictions.parquet,uni_fixed_a30_q1.5,public_ens3_mean,public_origins_jun_sep,24192,2016,6,2,3,"1,2,3",941.5459492037066,761.9163980544566,179.62955114925,-23.576018524858064,142.14109328340805,217.11800901509196,116.20690034724414,213.98071061800627,-296.70646974724605,655.9655720457461,140.09323102143009,221.2348148372589,0.5,0.0625,0.5,exploratory; insufficient time blocks,False,exploratory; cluster-t assumes independent approximately normal block scores; bootstrap descriptive; no simultaneous CI correction,1.0,1.0,False,False,1.0,1.0
test_00839,results/reference_audit/predictions.parquet,uni_fixed_a30_q1.5,public_ens3_mean,later_origins,6048,2016,2,1,3,"1,2",1078.7201136700287,880.3968905022884,198.32322316774025,-22.526570153444304,,,,,,,105.71042943545828,299.21650861590285,,0.5,,exploratory; insufficient time blocks,False,exploratory; cluster-t assumes independent approximately normal block scores; bootstrap descriptive; no simultaneous CI correction,,1.0,False,False,,1.0
test_00840,results/reference_audit/predictions.parquet,uni_fixed_a30_q1.5,public_ens3_mean,targets_jun_sep,24192,2016,4,2,3,"1,2,3",1195.956958661772,877.0540121887904,318.9029464729816,-36.36069638141467,,,20.8054397132146,701.8926893518862,-349.3227357816997,987.128628727663,242.62397687009957,396.1279978526674,0.5,0.25,0.5,exploratory; insufficient time blocks,False,exploratory; cluster-t assumes independent approximately normal block scores; bootstrap descriptive; no simultaneous CI correction,1.0,1.0,False,False,1.0,1.0
test_00841,results/reference_audit/predictions.parquet,uni_fixed_a30_q1.5,public_ens3_mean,targets_oct_nov,12096,2016,2,1,3,"1,2,3",928.6249399120976,741.1270448155732,187.49789509652453,-25.29902213232317,,,,,,,139.56572930510387,240.07035579456024,,0.5,,exploratory; insufficient time blocks,False,exploratory; cluster-t assumes independent approximately normal block scores; bootstrap descriptive; no simultaneous CI correction,,1.0,False,False,,1.0
test_00842,results/reference_audit/predictions.parquet,uni_fixed_a30_q1.5,public_ens3_mean,targets_dec,6048,2016,1,1,3,"1,2,3",1057.937509543139,950.3278900016312,107.60961954150764,-11.32342012411347,,,,,,,39.38271603560092,182.24871246236768,,,,exploratory; insufficient time blocks,False,exploratory; cluster-t assumes independent approximately normal block scores; bootstrap descriptive; no simultaneous CI correction,,,False,False,,
test_00843,results/reference_audit/predictions.parquet,uni_fixed_a30_q1.5,public_ens3_mean,targets_jan_may,12096,2016,3,1,3,"1,2,3",1315.9514035402474,1501.6839808275777,-185.7325772873303,12.368286514248696,,,-379.6104385119358,-73.73562383222773,,,-245.69962826780483,-127.3473046562047,,0.25,,exploratory; insufficient time blocks,False,exploratory; cluster-t assumes independent approximately normal block scores; bootstrap descriptive; no simultaneous CI correction,,1.0,False,False,,1.0
test_00844,results/reference_audit/predictions.parquet,uni_fixed_a30_q1.5,public_ens3_mean,all_available,54432,2016,10,4,3,"1,2,3",1147.8797812327684,993.7962211158994,154.08356011686908,-15.504542766710664,-39.97275282277867,358.98194083435726,-23.6233485705102,354.58541214089354,-220.0524954315877,528.219615665326,99.68515249574936,212.6414544541449,0.375,0.162109375,0.125,exploratory; insufficient time blocks,False,exploratory; cluster-t assumes independent approximately normal block scores; bootstrap descriptive; no simultaneous CI correction,1.0,1.0,False,False,1.0,1.0
test_00845,results/reference_audit/predictions.parquet,univariate_ridge_public_factor_mean1,public_ens3_mean,public_origins_jun_sep,24192,2016,6,2,3,"1,2,3",865.0766589147092,761.9163980544566,103.1602608602526,-13.53957745543618,90.91627842460956,115.40424329589538,87.33657008926495,122.4352905924581,-52.41428675630482,258.73480847680975,65.87526625545122,148.1732849085632,0.5,0.03125,0.5,exploratory; insufficient time blocks,False,exploratory; cluster-t assumes independent approximately normal block scores; bootstrap descriptive; no simultaneous CI correction,1.0,1.0,False,False,1.0,1.0
test_00846,results/reference_audit/predictions.parquet,univariate_ridge_public_factor_mean1,public_ens3_mean,later_origins,6048,2016,2,1,3,"1,2",1025.915750339821,880.3968905022884,145.51885983753257,-16.528779395678054,,,,,,,57.89956888823766,241.2358468831676,,0.5,,exploratory; insufficient time blocks,False,exploratory; cluster-t assumes independent approximately normal block scores; bootstrap descriptive; no simultaneous CI correction,,1.0,False,False,,1.0
test_00847,results/reference_audit/predictions.parquet,univariate_ridge_public_factor_mean1,public_ens3_mean,targets_jun_sep,24192,2016,4,2,3,"1,2,3",949.2984161580704,877.0540121887904,72.24440396927992,-8.237167034785646,,,3.006271084957695,117.59609996321376,-145.825135887822,290.313943826382,46.33937868837497,98.98534625465116,0.5,0.25,0.5,exploratory; insufficient time blocks,False,exploratory; cluster-t assumes independent approximately normal block scores; bootstrap descriptive; no simultaneous CI correction,1.0,1.0,False,False,1.0,1.0
test_00848,results/reference_audit/predictions.parquet,univariate_ridge_public_factor_mean1,public_ens3_mean,targets_oct_nov,12096,2016,2,1,3,"1,2,3",849.3811634844459,741.1270448155732,108.2541186688727,-14.6066884788709,,,,,,,63.141805976927984,167.77517454408874,,0.5,,exploratory; insufficient time blocks,False,exploratory; cluster-t assumes independent approximately normal block scores; bootstrap descriptive; no simultaneous CI correction,,1.0,False,False,,1.0
test_00849,results/reference_audit/predictions.parquet,univariate_ridge_public_factor_mean1,public_ens3_mean,targets_dec,6048,2016,1,1,3,"1,2,3",1061.1710693506377,950.3278900016312,110.8431793490064,-11.663677401787725,,,,,,,33.06323548236007,194.1946367810834,,,,exploratory; insufficient time blocks,False,exploratory; cluster-t assumes independent approximately normal block scores; bootstrap descriptive; no simultaneous CI correction,,,False,False,,
test_00850,results/reference_audit/predictions.parquet,univariate_ridge_public_factor_mean1,public_ens3_mean,targets_jan_may,12096,2016,3,1,3,"1,2,3",1401.0936475015972,1501.6839808275777,-100.59033332598052,6.698502122300405,,,-184.7746797112185,-33.34164177667334,,,-168.65559176017433,-30.758614596193087,,0.25,,exploratory; insufficient time blocks,False,exploratory; cluster-t assumes independent approximately normal block scores; bootstrap descriptive; no simultaneous CI correction,,1.0,False,False,,1.0
test_00851,results/reference_audit/predictions.parquet,univariate_ridge_public_factor_mean1,public_ens3_mean,all_available,54432,2016,10,4,3,"1,2,3",1039.9238173283338,993.7962211158994,46.12759621243447,-4.641554800906708,-41.23391641520664,105.02288330204824,-17.608388446776708,96.3825158941236,-99.0045834706957,191.2597758955647,10.00130569801628,83.58927525773417,0.5,0.171875,0.125,exploratory; insufficient time blocks,False,exploratory; cluster-t assumes independent approximately normal block scores; bootstrap descriptive; no simultaneous CI correction,1.0,1.0,False,False,1.0,1.0
test_00852,results/reference_audit/predictions.parquet,univariate_ridge_public_factor_mean3,public_ens3_mean,public_origins_jun_sep,24192,2016,6,2,3,"1,2,3",878.796452322185,761.9163980544566,116.88005426772838,-15.34027283914351,98.37999084618448,135.3801176892723,84.40684704323628,140.54602010252268,-118.18553920338717,351.94564773884395,73.54799870837549,167.68230500239494,0.5,0.03125,0.5,exploratory; insufficient time blocks,False,exploratory; cluster-t assumes independent approximately normal block scores; bootstrap descriptive; no simultaneous CI correction,1.0,1.0,False,False,1.0,1.0
test_00853,results/reference_audit/predictions.parquet,univariate_ridge_public_factor_mean3,public_ens3_mean,later_origins,6048,2016,2,1,3,"1,2",982.0549235286107,880.3968905022884,101.6580330263223,-11.546841444240432,,,,,,,14.153377894335692,198.31251996660984,,0.5,,exploratory; insufficient time blocks,False,exploratory; cluster-t assumes independent approximately normal block scores; bootstrap descriptive; no simultaneous CI correction,,1.0,False,False,,1.0
test_00854,results/reference_audit/predictions.parquet,univariate_ridge_public_factor_mean3,public_ens3_mean,targets_jun_sep,24192,2016,4,2,3,"1,2,3",1065.048841107723,877.0540121887904,187.99482891893297,-21.43480632963185,,,80.00519740292738,363.3837396066274,-139.0837554226438,515.0734132605099,143.98654317305832,233.7402772092924,0.5,0.125,0.5,exploratory; insufficient time blocks,False,exploratory; cluster-t assumes independent approximately normal block scores; bootstrap descriptive; no simultaneous CI correction,1.0,1.0,False,False,1.0,1.0
test_00855,results/reference_audit/predictions.parquet,univariate_ridge_public_factor_mean3,public_ens3_mean,targets_oct_nov,12096,2016,2,1,3,"1,2,3",823.830242774756,741.1270448155732,82.70319795918283,-11.159112130331613,,,,,,,34.75282008575555,148.56497658271437,,0.5,,exploratory; insufficient time blocks,False,exploratory; cluster-t assumes independent approximately normal block scores; bootstrap descriptive; no simultaneous CI correction,,1.0,False,False,,1.0
test_00856,results/reference_audit/predictions.parquet,univariate_ridge_public_factor_mean3,public_ens3_mean,targets_dec,6048,2016,1,1,3,"1,2,3",1083.3395088019572,950.3278900016312,133.0116188003259,-13.996392213649289,,,,,,,41.55509071499674,233.03208368650544,,,,exploratory; insufficient time blocks,False,exploratory; cluster-t assumes independent approximately normal block scores; bootstrap descriptive; no simultaneous CI correction,,,False,False,,
test_00857,results/reference_audit/predictions.parquet,univariate_ridge_public_factor_mean3,public_ens3_mean,targets_jan_may,12096,2016,3,1,3,"1,2,3",1909.5965464503136,1501.6839808275777,407.9125656227361,-27.163675635531227,,,231.45978104576037,447.57375699910807,,,268.2974561406205,555.5008905415267,,0.25,,exploratory; insufficient time blocks,False,exploratory; cluster-t assumes independent approximately normal block scores; bootstrap descriptive; no simultaneous CI correction,,1.0,False,False,,1.0
test_00858,results/reference_audit/predictions.parquet,univariate_ridge_public_factor_mean3,public_ens3_mean,all_available,54432,2016,10,4,3,"1,2,3",1201.1542724092212,993.7962211158994,207.35805129332184,-20.865248517496543,95.51421879238808,378.0817930949317,114.83602216912224,315.2604732634856,-4.395830735147513,419.1119333217909,148.46956121156333,268.4340470871551,0.125,0.001953125,0.125,exploratory; insufficient time blocks,False,exploratory; cluster-t assumes independent approximately normal block scores; bootstrap descriptive; no simultaneous CI correction,1.0,1.0,False,False,1.0,1.0
test_00859,results/reference_audit/predictions.parquet,weighted_factor_damped_yoy_trend,public_ens3_mean,targets_jun_sep,24192,2016,4,2,3,"1,2,3",1238.1387647758706,877.0540121887904,361.0847525870803,-41.17018422684725,,,58.29921221745346,767.1390485822133,-538.2026387088389,1260.3721438829994,253.8295902001128,477.66395347250943,0.5,0.25,0.5,exploratory; insufficient time blocks,False,exploratory; cluster-t assumes independent approximately normal block scores; bootstrap descriptive; no simultaneous CI correction,1.0,1.0,False,False,1.0,1.0
test_00860,results/reference_audit/predictions.parquet,weighted_factor_damped_yoy_trend,public_ens3_mean,targets_jan_may,12096,2016,3,1,3,"1,2,3",1334.6210947122072,1501.6839808275777,-167.06288611537047,11.12503617594044,,,-342.5057835333169,-61.25089405294749,,,-202.2265375653846,-132.52201676682745,,0.25,,exploratory; insufficient time blocks,False,exploratory; cluster-t assumes independent approximately normal block scores; bootstrap descriptive; no simultaneous CI correction,,1.0,False,False,,1.0
test_00861,results/reference_audit/predictions.parquet,weighted_factor_damped_yoy_trend,public_ens3_mean,all_available,54432,2016,10,4,3,"1,2,3",1167.69790560238,993.7962211158994,173.90168448648058,-17.49872667972237,-28.96499149997629,397.0725653425319,-7.283967974455449,388.7581732302936,-226.8942937967386,574.6976627697001,108.47030893849644,244.9546048795293,0.375,0.123046875,0.125,exploratory; insufficient time blocks,False,exploratory; cluster-t assumes independent approximately normal block scores; bootstrap descriptive; no simultaneous CI correction,1.0,1.0,False,False,1.0,1.0
test_00862,results/reference_audit/predictions.parquet,weighted_factor_ema_yoy,public_ens3_mean,public_origins_jun_sep,24192,2016,6,2,3,"1,2,3",823.4526489500063,761.9163980544566,61.53625089554964,-8.0765095819806,43.527699394812494,79.54480239628683,41.19092486880842,88.07302359796077,-167.28409147939817,290.3565932704975,26.160766774683783,100.5489024530312,0.5,0.03125,0.5,exploratory; insufficient time blocks,False,exploratory; cluster-t assumes independent approximately normal block scores; bootstrap descriptive; no simultaneous CI correction,1.0,1.0,False,False,1.0,1.0
test_00863,results/reference_audit/predictions.parquet,weighted_factor_ema_yoy,public_ens3_mean,later_origins,6048,2016,2,1,3,"1,2",1010.5578502867452,880.3968905022884,130.16095978445674,-14.78435023892425,,,,,,,32.91575695558377,234.8643483970126,,0.5,,exploratory; insufficient time blocks,False,exploratory; cluster-t assumes independent approximately normal block scores; bootstrap descriptive; no simultaneous CI correction,,1.0,False,False,,1.0
test_00864,results/reference_audit/predictions.parquet,weighted_factor_ema_yoy,public_ens3_mean,targets_jun_sep,24192,2016,4,2,3,"1,2,3",948.9710718407248,877.0540121887904,71.91705965193432,-8.199843869644576,,,8.540954223297497,153.76953468079125,-22.910365481824428,166.74448478569343,37.40812814495455,115.02495540607138,0.5,0.25,0.5,exploratory; insufficient time blocks,False,exploratory; cluster-t assumes independent approximately normal block scores; bootstrap descriptive; no simultaneous CI correction,1.0,1.0,False,False,1.0,1.0
test_00865,results/reference_audit/predictions.parquet,weighted_factor_ema_yoy,public_ens3_mean,targets_oct_nov,12096,2016,2,1,3,"1,2,3",812.2829703176998,741.1270448155732,71.15592550212659,-9.601042898094953,,,,,,,33.58207390210974,113.1376911521692,,0.5,,exploratory; insufficient time blocks,False,exploratory; cluster-t assumes independent approximately normal block scores; bootstrap descriptive; no simultaneous CI correction,,1.0,False,False,,1.0
test_00866,results/reference_audit/predictions.parquet,weighted_factor_ema_yoy,public_ens3_mean,targets_dec,6048,2016,1,1,3,"1,2,3",1097.2666035744087,950.3278900016312,146.93871357277737,-15.461896374789667,,,,,,,55.696278867065786,245.1807471992261,,,,exploratory; insufficient time blocks,False,exploratory; cluster-t assumes independent approximately normal block scores; bootstrap descriptive; no simultaneous CI correction,,,False,False,,
test_00867,results/reference_audit/predictions.parquet,weighted_factor_ema_yoy,public_ens3_mean,targets_jan_may,12096,2016,3,1,3,"1,2,3",1669.4401246164396,1501.6839808275777,167.7561437888619,-11.17120152646308,,,43.01671916420609,219.10842978239253,,,107.4847539461427,227.69092859287784,,0.25,,exploratory; insufficient time blocks,False,exploratory; cluster-t assumes independent approximately normal block scores; bootstrap descriptive; no simultaneous CI correction,,1.0,False,False,,1.0
test_00868,results/reference_audit/predictions.parquet,weighted_factor_ema_yoy,public_ens3_mean,all_available,54432,2016,10,4,3,"1,2,3",1095.177453422843,993.7962211158994,101.38123230694362,-10.201410525903,50.20907107217933,155.09868446432537,57.106202344846494,145.7442953485641,23.816748127900382,178.94571648598682,63.38700147602916,141.6331899607901,0.125,0.00390625,0.125,exploratory; insufficient time blocks,False,exploratory; cluster-t assumes independent approximately normal block scores; bootstrap descriptive; no simultaneous CI correction,1.0,1.0,False,False,1.0,1.0
test_00869,results/reference_audit/predictions.parquet,weighted_factor_last_yoy,public_ens3_mean,public_origins_jun_sep,24192,2016,6,2,3,"1,2,3",859.2889904487654,761.9163980544566,97.37259239430875,-12.779957570535084,72.97722693632912,121.76795785228836,72.69419095491284,128.5825413947941,-212.59991573486388,407.3451005234814,58.91446919272244,137.4411686091364,0.5,0.03125,0.5,exploratory; insufficient time blocks,False,exploratory; cluster-t assumes independent approximately normal block scores; bootstrap descriptive; no simultaneous CI correction,1.0,1.0,False,False,1.0,1.0
test_00870,results/reference_audit/predictions.parquet,weighted_factor_last_yoy,public_ens3_mean,later_origins,6048,2016,2,1,3,"1,2",1047.0228825375154,880.3968905022884,166.625992035227,-18.926235863936625,,,,,,,70.80732402784795,269.1458695776038,,0.5,,exploratory; insufficient time blocks,False,exploratory; cluster-t assumes independent approximately normal block scores; bootstrap descriptive; no simultaneous CI correction,,1.0,False,False,,1.0
test_00871,results/reference_audit/predictions.parquet,weighted_factor_last_yoy,public_ens3_mean,targets_jun_sep,24192,2016,4,2,3,"1,2,3",978.954234566788,877.0540121887904,101.9002223779977,-11.618466019406698,,,6.109416138940155,185.2686467860864,51.83467000967141,151.96577474632412,55.04596779985989,150.73466523499232,0.5,0.25,0.5,exploratory; insufficient time blocks,False,exploratory; cluster-t assumes independent approximately normal block scores; bootstrap descriptive; no simultaneous CI correction,1.0,1.0,False,False,1.0,1.0
test_00872,results/reference_audit/predictions.parquet,weighted_factor_last_yoy,public_ens3_mean,targets_oct_nov,12096,2016,2,1,3,"1,2,3",834.279851173326,741.1270448155732,93.15280635775288,-12.569073954241356,,,,,,,54.59899987763751,134.52752022452546,,0.5,,exploratory; insufficient time blocks,False,exploratory; cluster-t assumes independent approximately normal block scores; bootstrap descriptive; no simultaneous CI correction,,1.0,False,False,,1.0
test_00873,results/reference_audit/predictions.parquet,weighted_factor_last_yoy,public_ens3_mean,targets_dec,6048,2016,1,1,3,"1,2,3",1076.602723194011,950.3278900016312,126.2748331923798,-13.287501558242496,,,,,,,48.97560960676335,209.00539094012169,,,,exploratory; insufficient time blocks,False,exploratory; cluster-t assumes independent approximately normal block scores; bootstrap descriptive; no simultaneous CI correction,,,False,False,,
test_00874,results/reference_audit/predictions.parquet,weighted_factor_last_yoy,public_ens3_mean,targets_jan_may,12096,2016,3,1,3,"1,2,3",1421.892708563308,1501.6839808275777,-79.79127226426954,5.313452982317664,,,-146.44824323385657,-17.412693217052155,,,-120.0390489237781,-39.81456700604122,,0.25,,exploratory; insufficient time blocks,False,exploratory; cluster-t assumes independent approximately normal block scores; bootstrap descriptive; no simultaneous CI correction,,1.0,False,False,,1.0
test_00875,results/reference_audit/predictions.parquet,weighted_factor_last_yoy,public_ens3_mean,all_available,54432,2016,10,4,3,"1,2,3",1056.0849756593814,993.7962211158994,62.288754543482014,-6.267759246814213,-18.689159552305856,123.46035220863774,-1.8771300666207196,118.31648139627642,-72.56479859021091,197.1423076771748,20.20969559614691,106.20414004200263,0.375,0.111328125,0.125,exploratory; insufficient time blocks,False,exploratory; cluster-t assumes independent approximately normal block scores; bootstrap descriptive; no simultaneous CI correction,1.0,1.0,False,False,1.0,1.0
test_00876,results/reference_audit/predictions.parquet,weighted_factor_median3_yoy,public_ens3_mean,public_origins_jun_sep,24192,2016,6,2,3,"1,2,3",871.4319054488482,761.9163980544566,109.51550739439152,-14.37369082409014,75.51523019112514,143.51578459765807,73.37547828701081,143.6022853633361,-322.49897584575683,541.52999063454,66.88344888931223,153.36297744800595,0.5,0.03125,0.5,exploratory; insufficient time blocks,False,exploratory; cluster-t assumes independent approximately normal block scores; bootstrap descriptive; no simultaneous CI correction,1.0,1.0,False,False,1.0,1.0
test_00877,results/reference_audit/predictions.parquet,weighted_factor_median3_yoy,public_ens3_mean,later_origins,6048,2016,2,1,3,"1,2",991.5032174956544,880.3968905022884,111.10632699336588,-12.620027193641828,,,,,,,17.397263087815602,212.32062642509436,,0.5,,exploratory; insufficient time blocks,False,exploratory; cluster-t assumes independent approximately normal block scores; bootstrap descriptive; no simultaneous CI correction,,1.0,False,False,,1.0
test_00878,results/reference_audit/predictions.parquet,weighted_factor_median3_yoy,public_ens3_mean,targets_jun_sep,24192,2016,4,2,3,"1,2,3",1113.5947430944068,877.0540121887904,236.54073090561644,-26.96991606198819,,,136.07043095433644,356.11266462859066,-415.66875123130194,888.750213042535,183.15482338761035,292.7846919753502,0.5,0.125,0.5,exploratory; insufficient time blocks,False,exploratory; cluster-t assumes independent approximately normal block scores; bootstrap descriptive; no simultaneous CI correction,1.0,1.0,False,False,1.0,1.0
test_00879,results/reference_audit/predictions.parquet,weighted_factor_median3_yoy,public_ens3_mean,targets_oct_nov,12096,2016,2,1,3,"1,2,3",805.6384909312709,741.1270448155732,64.51144611569771,-8.704505734472441,,,,,,,27.855863420841388,107.24029449008526,,0.5,,exploratory; insufficient time blocks,False,exploratory; cluster-t assumes independent approximately normal block scores; bootstrap descriptive; no simultaneous CI correction,,1.0,False,False,,1.0
test_00880,results/reference_audit/predictions.parquet,weighted_factor_median3_yoy,public_ens3_mean,targets_dec,6048,2016,1,1,3,"1,2,3",1083.4417851458525,950.3278900016312,133.11389514422115,-14.007154430034948,,,,,,,44.55467064596,228.24077420070785,,,,exploratory; insufficient time blocks,False,exploratory; cluster-t assumes independent approximately normal block scores; bootstrap descriptive; no simultaneous CI correction,,,False,False,,
test_00881,results/reference_audit/predictions.parquet,weighted_factor_median3_yoy,public_ens3_mean,targets_jan_may,12096,2016,3,1,3,"1,2,3",1889.8971199106632,1501.6839808275777,388.2131390830855,-25.851853255379424,,,202.74708768643123,483.2703321404662,,,298.2139298316092,477.6765489309179,,0.25,,exploratory; insufficient time blocks,False,exploratory; cluster-t assumes independent approximately normal block scores; bootstrap descriptive; no simultaneous CI correction,,1.0,False,False,,1.0
test_00882,results/reference_audit/predictions.parquet,weighted_factor_median3_yoy,public_ens3_mean,all_available,54432,2016,10,4,3,"1,2,3",1214.3213310230385,993.7962211158994,220.52510990713915,-22.190173923132768,103.3800880933966,382.9198087369778,132.80732419125843,319.3256596640093,-3.773003725024751,444.82322353930346,165.03430390199634,277.567122705122,0.125,0.001953125,0.125,exploratory; insufficient time blocks,False,exploratory; cluster-t assumes independent approximately normal block scores; bootstrap descriptive; no simultaneous CI correction,1.0,1.0,False,False,1.0,1.0
test_00883,results/reference_audit/predictions.parquet,weighted_panel_ridge_public_factor_mean3,public_ens3_mean,public_origins_jun_sep,24192,2016,6,2,3,"1,2,3",873.7514912013271,761.9163980544566,111.83509314687046,-14.67813180454442,80.73591619278761,142.93427010095348,70.79259849593689,143.57738644226697,-283.3174163662379,506.9876026599791,68.72673641049619,156.5489893178102,0.5,0.03125,0.5,exploratory; insufficient time blocks,False,exploratory; cluster-t assumes independent approximately normal block scores; bootstrap descriptive; no simultaneous CI correction,1.0,1.0,False,False,1.0,1.0
test_00884,results/reference_audit/predictions.parquet,weighted_panel_ridge_public_factor_mean3,public_ens3_mean,later_origins,6048,2016,2,1,3,"1,2",1002.7316080961848,880.3968905022884,122.33471759389624,-13.895405460155729,,,,,,,25.831785938616537,226.54524114704904,,0.5,,exploratory; insufficient time blocks,False,exploratory; cluster-t assumes independent approximately normal block scores; bootstrap descriptive; no simultaneous CI correction,,1.0,False,False,,1.0
test_00885,results/reference_audit/predictions.parquet,weighted_panel_ridge_public_factor_mean3,public_ens3_mean,targets_jun_sep,24192,2016,4,2,3,"1,2,3",1059.9905467083352,877.0540121887904,182.9365345195448,-20.85806939791603,,,95.44268005700629,327.8619491500093,-93.360988133463,459.234057172553,139.3298704544325,231.95614219144616,0.5,0.125,0.5,exploratory; insufficient time blocks,False,exploratory; cluster-t assumes independent approximately normal block scores; bootstrap descriptive; no simultaneous CI correction,1.0,1.0,False,False,1.0,1.0
test_00886,results/reference_audit/predictions.parquet,weighted_panel_ridge_public_factor_mean3,public_ens3_mean,targets_oct_nov,12096,2016,2,1,3,"1,2,3",808.40404231539,741.1270448155732,67.27699749981684,-9.077660567164768,,,,,,,29.286454550566457,112.36899024805844,,0.5,,exploratory; insufficient time blocks,False,exploratory; cluster-t assumes independent approximately normal block scores; bootstrap descriptive; no simultaneous CI correction,,1.0,False,False,,1.0
test_00887,results/reference_audit/predictions.parquet,weighted_panel_ridge_public_factor_mean3,public_ens3_mean,targets_dec,6048,2016,1,1,3,"1,2,3",1099.580444981469,950.3278900016312,149.25255497983778,-15.70537459229799,,,,,,,56.62524411265267,248.790298105121,,,,exploratory; insufficient time blocks,False,exploratory; cluster-t assumes independent approximately normal block scores; bootstrap descriptive; no simultaneous CI correction,,,False,False,,
test_00888,results/reference_audit/predictions.parquet,weighted_panel_ridge_public_factor_mean3,public_ens3_mean,targets_jan_may,12096,2016,3,1,3,"1,2,3",1908.7835905380807,1501.6839808275777,407.0996097105035,-27.10953935102584,,,202.7470876864737,477.2124930332544,,,317.03056737200075,496.9721613570674,,0.25,,exploratory; insufficient time blocks,False,exploratory; cluster-t assumes independent approximately normal block scores; bootstrap descriptive; no simultaneous CI correction,,1.0,False,False,,1.0
test_00889,results/reference_audit/predictions.parquet,weighted_panel_ridge_public_factor_mean3,public_ens3_mean,all_available,54432,2016,10,4,3,"1,2,3",1197.101988613528,993.7962211158994,203.3057674976286,-20.4574904973319,95.90765733990897,367.1964032637382,116.07200110737494,306.019479640903,-13.597693072757892,420.20922806801536,153.06886421280606,254.99968987678832,0.125,0.001953125,0.125,exploratory; insufficient time blocks,False,exploratory; cluster-t assumes independent approximately normal block scores; bootstrap descriptive; no simultaneous CI correction,1.0,1.0,False,False,1.0,1.0
test_00890,results/formula_variants/predictions.parquet,literal_no_intercept_multi_damped_yoy_trend,ridge_seasonal_ensemble,public_origins_jun_sep,24192,2016,6,2,3,"1,2,3",918.809257838084,818.089793804466,100.7194640336179,-12.311541446474902,73.80087791054854,127.63805015668716,30.99790580658289,181.05407425219647,-241.3136024613808,442.7525305286165,66.46187693595387,140.64741824125022,0.5,0.03125,0.5,exploratory; insufficient time blocks,False,exploratory; cluster-t assumes independent approximately normal block scores; bootstrap descriptive; no simultaneous CI correction,1.0,1.0,False,False,1.0,1.0
test_00891,results/formula_variants/predictions.parquet,literal_no_intercept_multi_damped_yoy_trend,ridge_seasonal_ensemble,later_origins,6048,2016,2,1,3,"1,2",1069.503341104516,899.3242339958058,170.17910710871024,-18.922998032932348,,,,,,,70.41903190972425,275.92238809873345,,0.5,,exploratory; insufficient time blocks,False,exploratory; cluster-t assumes independent approximately normal block scores; bootstrap descriptive; no simultaneous CI correction,,1.0,False,False,,1.0
test_00892,results/formula_variants/predictions.parquet,literal_no_intercept_multi_damped_yoy_trend,ridge_seasonal_ensemble,targets_jun_sep,24192,2016,4,2,3,"1,2,3",1181.8132743764445,950.6647588420032,231.14851553444123,-24.31440877391956,,,75.71908020330683,434.2521767320628,-1053.207197162983,1515.5042282318657,177.23467902448456,288.0675779630764,0.5,0.125,0.5,exploratory; insufficient time blocks,False,exploratory; cluster-t assumes independent approximately normal block scores; bootstrap descriptive; no simultaneous CI correction,1.0,1.0,False,False,1.0,1.0
test_00893,results/formula_variants/predictions.parquet,literal_no_intercept_multi_damped_yoy_trend,ridge_seasonal_ensemble,targets_oct_nov,12096,2016,2,1,3,"1,2,3",920.8778182803612,792.1686357592141,128.70918252114723,-16.247699884986282,,,,,,,82.62097044013254,179.8986336000411,,0.5,,exploratory; insufficient time blocks,False,exploratory; cluster-t assumes independent approximately normal block scores; bootstrap descriptive; no simultaneous CI correction,,1.0,False,False,,1.0
test_00894,results/formula_variants/predictions.parquet,literal_no_intercept_multi_damped_yoy_trend,ridge_seasonal_ensemble,targets_dec,6048,2016,1,1,3,"1,2,3",1067.3405302531785,899.3036878733885,168.03684237978996,-18.685216645464,,,,,,,69.62922729558355,272.6077683356162,,,,exploratory; insufficient time blocks,False,exploratory; cluster-t assumes independent approximately normal block scores; bootstrap descriptive; no simultaneous CI correction,,,False,False,,
test_00895,results/formula_variants/predictions.parquet,literal_no_intercept_multi_damped_yoy_trend,ridge_seasonal_ensemble,targets_jan_may,12096,2016,3,1,3,"1,2,3",1545.536315252744,1268.157895192844,277.3784200599,-21.87254608525858,,,192.8510530821937,321.08480329041925,,,190.00846059545765,368.0202338226281,,0.25,,exploratory; insufficient time blocks,False,exploratory; cluster-t assumes independent approximately normal block scores; bootstrap descriptive; no simultaneous CI correction,,1.0,False,False,,1.0
test_00896,results/formula_variants/predictions.parquet,literal_no_intercept_multi_damped_yoy_trend,ridge_seasonal_ensemble,all_available,54432,2016,10,4,3,"1,2,3",1191.9357660916853,980.2906427939464,211.6451232977388,-21.59003810283496,131.04737235295073,312.5650448948082,124.05208507017274,312.5959221955804,25.155767457093475,398.1344791383842,151.93942860009943,272.2684282961265,0.125,0.001953125,0.125,exploratory; insufficient time blocks,False,exploratory; cluster-t assumes independent approximately normal block scores; bootstrap descriptive; no simultaneous CI correction,1.0,1.0,False,False,1.0,1.0
test_00897,results/formula_variants/predictions.parquet,literal_no_intercept_multi_damped_yoy_trend,ridge_seasonal_ensemble,public_origins_jun_sep/h6,2016,2016,1,1,6,6,2066.1076381129683,1795.5694689602276,270.5381691527407,-15.066984253714397,,,,,,,118.7270910068796,434.3102835141576,,,,exploratory; insufficient time blocks,False,exploratory; cluster-t assumes independent approximately normal block scores; bootstrap descriptive; no simultaneous CI correction,,,False,False,,
test_00898,results/formula_variants/predictions.parquet,literal_no_intercept_multi_damped_yoy_trend,ridge_seasonal_ensemble,targets_jun_sep/h6,4032,2016,2,1,6,6,1710.0193334796306,1549.1696666992411,160.8496667803895,-10.382959997087085,,,,,,,9.399886017274842,342.61130923716127,,1.0,,exploratory; insufficient time blocks,False,exploratory; cluster-t assumes independent approximately normal block scores; bootstrap descriptive; no simultaneous CI correction,,1.0,False,False,,1.0
test_00899,results/formula_variants/predictions.parquet,literal_no_intercept_multi_damped_yoy_trend,ridge_seasonal_ensemble,targets_oct_nov/h6,4032,2016,2,1,6,6,2076.3678243495483,1608.4929346401325,467.8748897094158,-29.08778022168268,,,,,,,381.0268203231488,553.4937924380179,,0.5,,exploratory; insufficient time blocks,False,exploratory; cluster-t assumes independent approximately normal block scores; bootstrap descriptive; no simultaneous CI correction,,1.0,False,False,,1.0
test_00900,results/formula_variants/predictions.parquet,literal_no_intercept_multi_damped_yoy_trend,ridge_seasonal_ensemble,targets_dec/h6,2016,2016,1,1,6,6,2066.1076381129683,1795.5694689602276,270.5381691527407,-15.066984253714397,,,,,,,118.7270910068796,434.3102835141576,,,,exploratory; insufficient time blocks,False,exploratory; cluster-t assumes independent approximately normal block scores; bootstrap descriptive; no simultaneous CI correction,,,False,False,,
test_00901,results/formula_variants/predictions.parquet,literal_no_intercept_multi_damped_yoy_trend,ridge_seasonal_ensemble,all_available/h6,10080,2016,5,1,6,6,1927.776390754265,1622.1789343277949,305.5974564264702,-18.83870206668076,,,46.9608526169644,616.9961718632812,,,236.5305786803427,386.44523376142126,,0.1875,,exploratory; insufficient time blocks,False,exploratory; cluster-t assumes independent approximately normal block scores; bootstrap descriptive; no simultaneous CI correction,,1.0,False,False,,1.0
test_00902,results/formula_variants/predictions.parquet,literal_no_intercept_multi_damped_yoy_trend_blend07,ridge_seasonal_ensemble,public_origins_jun_sep,24192,2016,6,2,3,"1,2,3",818.8627272177329,818.089793804466,0.7729334132668555,-0.0944802659952993,-17.495656680093923,19.04152350662765,-36.660621695961474,42.31497306222602,-231.3515125589304,232.8973793854641,-12.5542675514327,17.57210482971015,1.0,0.9375,0.5,exploratory; insufficient time blocks,False,exploratory; cluster-t assumes independent approximately normal block scores; bootstrap descriptive; no simultaneous CI correction,1.0,1.0,False,False,1.0,1.0
test_00903,results/formula_variants/predictions.parquet,literal_no_intercept_multi_damped_yoy_trend_blend07,ridge_seasonal_ensemble,later_origins,6048,2016,2,1,3,"1,2",934.3849736166404,899.3242339958058,35.06073962083451,-3.898564977511551,,,,,,,-8.138943994472175,80.27139611237392,,1.0,,exploratory; insufficient time blocks,False,exploratory; cluster-t assumes independent approximately normal block scores; bootstrap descriptive; no simultaneous CI correction,,1.0,False,False,,1.0
test_00904,results/formula_variants/predictions.parquet,literal_no_intercept_multi_damped_yoy_trend_blend07,ridge_seasonal_ensemble,targets_jun_sep,24192,2016,4,2,3,"1,2,3",1002.1955631518553,950.6647588420032,51.53080430985199,-5.420502214957587,,,-16.35529938887328,118.50237499138495,-582.4391958330131,685.500804452717,30.44221838947682,74.49516100951226,1.0,0.375,0.5,exploratory; insufficient time blocks,False,exploratory; cluster-t assumes independent approximately normal block scores; bootstrap descriptive; no simultaneous CI correction,1.0,1.0,False,False,1.0,1.0
test_00905,results/formula_variants/predictions.parquet,literal_no_intercept_multi_damped_yoy_trend_blend07,ridge_seasonal_ensemble,targets_oct_nov,12096,2016,2,1,3,"1,2,3",811.9879222325297,792.1686357592141,19.81928647331563,-2.5019024458499084,,,,,,,3.330661757848509,39.25821509814001,,1.0,,exploratory; insufficient time blocks,False,exploratory; cluster-t assumes independent approximately normal block scores; bootstrap descriptive; no simultaneous CI correction,,1.0,False,False,,1.0
test_00906,results/formula_variants/predictions.parquet,literal_no_intercept_multi_damped_yoy_trend_blend07,ridge_seasonal_ensemble,targets_dec,6048,2016,1,1,3,"1,2,3",932.8089015608468,899.3036878733885,33.505213687458195,-3.7256840085565552,,,,,,,-9.905866053469431,79.15532494145997,,,,exploratory; insufficient time blocks,False,exploratory; cluster-t assumes independent approximately normal block scores; bootstrap descriptive; no simultaneous CI correction,,,False,False,,
test_00907,results/formula_variants/predictions.parquet,literal_no_intercept_multi_damped_yoy_trend_blend07,ridge_seasonal_ensemble,targets_jan_may,12096,2016,3,1,3,"1,2,3",1434.685013671432,1268.157895192844,166.5271184785879,-13.131418343869928,,,139.435287262643,218.7266935548511,,,134.58077431641618,197.96298909291744,,0.25,,exploratory; insufficient time blocks,False,exploratory; cluster-t assumes independent approximately normal block scores; bootstrap descriptive; no simultaneous CI correction,,1.0,False,False,,1.0
test_00908,results/formula_variants/predictions.parquet,literal_no_intercept_multi_damped_yoy_trend_blend07,ridge_seasonal_ensemble,all_available,54432,2016,10,4,3,"1,2,3",1048.326336219577,980.2906427939464,68.03569342563037,-6.940359364414664,16.401224626029183,134.33874352214713,20.87888379436285,117.60561149117164,-52.93295100872084,189.0043378599817,47.169503925327184,89.7255794883992,0.25,0.02734375,0.125,exploratory; insufficient time blocks,False,exploratory; cluster-t assumes independent approximately normal block scores; bootstrap descriptive; no simultaneous CI correction,1.0,1.0,False,False,1.0,1.0
test_00909,results/formula_variants/predictions.parquet,literal_no_intercept_multi_damped_yoy_trend_blend07,ridge_seasonal_ensemble,public_origins_jun_sep/h6,2016,2016,1,1,6,6,1821.0645717193245,1795.5694689602276,25.49510275909688,-1.419889522506779,,,,,,,-45.822745058490646,102.38579047925992,,,,exploratory; insufficient time blocks,False,exploratory; cluster-t assumes independent approximately normal block scores; bootstrap descriptive; no simultaneous CI correction,,,False,False,,
test_00910,results/formula_variants/predictions.parquet,literal_no_intercept_multi_damped_yoy_trend_blend07,ridge_seasonal_ensemble,targets_jun_sep/h6,4032,2016,2,1,6,6,1643.9664760774806,1549.1696666992411,94.79680937823946,-6.119201235086117,,,,,,,4.671090660336783,196.67541456885223,,1.0,,exploratory; insufficient time blocks,False,exploratory; cluster-t assumes independent approximately normal block scores; bootstrap descriptive; no simultaneous CI correction,,1.0,False,False,,1.0
test_00911,results/formula_variants/predictions.parquet,literal_no_intercept_multi_damped_yoy_trend_blend07,ridge_seasonal_ensemble,targets_oct_nov/h6,4032,2016,2,1,6,6,1691.405264740954,1608.4929346401325,82.91233010082146,-5.154659266151604,,,,,,,46.51883204392331,119.65432327916416,,1.0,,exploratory; insufficient time blocks,False,exploratory; cluster-t assumes independent approximately normal block scores; bootstrap descriptive; no simultaneous CI correction,,1.0,False,False,,1.0
test_00912,results/formula_variants/predictions.parquet,literal_no_intercept_multi_damped_yoy_trend_blend07,ridge_seasonal_ensemble,targets_dec/h6,2016,2016,1,1,6,6,1821.0645717193245,1795.5694689602276,25.49510275909688,-1.419889522506779,,,,,,,-45.822745058490646,102.38579047925992,,,,exploratory; insufficient time blocks,False,exploratory; cluster-t assumes independent approximately normal block scores; bootstrap descriptive; no simultaneous CI correction,,,False,False,,
test_00913,results/formula_variants/predictions.parquet,literal_no_intercept_multi_damped_yoy_trend_blend07,ridge_seasonal_ensemble,all_available/h6,10080,2016,5,1,6,6,1698.3616106712384,1622.1789343277949,76.18267634344352,-4.696317695372638,,,-41.87166614588672,194.23701883277428,,,43.757527189393045,114.01325335135364,,0.4375,,exploratory; insufficient time blocks,False,exploratory; cluster-t assumes independent approximately normal block scores; bootstrap descriptive; no simultaneous CI correction,,1.0,False,False,,1.0
test_00914,results/formula_variants/predictions.parquet,literal_no_intercept_multi_ema_yoy,ridge_seasonal_ensemble,public_origins_jun_sep,24192,2016,6,2,3,"1,2,3",814.6780201078305,818.089793804466,-3.411773696635464,0.4170414693440023,-82.42859591945209,75.60504852618088,-78.79475659344973,80.03764907327233,-1007.4156944819993,1000.592147088728,-46.62799769655834,52.19646926684474,1.0,0.96875,0.5,exploratory; insufficient time blocks,False,exploratory; cluster-t assumes independent approximately normal block scores; bootstrap descriptive; no simultaneous CI correction,1.0,1.0,False,False,1.0,1.0
test_00915,results/formula_variants/predictions.parquet,literal_no_intercept_multi_ema_yoy,ridge_seasonal_ensemble,later_origins,6048,2016,2,1,3,"1,2",985.162792971856,899.3242339958058,85.8385589760502,-9.544784376004095,,,,,,,-12.229395688735186,189.6432936620179,,1.0,,exploratory; insufficient time blocks,False,exploratory; cluster-t assumes independent approximately normal block scores; bootstrap descriptive; no simultaneous CI correction,,1.0,False,False,,1.0
test_00916,results/formula_variants/predictions.parquet,literal_no_intercept_multi_ema_yoy,ridge_seasonal_ensemble,targets_jun_sep,24192,2016,4,2,3,"1,2,3",1013.9080613610962,950.6647588420032,63.243302519092936,-6.652534653343948,,,-176.7180241088319,439.7615548363622,-1108.496512882746,1234.9831179209316,-44.23095946282082,188.115879738709,1.0,1.0,0.5,exploratory; insufficient time blocks,False,exploratory; cluster-t assumes independent approximately normal block scores; bootstrap descriptive; no simultaneous CI correction,1.0,1.0,False,False,1.0,1.0
test_00917,results/formula_variants/predictions.parquet,literal_no_intercept_multi_ema_yoy,ridge_seasonal_ensemble,targets_oct_nov,12096,2016,2,1,3,"1,2,3",817.11676875493,792.1686357592141,24.948132995715923,-3.1493462211875687,,,,,,,-19.740910053706923,83.01407902219233,,1.0,,exploratory; insufficient time blocks,False,exploratory; cluster-t assumes independent approximately normal block scores; bootstrap descriptive; no simultaneous CI correction,,1.0,False,False,,1.0
test_00918,results/formula_variants/predictions.parquet,literal_no_intercept_multi_ema_yoy,ridge_seasonal_ensemble,targets_dec,6048,2016,1,1,3,"1,2,3",1086.4560779103688,899.3036878733885,187.15239003698025,-20.81081091522546,,,,,,,61.583345661977965,322.8078915378166,,,,exploratory; insufficient time blocks,False,exploratory; cluster-t assumes independent approximately normal block scores; bootstrap descriptive; no simultaneous CI correction,,,False,False,,
test_00919,results/formula_variants/predictions.parquet,literal_no_intercept_multi_ema_yoy,ridge_seasonal_ensemble,targets_jan_may,12096,2016,3,1,3,"1,2,3",1967.9853183224227,1268.157895192844,699.8274231295786,-55.18456540643612,,,482.7049235645866,881.9841677899365,,,580.7568613021949,819.6557107312656,,0.25,,exploratory; insufficient time blocks,False,exploratory; cluster-t assumes independent approximately normal block scores; bootstrap descriptive; no simultaneous CI correction,,1.0,False,False,,1.0
test_00920,results/formula_variants/predictions.parquet,literal_no_intercept_multi_ema_yoy,ridge_seasonal_ensemble,all_available,54432,2016,10,4,3,"1,2,3",1190.2547219454952,980.2906427939464,209.96407915154876,-21.4185538436974,-42.043209442428825,559.5525204214241,3.7454409599589225,442.6960174116997,-293.0088187612824,712.9369770643802,154.9637668161467,278.9943558954308,0.25,0.12109375,0.125,exploratory; insufficient time blocks,False,exploratory; cluster-t assumes independent approximately normal block scores; bootstrap descriptive; no simultaneous CI correction,1.0,1.0,False,False,1.0,1.0
test_00921,results/formula_variants/predictions.parquet,literal_no_intercept_multi_ema_yoy,ridge_seasonal_ensemble,public_origins_jun_sep/h6,2016,2016,1,1,6,6,1476.7245805179955,1795.5694689602276,-318.8448884422321,17.75731287227042,,,,,,,-426.121124638067,-206.11286556928792,,,,exploratory; insufficient time blocks,False,exploratory; cluster-t assumes independent approximately normal block scores; bootstrap descriptive; no simultaneous CI correction,,,False,False,,
test_00922,results/formula_variants/predictions.parquet,literal_no_intercept_multi_ema_yoy,ridge_seasonal_ensemble,targets_jun_sep/h6,4032,2016,2,1,6,6,2073.4512708407874,1549.1696666992411,524.2816041415463,-33.84274914565128,,,,,,,240.91030065368932,830.5869386853709,,0.5,,exploratory; insufficient time blocks,False,exploratory; cluster-t assumes independent approximately normal block scores; bootstrap descriptive; no simultaneous CI correction,,1.0,False,False,,1.0
test_00923,results/formula_variants/predictions.parquet,literal_no_intercept_multi_ema_yoy,ridge_seasonal_ensemble,targets_oct_nov/h6,4032,2016,2,1,6,6,1123.3238438446554,1608.4929346401325,-485.16909079547713,30.16296064141704,,,,,,,-839.5088706666028,-152.95965820183295,,0.5,,exploratory; insufficient time blocks,False,exploratory; cluster-t assumes independent approximately normal block scores; bootstrap descriptive; no simultaneous CI correction,,1.0,False,False,,1.0
test_00924,results/formula_variants/predictions.parquet,literal_no_intercept_multi_ema_yoy,ridge_seasonal_ensemble,targets_dec/h6,2016,2016,1,1,6,6,1476.7245805179955,1795.5694689602276,-318.8448884422321,17.75731287227042,,,,,,,-426.121124638067,-206.11286556928792,,,,exploratory; insufficient time blocks,False,exploratory; cluster-t assumes independent approximately normal block scores; bootstrap descriptive; no simultaneous CI correction,,,False,False,,
test_00925,results/formula_variants/predictions.parquet,literal_no_intercept_multi_ema_yoy,ridge_seasonal_ensemble,all_available/h6,10080,2016,5,1,6,6,1574.0549619777764,1622.1789343277949,-48.12397235001845,2.966625403131637,,,-450.0714498040136,393.16001418881626,,,-306.25815279318374,206.12953316368456,,0.875,,exploratory; insufficient time blocks,False,exploratory; cluster-t assumes independent approximately normal block scores; bootstrap descriptive; no simultaneous CI correction,,1.0,False,False,,1.0
test_00926,results/formula_variants/predictions.parquet,literal_no_intercept_multi_ema_yoy_blend07,ridge_seasonal_ensemble,public_origins_jun_sep,24192,2016,6,2,3,"1,2,3",763.8848084909338,818.089793804466,-54.20498531353224,6.625798992242155,-109.57585481297424,1.165884185909637,-105.59338766330156,2.3535207601307206,-757.7585896077046,649.3486189806401,-77.25247198456822,-27.713482853496703,1.0,0.15625,0.5,exploratory; insufficient time blocks,False,exploratory; cluster-t assumes independent approximately normal block scores; bootstrap descriptive; no simultaneous CI correction,1.0,1.0,False,False,1.0,1.0
test_00927,results/formula_variants/predictions.parquet,literal_no_intercept_multi_ema_yoy_blend07,ridge_seasonal_ensemble,later_origins,6048,2016,2,1,3,"1,2",877.5469001365506,899.3242339958058,-21.77733385925524,2.421521964608462,,,,,,,-61.12541744568813,19.446686700842573,,1.0,,exploratory; insufficient time blocks,False,exploratory; cluster-t assumes independent approximately normal block scores; bootstrap descriptive; no simultaneous CI correction,,1.0,False,False,,1.0
test_00928,results/formula_variants/predictions.parquet,literal_no_intercept_multi_ema_yoy_blend07,ridge_seasonal_ensemble,targets_jun_sep,24192,2016,4,2,3,"1,2,3",922.4860549806908,950.6647588420032,-28.17870386131244,2.964105232599206,,,-266.7230610517876,290.16868745199986,-661.140495303482,604.7830875808571,-113.60518216796986,61.17447956319989,1.0,0.875,0.5,exploratory; insufficient time blocks,False,exploratory; cluster-t assumes independent approximately normal block scores; bootstrap descriptive; no simultaneous CI correction,1.0,1.0,False,False,1.0,1.0
test_00929,results/formula_variants/predictions.parquet,literal_no_intercept_multi_ema_yoy_blend07,ridge_seasonal_ensemble,targets_oct_nov,12096,2016,2,1,3,"1,2,3",757.0099037548903,792.1686357592141,-35.15873200432384,4.438288820994248,,,,,,,-53.841812236998834,-10.340898021240143,,1.0,,exploratory; insufficient time blocks,False,exploratory; cluster-t assumes independent approximately normal block scores; bootstrap descriptive; no simultaneous CI correction,,1.0,False,False,,1.0
test_00930,results/formula_variants/predictions.parquet,literal_no_intercept_multi_ema_yoy_blend07,ridge_seasonal_ensemble,targets_dec,6048,2016,1,1,3,"1,2,3",950.1755863946004,899.3036878733885,50.87189852121185,-5.656809730371529,,,,,,,-6.150183280412791,112.70283949644462,,,,exploratory; insufficient time blocks,False,exploratory; cluster-t assumes independent approximately normal block scores; bootstrap descriptive; no simultaneous CI correction,,,False,False,,
test_00931,results/formula_variants/predictions.parquet,literal_no_intercept_multi_ema_yoy_blend07,ridge_seasonal_ensemble,targets_jan_may,12096,2016,3,1,3,"1,2,3",1739.0534721427025,1268.157895192844,470.8955769498582,-37.13225133359682,,,367.1704712471941,611.5533559240401,,,418.9466413387973,522.5387274508224,,0.25,,exploratory; insufficient time blocks,False,exploratory; cluster-t assumes independent approximately normal block scores; bootstrap descriptive; no simultaneous CI correction,,1.0,False,False,,1.0
test_00932,results/formula_variants/predictions.parquet,literal_no_intercept_multi_ema_yoy_blend07,ridge_seasonal_ensemble,all_available,54432,2016,10,4,3,"1,2,3",1070.249617568061,980.2906427939464,89.9589747741145,-9.176765629193458,-106.53470648632135,353.5030409967146,-74.39612934202451,274.4117998208352,-289.9913614974888,469.9093110457179,54.039075703054166,132.98987540502927,0.625,0.35546875,0.125,exploratory; insufficient time blocks,False,exploratory; cluster-t assumes independent approximately normal block scores; bootstrap descriptive; no simultaneous CI correction,1.0,1.0,False,False,1.0,1.0
test_00933,results/formula_variants/predictions.parquet,literal_no_intercept_multi_ema_yoy_blend07,ridge_seasonal_ensemble,public_origins_jun_sep/h6,2016,2016,1,1,6,6,1406.310523677798,1795.5694689602276,-389.2589452824295,21.678857432780937,,,,,,,-464.311835859853,-317.19848267068664,,,,exploratory; insufficient time blocks,False,exploratory; cluster-t assumes independent approximately normal block scores; bootstrap descriptive; no simultaneous CI correction,,,False,False,,
test_00934,results/formula_variants/predictions.parquet,literal_no_intercept_multi_ema_yoy_blend07,ridge_seasonal_ensemble,targets_jun_sep/h6,4032,2016,2,1,6,6,1833.332062725135,1549.1696666992411,284.16239602589394,-18.34288407101001,,,,,,,48.53921638976539,515.4529665652966,,0.5,,exploratory; insufficient time blocks,False,exploratory; cluster-t assumes independent approximately normal block scores; bootstrap descriptive; no simultaneous CI correction,,1.0,False,False,,1.0
test_00935,results/formula_variants/predictions.parquet,literal_no_intercept_multi_ema_yoy_blend07,ridge_seasonal_ensemble,targets_oct_nov/h6,4032,2016,2,1,6,6,1105.464894522832,1608.4929346401325,-503.02804011730063,31.27325145695109,,,,,,,-798.3584870549687,-225.89279434202467,,0.5,,exploratory; insufficient time blocks,False,exploratory; cluster-t assumes independent approximately normal block scores; bootstrap descriptive; no simultaneous CI correction,,1.0,False,False,,1.0
test_00936,results/formula_variants/predictions.parquet,literal_no_intercept_multi_ema_yoy_blend07,ridge_seasonal_ensemble,targets_dec/h6,2016,2016,1,1,6,6,1406.310523677798,1795.5694689602276,-389.2589452824295,21.678857432780937,,,,,,,-464.311835859853,-317.19848267068664,,,,exploratory; insufficient time blocks,False,exploratory; cluster-t assumes independent approximately normal block scores; bootstrap descriptive; no simultaneous CI correction,,,False,False,,
test_00937,results/formula_variants/predictions.parquet,literal_no_intercept_multi_ema_yoy_blend07,ridge_seasonal_ensemble,all_available/h6,10080,2016,5,1,6,6,1456.7808876347465,1622.1789343277949,-165.3980466930484,10.196042076060287,,,-480.2742211503263,197.32050777664213,,,-386.9621808790208,42.2110625106812,,0.4375,,exploratory; insufficient time blocks,False,exploratory; cluster-t assumes independent approximately normal block scores; bootstrap descriptive; no simultaneous CI correction,,1.0,False,False,,1.0
test_00938,results/formula_variants/predictions.parquet,literal_no_intercept_uni_damped_yoy_trend,ridge_seasonal_ensemble,public_origins_jun_sep,24192,2016,6,2,3,"1,2,3",931.1360653400152,818.089793804466,113.04627153554908,-13.818320726119286,96.52380422319824,129.56873884790014,63.90380226026057,170.2873887170654,-96.89158088618892,322.98412395728724,71.55797946908211,167.739031882631,0.5,0.03125,0.5,exploratory; insufficient time blocks,False,exploratory; cluster-t assumes independent approximately normal block scores; bootstrap descriptive; no simultaneous CI correction,1.0,1.0,False,False,1.0,1.0
test_00939,results/formula_variants/predictions.parquet,literal_no_intercept_uni_damped_yoy_trend,ridge_seasonal_ensemble,later_origins,6048,2016,2,1,3,"1,2",1078.7137954154962,899.3242339958058,179.38956141969038,-19.947150831535023,,,,,,,94.44657798143528,266.6468660509945,,0.5,,exploratory; insufficient time blocks,False,exploratory; cluster-t assumes independent approximately normal block scores; bootstrap descriptive; no simultaneous CI correction,,1.0,False,False,,1.0
test_00940,results/formula_variants/predictions.parquet,literal_no_intercept_uni_damped_yoy_trend,ridge_seasonal_ensemble,targets_jun_sep,24192,2016,4,2,3,"1,2,3",1166.1903516345951,950.6647588420032,215.52559279259208,-22.67104053116705,,,80.58998897269177,434.3192843142133,-753.3667214396403,1184.4179070248242,184.04409332734983,251.39729125115085,0.5,0.125,0.5,exploratory; insufficient time blocks,False,exploratory; cluster-t assumes independent approximately normal block scores; bootstrap descriptive; no simultaneous CI correction,1.0,1.0,False,False,1.0,1.0
test_00941,results/formula_variants/predictions.parquet,literal_no_intercept_uni_damped_yoy_trend,ridge_seasonal_ensemble,targets_oct_nov,12096,2016,2,1,3,"1,2,3",931.4464464358056,792.1686357592141,139.27781067659157,-17.581838561824373,,,,,,,82.2526653208394,212.2978912887308,,0.5,,exploratory; insufficient time blocks,False,exploratory; cluster-t assumes independent approximately normal block scores; bootstrap descriptive; no simultaneous CI correction,,1.0,False,False,,1.0
test_00942,results/formula_variants/predictions.parquet,literal_no_intercept_uni_damped_yoy_trend,ridge_seasonal_ensemble,targets_dec,6048,2016,1,1,3,"1,2,3",1059.275105635696,899.3036878733885,159.9714177623075,-17.78836447792146,,,,,,,75.8958651957288,248.06060085875825,,,,exploratory; insufficient time blocks,False,exploratory; cluster-t assumes independent approximately normal block scores; bootstrap descriptive; no simultaneous CI correction,,,False,False,,
test_00943,results/formula_variants/predictions.parquet,literal_no_intercept_uni_damped_yoy_trend,ridge_seasonal_ensemble,targets_jan_may,12096,2016,3,1,3,"1,2,3",1384.1504227824928,1268.157895192844,115.99252758964872,-9.146536723016668,,,10.47724407320276,166.1913216896338,,,-17.563264315067965,256.3124419259343,,0.25,,exploratory; insufficient time blocks,False,exploratory; cluster-t assumes independent approximately normal block scores; bootstrap descriptive; no simultaneous CI correction,,1.0,False,False,,1.0
test_00944,results/formula_variants/predictions.parquet,literal_no_intercept_uni_damped_yoy_trend,ridge_seasonal_ensemble,all_available,54432,2016,10,4,3,"1,2,3",1150.5811389567414,980.2906427939464,170.29049616279485,-17.37142932196582,119.45610953355651,259.63298009996043,99.09052439470068,269.9978791691196,26.72656724917678,313.8544250764133,120.05263505840372,220.76961671410524,0.125,0.001953125,0.125,exploratory; insufficient time blocks,False,exploratory; cluster-t assumes independent approximately normal block scores; bootstrap descriptive; no simultaneous CI correction,1.0,1.0,False,False,1.0,1.0
test_00945,results/formula_variants/predictions.parquet,literal_no_intercept_uni_damped_yoy_trend,ridge_seasonal_ensemble,public_origins_jun_sep/h6,2016,2016,1,1,6,6,1993.3468730715967,1795.5694689602276,197.7774041113696,-11.014745323437577,,,,,,,34.18319424511304,380.82813340565497,,,,exploratory; insufficient time blocks,False,exploratory; cluster-t assumes independent approximately normal block scores; bootstrap descriptive; no simultaneous CI correction,,,False,False,,
test_00946,results/formula_variants/predictions.parquet,literal_no_intercept_uni_damped_yoy_trend,ridge_seasonal_ensemble,targets_jun_sep/h6,4032,2016,2,1,6,6,1321.2702256449077,1549.1696666992411,-227.8994410543335,14.711070449753285,,,,,,,-344.9895159058639,-112.28046133011208,,0.5,,exploratory; insufficient time blocks,False,exploratory; cluster-t assumes independent approximately normal block scores; bootstrap descriptive; no simultaneous CI correction,,1.0,False,False,,1.0
test_00947,results/formula_variants/predictions.parquet,literal_no_intercept_uni_damped_yoy_trend,ridge_seasonal_ensemble,targets_oct_nov/h6,4032,2016,2,1,6,6,2042.851886210535,1608.4929346401325,434.3589515704025,-27.004094467320837,,,,,,,247.51259002785704,623.6256557429143,,1.0,,exploratory; insufficient time blocks,False,exploratory; cluster-t assumes independent approximately normal block scores; bootstrap descriptive; no simultaneous CI correction,,1.0,False,False,,1.0
test_00948,results/formula_variants/predictions.parquet,literal_no_intercept_uni_damped_yoy_trend,ridge_seasonal_ensemble,targets_dec/h6,2016,2016,1,1,6,6,1993.3468730715967,1795.5694689602276,197.7774041113696,-11.014745323437577,,,,,,,34.18319424511304,380.82813340565497,,,,exploratory; insufficient time blocks,False,exploratory; cluster-t assumes independent approximately normal block scores; bootstrap descriptive; no simultaneous CI correction,,,False,False,,
test_00949,results/formula_variants/predictions.parquet,literal_no_intercept_uni_damped_yoy_trend,ridge_seasonal_ensemble,all_available/h6,10080,2016,5,1,6,6,1744.3182193564965,1622.1789343277949,122.13928502870158,-7.529334923789659,,,-221.69796384448705,522.8973894619037,,,-16.476327040320704,255.67249060470863,,0.75,,exploratory; insufficient time blocks,False,exploratory; cluster-t assumes independent approximately normal block scores; bootstrap descriptive; no simultaneous CI correction,,1.0,False,False,,1.0
test_00950,results/formula_variants/predictions.parquet,literal_no_intercept_uni_damped_yoy_trend_blend07,ridge_seasonal_ensemble,public_origins_jun_sep,24192,2016,6,2,3,"1,2,3",832.4169884267129,818.089793804466,14.327194622246909,-1.751298540911915,1.670327898054804,26.98406134643871,-9.141455436086648,41.79864537709036,-146.49354529707082,175.14793454156435,-4.382504398103879,39.01150417208983,0.5,0.5625,0.5,exploratory; insufficient time blocks,False,exploratory; cluster-t assumes independent approximately normal block scores; bootstrap descriptive; no simultaneous CI correction,1.0,1.0,False,False,1.0,1.0
test_00951,results/formula_variants/predictions.parquet,literal_no_intercept_uni_damped_yoy_trend_blend07,ridge_seasonal_ensemble,later_origins,6048,2016,2,1,3,"1,2",951.1826107795202,899.3242339958058,51.85837678371445,-5.76637155137046,,,,,,,17.3647277450355,87.11152194297897,,0.5,,exploratory; insufficient time blocks,False,exploratory; cluster-t assumes independent approximately normal block scores; bootstrap descriptive; no simultaneous CI correction,,1.0,False,False,,1.0
test_00952,results/formula_variants/predictions.parquet,literal_no_intercept_uni_damped_yoy_trend_blend07,ridge_seasonal_ensemble,targets_jun_sep,24192,2016,4,2,3,"1,2,3",983.2655261507396,950.6647588420032,32.600767308736295,-3.429260105154946,,,-13.370269065987731,110.10216434295609,-288.97549817981286,354.17703279728534,17.436709636830038,49.82010695367672,1.0,0.875,0.5,exploratory; insufficient time blocks,False,exploratory; cluster-t assumes independent approximately normal block scores; bootstrap descriptive; no simultaneous CI correction,1.0,1.0,False,False,1.0,1.0
test_00953,results/formula_variants/predictions.parquet,literal_no_intercept_uni_damped_yoy_trend_blend07,ridge_seasonal_ensemble,targets_oct_nov,12096,2016,2,1,3,"1,2,3",823.4906840500876,792.1686357592141,31.32204829087345,-3.953962183929993,,,,,,,5.827462684428971,64.68492379983883,,0.5,,exploratory; insufficient time blocks,False,exploratory; cluster-t assumes independent approximately normal block scores; bootstrap descriptive; no simultaneous CI correction,,1.0,False,False,,1.0
test_00954,results/formula_variants/predictions.parquet,literal_no_intercept_uni_damped_yoy_trend_blend07,ridge_seasonal_ensemble,targets_dec,6048,2016,1,1,3,"1,2,3",942.4860907682336,899.3036878733885,43.18240289484493,-4.801759792285485,,,,,,,6.7427885694126735,80.0601364776722,,,,exploratory; insufficient time blocks,False,exploratory; cluster-t assumes independent approximately normal block scores; bootstrap descriptive; no simultaneous CI correction,,,False,False,,
test_00955,results/formula_variants/predictions.parquet,literal_no_intercept_uni_damped_yoy_trend_blend07,ridge_seasonal_ensemble,targets_jan_may,12096,2016,3,1,3,"1,2,3",1309.0323665963624,1268.157895192844,40.87447140351833,-3.2231373994089827,,,17.627971655938012,58.58184669384335,,,-22.7914905446459,106.47621034494146,,0.25,,exploratory; insufficient time blocks,False,exploratory; cluster-t assumes independent approximately normal block scores; bootstrap descriptive; no simultaneous CI correction,,1.0,False,False,,1.0
test_00956,results/formula_variants/predictions.parquet,literal_no_intercept_uni_damped_yoy_trend_blend07,ridge_seasonal_ensemble,all_available,54432,2016,10,4,3,"1,2,3",1015.6215885182324,980.2906427939464,35.33094572428581,-3.604129651139825,17.706538875995715,56.18115284311047,8.004781585872637,69.55209009597728,4.368714756248803,66.29317669232299,17.86978171139776,52.80030035775854,0.125,0.041015625,0.125,exploratory; insufficient time blocks,False,exploratory; cluster-t assumes independent approximately normal block scores; bootstrap descriptive; no simultaneous CI correction,1.0,1.0,False,False,1.0,1.0
test_00957,results/formula_variants/predictions.parquet,literal_no_intercept_uni_damped_yoy_trend_blend07,ridge_seasonal_ensemble,public_origins_jun_sep/h6,2016,2016,1,1,6,6,1763.1022970288168,1795.5694689602276,-32.4671719314108,1.8081824453281543,,,,,,,-150.4507283333584,91.76840017759828,,,,exploratory; insufficient time blocks,False,exploratory; cluster-t assumes independent approximately normal block scores; bootstrap descriptive; no simultaneous CI correction,,,False,False,,
test_00958,results/formula_variants/predictions.parquet,literal_no_intercept_uni_damped_yoy_trend_blend07,ridge_seasonal_ensemble,targets_jun_sep/h6,4032,2016,2,1,6,6,1302.679568719174,1549.1696666992411,-246.49009798006728,15.911110530924264,,,,,,,-339.8268592778406,-156.8577171091706,,0.5,,exploratory; insufficient time blocks,False,exploratory; cluster-t assumes independent approximately normal block scores; bootstrap descriptive; no simultaneous CI correction,,1.0,False,False,,1.0
test_00959,results/formula_variants/predictions.parquet,literal_no_intercept_uni_damped_yoy_trend_blend07,ridge_seasonal_ensemble,targets_oct_nov/h6,4032,2016,2,1,6,6,1627.1545500932373,1608.4929346401325,18.661615453104787,-1.1601925660481651,,,,,,,-114.80275641043126,148.1534670191086,,1.0,,exploratory; insufficient time blocks,False,exploratory; cluster-t assumes independent approximately normal block scores; bootstrap descriptive; no simultaneous CI correction,,1.0,False,False,,1.0
test_00960,results/formula_variants/predictions.parquet,literal_no_intercept_uni_damped_yoy_trend_blend07,ridge_seasonal_ensemble,targets_dec/h6,2016,2016,1,1,6,6,1763.1022970288168,1795.5694689602276,-32.4671719314108,1.8081824453281543,,,,,,,-150.4507283333584,91.76840017759828,,,,exploratory; insufficient time blocks,False,exploratory; cluster-t assumes independent approximately normal block scores; bootstrap descriptive; no simultaneous CI correction,,,False,False,,
test_00961,results/formula_variants/predictions.parquet,literal_no_intercept_uni_damped_yoy_trend_blend07,ridge_seasonal_ensemble,all_available/h6,10080,2016,5,1,6,6,1524.554106930728,1622.1789343277949,-97.62482739706684,6.018129401829584,,,-264.3084407729771,56.59027953142751,,,-204.63414344479807,0.1914574811393818,,0.4375,,exploratory; insufficient time blocks,False,exploratory; cluster-t assumes independent approximately normal block scores; bootstrap descriptive; no simultaneous CI correction,,1.0,False,False,,1.0
test_00962,results/formula_variants/predictions.parquet,literal_no_intercept_uni_ema_yoy,ridge_seasonal_ensemble,public_origins_jun_sep,24192,2016,6,2,3,"1,2,3",822.8275695423446,818.089793804466,4.7377757378785645,-0.5791266158994466,-70.61134553854775,80.08689701430474,-60.44015947310103,79.11477034960608,-952.6635859106452,962.139137386402,-53.61544956594224,78.9597451160113,1.0,0.9375,0.5,exploratory; insufficient time blocks,False,exploratory; cluster-t assumes independent approximately normal block scores; bootstrap descriptive; no simultaneous CI correction,1.0,1.0,False,False,1.0,1.0
test_00963,results/formula_variants/predictions.parquet,literal_no_intercept_uni_ema_yoy,ridge_seasonal_ensemble,later_origins,6048,2016,2,1,3,"1,2",988.5407172933468,899.3242339958058,89.21648329754089,-9.920391325511304,,,,,,,7.936747189801517,173.54976471496371,,1.0,,exploratory; insufficient time blocks,False,exploratory; cluster-t assumes independent approximately normal block scores; bootstrap descriptive; no simultaneous CI correction,,1.0,False,False,,1.0
test_00964,results/formula_variants/predictions.parquet,literal_no_intercept_uni_ema_yoy,ridge_seasonal_ensemble,targets_jun_sep,24192,2016,4,2,3,"1,2,3",960.6963568719564,950.6647588420032,10.031598029953216,-1.0552193017202638,,,-244.44822582854565,354.3899402556081,-622.830211579311,642.8934076392175,-79.30872600416164,109.91630128149504,1.0,1.0,0.5,exploratory; insufficient time blocks,False,exploratory; cluster-t assumes independent approximately normal block scores; bootstrap descriptive; no simultaneous CI correction,1.0,1.0,False,False,1.0,1.0
test_00965,results/formula_variants/predictions.parquet,literal_no_intercept_uni_ema_yoy,ridge_seasonal_ensemble,targets_oct_nov,12096,2016,2,1,3,"1,2,3",825.7952381439418,792.1686357592141,33.62660238472768,-4.244879292967709,,,,,,,-29.930921695547216,121.1118691181084,,1.0,,exploratory; insufficient time blocks,False,exploratory; cluster-t assumes independent approximately normal block scores; bootstrap descriptive; no simultaneous CI correction,,1.0,False,False,,1.0
test_00966,results/formula_variants/predictions.parquet,literal_no_intercept_uni_ema_yoy,ridge_seasonal_ensemble,targets_dec,6048,2016,1,1,3,"1,2,3",1081.4407604300834,899.3036878733885,182.13707255669487,-20.25312194453468,,,,,,,74.43447889671994,295.4347123281139,,,,exploratory; insufficient time blocks,False,exploratory; cluster-t assumes independent approximately normal block scores; bootstrap descriptive; no simultaneous CI correction,,,False,False,,
test_00967,results/formula_variants/predictions.parquet,literal_no_intercept_uni_ema_yoy,ridge_seasonal_ensemble,targets_jan_may,12096,2016,3,1,3,"1,2,3",1776.2090345630295,1268.157895192844,508.0511393701854,-40.0621358977486,,,279.24780455688887,652.7688929549814,,,324.8764329387172,701.8071832786619,,0.25,,exploratory; insufficient time blocks,False,exploratory; cluster-t assumes independent approximately normal block scores; bootstrap descriptive; no simultaneous CI correction,,1.0,False,False,,1.0
test_00968,results/formula_variants/predictions.parquet,literal_no_intercept_uni_ema_yoy,ridge_seasonal_ensemble,all_available,54432,2016,10,4,3,"1,2,3",1125.3594148146503,980.2906427939464,145.06877202070382,-14.79854705204982,-63.72097593162479,402.7807661987639,-28.88382493925299,333.7944095559047,-227.1564843595861,517.2940284009936,95.82805345734448,199.69971811814744,0.25,0.15625,0.125,exploratory; insufficient time blocks,False,exploratory; cluster-t assumes independent approximately normal block scores; bootstrap descriptive; no simultaneous CI correction,1.0,1.0,False,False,1.0,1.0
test_00969,results/formula_variants/predictions.parquet,literal_no_intercept_uni_ema_yoy,ridge_seasonal_ensemble,public_origins_jun_sep/h6,2016,2016,1,1,6,6,1331.89385313319,1795.5694689602276,-463.6756158270375,25.823318108407204,,,,,,,-704.5699774000419,-229.39866491052143,,,,exploratory; insufficient time blocks,False,exploratory; cluster-t assumes independent approximately normal block scores; bootstrap descriptive; no simultaneous CI correction,,,False,False,,
test_00970,results/formula_variants/predictions.parquet,literal_no_intercept_uni_ema_yoy,ridge_seasonal_ensemble,targets_jun_sep/h6,4032,2016,2,1,6,6,1827.195086585596,1549.1696666992411,278.0254198863545,-17.94673791146021,,,,,,,168.02970279296707,387.4925560596306,,0.5,,exploratory; insufficient time blocks,False,exploratory; cluster-t assumes independent approximately normal block scores; bootstrap descriptive; no simultaneous CI correction,,1.0,False,False,,1.0
test_00971,results/formula_variants/predictions.parquet,literal_no_intercept_uni_ema_yoy,ridge_seasonal_ensemble,targets_oct_nov/h6,4032,2016,2,1,6,6,990.8117158604778,1608.4929346401325,-617.6812187796547,38.401239164774346,,,,,,,-977.6874460420996,-284.7685807673561,,0.5,,exploratory; insufficient time blocks,False,exploratory; cluster-t assumes independent approximately normal block scores; bootstrap descriptive; no simultaneous CI correction,,1.0,False,False,,1.0
test_00972,results/formula_variants/predictions.parquet,literal_no_intercept_uni_ema_yoy,ridge_seasonal_ensemble,targets_dec/h6,2016,2016,1,1,6,6,1331.89385313319,1795.5694689602276,-463.6756158270375,25.823318108407204,,,,,,,-704.5699774000419,-229.39866491052143,,,,exploratory; insufficient time blocks,False,exploratory; cluster-t assumes independent approximately normal block scores; bootstrap descriptive; no simultaneous CI correction,,,False,False,,
test_00973,results/formula_variants/predictions.parquet,literal_no_intercept_uni_ema_yoy,ridge_seasonal_ensemble,all_available/h6,10080,2016,5,1,6,6,1393.5814916050674,1622.1789343277949,-228.59744272272744,14.091999216933155,,,-586.8800981891313,145.60032661830186,,,-427.4889330313359,-42.5140495389572,,0.375,,exploratory; insufficient time blocks,False,exploratory; cluster-t assumes independent approximately normal block scores; bootstrap descriptive; no simultaneous CI correction,,1.0,False,False,,1.0
test_00974,results/formula_variants/predictions.parquet,literal_no_intercept_uni_ema_yoy_blend07,ridge_seasonal_ensemble,public_origins_jun_sep,24192,2016,6,2,3,"1,2,3",772.8514729008103,818.089793804466,-45.23832090365568,5.529750064877135,-99.1992869021193,8.722645094807852,-90.540922870754,8.722645094807852,-730.8774026557845,640.4007608484732,-72.89465803992233,-10.367899919486089,1.0,0.15625,0.5,exploratory; insufficient time blocks,False,exploratory; cluster-t assumes independent approximately normal block scores; bootstrap descriptive; no simultaneous CI correction,1.0,1.0,False,False,1.0,1.0
test_00975,results/formula_variants/predictions.parquet,literal_no_intercept_uni_ema_yoy_blend07,ridge_seasonal_ensemble,later_origins,6048,2016,2,1,3,"1,2",887.2579303791953,899.3242339958058,-12.066303616610526,1.3417078246628011,,,,,,,-40.69334025117932,16.30631498318715,,1.0,,exploratory; insufficient time blocks,False,exploratory; cluster-t assumes independent approximately normal block scores; bootstrap descriptive; no simultaneous CI correction,,1.0,False,False,,1.0
test_00976,results/formula_variants/predictions.parquet,literal_no_intercept_uni_ema_yoy_blend07,ridge_seasonal_ensemble,targets_jun_sep,24192,2016,4,2,3,"1,2,3",883.2599161227946,950.6647588420032,-67.40484271920866,7.090285202252994,,,-315.31778166512294,225.27798625299903,-288.62965144308106,153.8199660046634,-142.86388581517664,8.74989353032599,0.5,0.625,0.5,exploratory; insufficient time blocks,False,exploratory; cluster-t assumes independent approximately normal block scores; bootstrap descriptive; no simultaneous CI correction,1.0,1.0,False,False,1.0,1.0
test_00977,results/formula_variants/predictions.parquet,literal_no_intercept_uni_ema_yoy_blend07,ridge_seasonal_ensemble,targets_oct_nov,12096,2016,2,1,3,"1,2,3",766.1873750543847,792.1686357592141,-25.981260704829424,3.2797638699655147,,,,,,,-54.72570961400429,14.087733886794506,,0.5,,exploratory; insufficient time blocks,False,exploratory; cluster-t assumes independent approximately normal block scores; bootstrap descriptive; no simultaneous CI correction,,1.0,False,False,,1.0
test_00978,results/formula_variants/predictions.parquet,literal_no_intercept_uni_ema_yoy_blend07,ridge_seasonal_ensemble,targets_dec,6048,2016,1,1,3,"1,2,3",956.6451958560524,899.3036878733885,57.34150798266376,-6.376211813193049,,,,,,,11.916600885907217,104.13631978140796,,,,exploratory; insufficient time blocks,False,exploratory; cluster-t assumes independent approximately normal block scores; bootstrap descriptive; no simultaneous CI correction,,,False,False,,
test_00979,results/formula_variants/predictions.parquet,literal_no_intercept_uni_ema_yoy_blend07,ridge_seasonal_ensemble,targets_jan_may,12096,2016,3,1,3,"1,2,3",1605.2793009229945,1268.157895192844,337.1214057301502,-26.583551386468745,,,229.79327916779943,452.1528876270437,,,247.93500326954623,430.1509065297103,,0.25,,exploratory; insufficient time blocks,False,exploratory; cluster-t assumes independent approximately normal block scores; bootstrap descriptive; no simultaneous CI correction,,1.0,False,False,,1.0
test_00980,results/formula_variants/predictions.parquet,literal_no_intercept_uni_ema_yoy_blend07,ridge_seasonal_ensemble,all_available,54432,2016,10,4,3,"1,2,3",1025.8464680335542,980.2906427939464,45.55582523960766,-4.64717536319311,-122.08057292103994,242.5629816779492,-102.45746740300046,198.4298571151922,-248.09433284059708,339.2059833198125,22.612229724206024,74.16487378970204,0.875,0.587890625,0.125,exploratory; insufficient time blocks,False,exploratory; cluster-t assumes independent approximately normal block scores; bootstrap descriptive; no simultaneous CI correction,1.0,1.0,False,False,1.0,1.0
test_00981,results/formula_variants/predictions.parquet,literal_no_intercept_uni_ema_yoy_blend07,ridge_seasonal_ensemble,public_origins_jun_sep/h6,2016,2016,1,1,6,6,1303.875894416178,1795.5694689602276,-491.6935745440496,27.38371213388797,,,,,,,-684.1162164574517,-311.2037411022359,,,,exploratory; insufficient time blocks,False,exploratory; cluster-t assumes independent approximately normal block scores; bootstrap descriptive; no simultaneous CI correction,,,False,False,,
test_00982,results/formula_variants/predictions.parquet,literal_no_intercept_uni_ema_yoy_blend07,ridge_seasonal_ensemble,targets_jun_sep/h6,4032,2016,2,1,6,6,1588.6731927529058,1549.1696666992411,39.5035260536647,-2.5499806059224883,,,,,,,-93.12082642501828,166.58839181645672,,1.0,,exploratory; insufficient time blocks,False,exploratory; cluster-t assumes independent approximately normal block scores; bootstrap descriptive; no simultaneous CI correction,,1.0,False,False,,1.0
test_00983,results/formula_variants/predictions.parquet,literal_no_intercept_uni_ema_yoy_blend07,ridge_seasonal_ensemble,targets_oct_nov/h6,4032,2016,2,1,6,6,926.5575679820864,1608.4929346401325,-681.935366658046,42.39591930881655,,,,,,,-1031.7457721087012,-357.12662057777334,,0.5,,exploratory; insufficient time blocks,False,exploratory; cluster-t assumes independent approximately normal block scores; bootstrap descriptive; no simultaneous CI correction,,1.0,False,False,,1.0
test_00984,results/formula_variants/predictions.parquet,literal_no_intercept_uni_ema_yoy_blend07,ridge_seasonal_ensemble,targets_dec/h6,2016,2016,1,1,6,6,1303.875894416178,1795.5694689602276,-491.6935745440496,27.38371213388797,,,,,,,-684.1162164574517,-311.2037411022359,,,,exploratory; insufficient time blocks,False,exploratory; cluster-t assumes independent approximately normal block scores; bootstrap descriptive; no simultaneous CI correction,,,False,False,,
test_00985,results/formula_variants/predictions.parquet,literal_no_intercept_uni_ema_yoy_blend07,ridge_seasonal_ensemble,all_available/h6,10080,2016,5,1,6,6,1266.8674831772328,1622.1789343277949,-355.3114511505621,21.90334516320159,,,-643.8870082352468,-48.76087733057925,,,-581.5934202539675,-146.8323133886229,,0.1875,,exploratory; insufficient time blocks,False,exploratory; cluster-t assumes independent approximately normal block scores; bootstrap descriptive; no simultaneous CI correction,,1.0,False,False,,1.0
test_00986,results/point_ensemble/all_candidate_predictions.parquet,bolt_ridge_seasonal_ema,reference_ens3,public_origins_jun_sep,24192,2016,6,2,3,"1,2,3",719.4868084357182,761.9163980544566,-42.42958961873842,5.568798588281052,-58.90213003879138,-25.9570491986854,-67.7308791200337,-22.67214409194205,-251.73306072508487,166.8738814876081,-50.30309430485124,-34.74131684490621,0.5,0.03125,0.5,exploratory; insufficient time blocks,False,exploratory; cluster-t assumes independent approximately normal block scores; bootstrap descriptive; no simultaneous CI correction,1.0,1.0,False,False,1.0,1.0
test_00987,results/point_ensemble/all_candidate_predictions.parquet,bolt_ridge_seasonal_ema,reference_ens3,later_origins,6048,2016,2,1,3,"1,2",853.5098243065104,880.3968905022884,-26.88706619577806,3.053971053945717,,,,,,,-47.70557105789443,-7.449686507384272,,0.5,,exploratory; insufficient time blocks,False,exploratory; cluster-t assumes independent approximately normal block scores; bootstrap descriptive; no simultaneous CI correction,,1.0,False,False,,1.0
test_00988,results/point_ensemble/all_candidate_predictions.parquet,bolt_ridge_seasonal_ema,reference_ens3,targets_jun_sep,24192,2016,4,2,3,"1,2,3",851.5168569694629,877.0540121887904,-25.537155219327477,2.9116969838147746,,,-88.94274749726,53.97383527381859,-95.13894559884258,44.064635160187976,-44.730746260598174,-6.857683920043259,0.5,0.625,0.5,exploratory; insufficient time blocks,False,exploratory; cluster-t assumes independent approximately normal block scores; bootstrap descriptive; no simultaneous CI correction,1.0,1.0,False,False,1.0,1.0
test_00989,results/point_ensemble/all_candidate_predictions.parquet,bolt_ridge_seasonal_ema,reference_ens3,targets_oct_nov,12096,2016,2,1,3,"1,2,3",710.7308372159143,741.1270448155732,-30.39620759965885,4.1013491293146425,,,,,,,-43.24917257706541,-20.015442264599503,,0.5,,exploratory; insufficient time blocks,False,exploratory; cluster-t assumes independent approximately normal block scores; bootstrap descriptive; no simultaneous CI correction,,1.0,False,False,,1.0
test_00990,results/point_ensemble/all_candidate_predictions.parquet,bolt_ridge_seasonal_ema,reference_ens3,targets_dec,6048,2016,1,1,3,"1,2,3",932.3191406078004,950.3278900016312,-18.00874939383084,1.8950037753600943,,,,,,,-34.67797108933799,-3.0872781869560537,,,,exploratory; insufficient time blocks,False,exploratory; cluster-t assumes independent approximately normal block scores; bootstrap descriptive; no simultaneous CI correction,,,False,False,,
test_00991,results/point_ensemble/all_candidate_predictions.parquet,bolt_ridge_seasonal_ema,reference_ens3,targets_jan_may,12096,2016,3,1,3,"1,2,3",1582.2554163674506,1501.6839808275777,80.57143553987294,-5.365405542614235,,,64.47288071022969,106.25934879955057,,,55.94589714128042,104.65673351557662,,0.25,,exploratory; insufficient time blocks,False,exploratory; cluster-t assumes independent approximately normal block scores; bootstrap descriptive; no simultaneous CI correction,,1.0,False,False,,1.0
test_00992,results/point_ensemble/all_candidate_predictions.parquet,bolt_ridge_seasonal_ema,reference_ens3,all_available,54432,2016,10,4,3,"1,2,3",991.5954528502648,993.7962211158994,-2.2007682656346788,0.2214506574761888,-47.22235848612211,55.90509050996285,-40.20727998176425,39.67222564987178,-83.21215794513174,78.81062141386235,-13.245932615469195,8.91435087299063,0.875,0.9140625,0.125,exploratory; insufficient time blocks,False,exploratory; cluster-t assumes independent approximately normal block scores; bootstrap descriptive; no simultaneous CI correction,1.0,1.0,False,False,1.0,1.0
test_00993,results/point_ensemble/all_candidate_predictions.parquet,bolt_ridge_seasonal_mean1,reference_ens3,public_origins_jun_sep,24192,2016,6,2,3,"1,2,3",755.5838419652467,761.9163980544566,-6.332556089209902,0.8311352932395207,-28.23416540282435,15.569053224404348,-26.037924836510115,12.102720536641549,-284.61888808534195,271.9537759069219,-18.45839489623033,4.466055860052725,1.0,0.5625,0.5,exploratory; insufficient time blocks,False,exploratory; cluster-t assumes independent approximately normal block scores; bootstrap descriptive; no simultaneous CI correction,1.0,1.0,False,False,1.0,1.0
test_00994,results/point_ensemble/all_candidate_predictions.parquet,bolt_ridge_seasonal_mean1,reference_ens3,later_origins,6048,2016,2,1,3,"1,2",899.3909793242532,880.3968905022884,18.994088821964738,-2.1574461503525,,,,,,,-3.702512076760053,42.5185592970216,,1.0,,exploratory; insufficient time blocks,False,exploratory; cluster-t assumes independent approximately normal block scores; bootstrap descriptive; no simultaneous CI correction,,1.0,False,False,,1.0
test_00995,results/point_ensemble/all_candidate_predictions.parquet,bolt_ridge_seasonal_mean1,reference_ens3,targets_jun_sep,24192,2016,4,2,3,"1,2,3",893.2271046954467,877.0540121887904,16.173092506656303,-1.8440246874071609,,,-58.81426377047325,90.96940755430153,9.79012108171609,22.55606393159657,-18.203787644154215,51.16293031154527,0.5,0.625,0.5,exploratory; insufficient time blocks,False,exploratory; cluster-t assumes independent approximately normal block scores; bootstrap descriptive; no simultaneous CI correction,1.0,1.0,False,False,1.0,1.0
test_00996,results/point_ensemble/all_candidate_predictions.parquet,bolt_ridge_seasonal_mean1,reference_ens3,targets_oct_nov,12096,2016,2,1,3,"1,2,3",734.5897539281092,741.1270448155732,-6.537290887463996,0.8820742588189826,,,,,,,-21.04950210414933,4.405558893895462,,1.0,,exploratory; insufficient time blocks,False,exploratory; cluster-t assumes independent approximately normal block scores; bootstrap descriptive; no simultaneous CI correction,,1.0,False,False,,1.0
test_00997,results/point_ensemble/all_candidate_predictions.parquet,bolt_ridge_seasonal_mean1,reference_ens3,targets_dec,6048,2016,1,1,3,"1,2,3",925.9282297928758,950.3278900016312,-24.399660208755563,2.567499119563215,,,,,,,-38.51356372266305,-11.15394370933996,,,,exploratory; insufficient time blocks,False,exploratory; cluster-t assumes independent approximately normal block scores; bootstrap descriptive; no simultaneous CI correction,,,False,False,,
test_00998,results/point_ensemble/all_candidate_predictions.parquet,bolt_ridge_seasonal_mean1,reference_ens3,targets_jan_may,12096,2016,3,1,3,"1,2,3",1333.8488597851367,1501.6839808275777,-167.83512104244096,11.176460772388811,,,-275.4076137821146,-93.01687524823944,,,-201.51011697161985,-135.05585770462753,,0.25,,exploratory; insufficient time blocks,False,exploratory; cluster-t assumes independent approximately normal block scores; bootstrap descriptive; no simultaneous CI correction,,1.0,False,False,,1.0
test_00999,results/point_ensemble/all_candidate_predictions.parquet,bolt_ridge_seasonal_mean1,reference_ens3,all_available,54432,2016,10,4,3,"1,2,3",959.5237640001282,993.7962211158994,-34.2724571157712,3.448640313533075,-105.04207344589751,25.81873707188512,-96.03896903675896,17.018616780388463,-166.99936599321833,98.45445176167604,-49.42043874747408,-20.97699923598353,0.75,0.271484375,0.125,exploratory; insufficient time blocks,False,exploratory; cluster-t assumes independent approximately normal block scores; bootstrap descriptive; no simultaneous CI correction,1.0,1.0,False,False,1.0,1.0
test_01000,results/point_ensemble/all_candidate_predictions.parquet,bolt_ridge_seasonal_mean3,reference_ens3,public_origins_jun_sep,24192,2016,6,2,3,"1,2,3",767.8086543482759,761.9163980544566,5.892256293819287,-0.7733468276657498,-24.625619884271423,36.41013247190991,-31.61107408941032,36.749100655873285,-381.8741265460846,393.6586391337231,-6.505211622161416,17.802206456439993,1.0,0.71875,0.5,exploratory; insufficient time blocks,False,exploratory; cluster-t assumes independent approximately normal block scores; bootstrap descriptive; no simultaneous CI correction,1.0,1.0,False,False,1.0,1.0
test_01001,results/point_ensemble/all_candidate_predictions.parquet,bolt_ridge_seasonal_mean3,reference_ens3,later_origins,6048,2016,2,1,3,"1,2",846.4324943592046,880.3968905022884,-33.96439614308383,3.8578505341728655,,,,,,,-55.47113623380421,-14.384654992822218,,0.5,,exploratory; insufficient time blocks,False,exploratory; cluster-t assumes independent approximately normal block scores; bootstrap descriptive; no simultaneous CI correction,,1.0,False,False,,1.0
test_01002,results/point_ensemble/all_candidate_predictions.parquet,bolt_ridge_seasonal_mean3,reference_ens3,targets_jun_sep,24192,2016,4,2,3,"1,2,3",957.024223557416,877.0540121887904,79.97021136862554,-9.118048632951416,,,-11.827176815023762,222.8760701861433,-116.87726576719837,276.8176885044495,62.92969031375685,95.76705120680816,0.5,0.375,0.5,exploratory; insufficient time blocks,False,exploratory; cluster-t assumes independent approximately normal block scores; bootstrap descriptive; no simultaneous CI correction,1.0,1.0,False,False,1.0,1.0
test_01003,results/point_ensemble/all_candidate_predictions.parquet,bolt_ridge_seasonal_mean3,reference_ens3,targets_oct_nov,12096,2016,2,1,3,"1,2,3",707.4871283927381,741.1270448155732,-33.639916422835086,4.539021569669781,,,,,,,-45.788367773239294,-22.717337422833765,,0.5,,exploratory; insufficient time blocks,False,exploratory; cluster-t assumes independent approximately normal block scores; bootstrap descriptive; no simultaneous CI correction,,1.0,False,False,,1.0
test_01004,results/point_ensemble/all_candidate_predictions.parquet,bolt_ridge_seasonal_mean3,reference_ens3,targets_dec,6048,2016,1,1,3,"1,2,3",934.3920869356753,950.3278900016312,-15.935803065956064,1.6768741855959537,,,,,,,-34.04280176669167,0.3359502284054534,,,,exploratory; insufficient time blocks,False,exploratory; cluster-t assumes independent approximately normal block scores; bootstrap descriptive; no simultaneous CI correction,,,False,False,,
test_01005,results/point_ensemble/all_candidate_predictions.parquet,bolt_ridge_seasonal_mean3,reference_ens3,targets_jan_may,12096,2016,3,1,3,"1,2,3",1816.900717058458,1501.6839808275777,315.2167362308803,-20.99088358505126,,,288.2301826047622,351.175328553277,,,289.79428589500543,341.139461934082,,0.25,,exploratory; insufficient time blocks,False,exploratory; cluster-t assumes independent approximately normal block scores; bootstrap descriptive; no simultaneous CI correction,,1.0,False,False,,1.0
test_01006,results/point_ensemble/all_candidate_predictions.parquet,bolt_ridge_seasonal_mean3,reference_ens3,all_available,54432,2016,10,4,3,"1,2,3",1090.1405191186368,993.7962211158994,96.34429800273745,-9.694572786215245,-9.121301974933218,264.8369290996414,12.004403236247786,199.17788181154472,-126.92452206475848,319.6131180702331,87.52992510251288,104.30621411752747,0.5,0.1015625,0.125,exploratory; insufficient time blocks,False,exploratory; cluster-t assumes independent approximately normal block scores; bootstrap descriptive; no simultaneous CI correction,1.0,1.0,False,False,1.0,1.0
test_01007,results/point_ensemble/all_candidate_predictions.parquet,ens3_factor_ema,reference_ens3,public_origins_jun_sep,24192,2016,6,2,3,"1,2,3",726.522711069691,761.9163980544566,-35.39368698476562,4.6453504708840665,-73.00036737337103,2.212993403839683,-71.33818150147559,-5.848534426494674,-513.2318674599511,442.44449349041975,-44.68650774938995,-26.269548546250988,1.0,0.1875,0.5,exploratory; insufficient time blocks,False,exploratory; cluster-t assumes independent approximately normal block scores; bootstrap descriptive; no simultaneous CI correction,1.0,1.0,False,False,1.0,1.0
test_01008,results/point_ensemble/all_candidate_predictions.parquet,ens3_factor_ema,reference_ens3,later_origins,6048,2016,2,1,3,"1,2",860.3235177417031,880.3968905022884,-20.07337276058536,2.280036762639291,,,,,,,-25.729556318634693,-14.542425922128942,,0.5,,exploratory; insufficient time blocks,False,exploratory; cluster-t assumes independent approximately normal block scores; bootstrap descriptive; no simultaneous CI correction,,1.0,False,False,,1.0
test_01009,results/point_ensemble/all_candidate_predictions.parquet,ens3_factor_ema,reference_ens3,targets_jun_sep,24192,2016,4,2,3,"1,2,3",861.5762988433273,877.0540121887904,-15.47771334546303,1.764738902092996,,,-88.30249823182481,93.99800339938488,-268.5024340643241,237.54700737339837,-44.06332107967363,13.099158099708388,0.5,0.75,0.5,exploratory; insufficient time blocks,False,exploratory; cluster-t assumes independent approximately normal block scores; bootstrap descriptive; no simultaneous CI correction,1.0,1.0,False,False,1.0,1.0
test_01010,results/point_ensemble/all_candidate_predictions.parquet,ens3_factor_ema,reference_ens3,targets_oct_nov,12096,2016,2,1,3,"1,2,3",728.5374569200077,741.1270448155732,-12.5895878955655,1.6987084715952276,,,,,,,-13.964723131756518,-11.23934427159095,,0.5,,exploratory; insufficient time blocks,False,exploratory; cluster-t assumes independent approximately normal block scores; bootstrap descriptive; no simultaneous CI correction,,1.0,False,False,,1.0
test_01011,results/point_ensemble/all_candidate_predictions.parquet,ens3_factor_ema,reference_ens3,targets_dec,6048,2016,1,1,3,"1,2,3",959.8596798398564,950.3278900016312,9.531789838225222,-1.0030001159082955,,,,,,,2.902076626876684,16.21179408143961,,,,exploratory; insufficient time blocks,False,exploratory; cluster-t assumes independent approximately normal block scores; bootstrap descriptive; no simultaneous CI correction,,,False,False,,
test_01012,results/point_ensemble/all_candidate_predictions.parquet,ens3_factor_ema,reference_ens3,targets_jan_may,12096,2016,3,1,3,"1,2,3",1640.0819707036858,1501.6839808275777,138.3979898761081,-9.216186071308892,,,118.16901806487633,166.34101591708688,,,122.84542379949085,156.3011192236471,,0.25,,exploratory; insufficient time blocks,False,exploratory; cluster-t assumes independent approximately normal block scores; bootstrap descriptive; no simultaneous CI correction,,1.0,False,False,,1.0
test_01013,results/point_ensemble/all_candidate_predictions.parquet,ens3_factor_ema,reference_ens3,all_available,54432,2016,10,4,3,"1,2,3",1015.9337478289503,993.7962211158994,22.13752671305099,-2.2275720356627566,-42.37322824899244,106.22249860709984,-29.293187143763703,80.14773437783053,-94.16591315477746,138.4409665808794,10.69095122360307,34.08092386167828,0.75,0.458984375,0.125,exploratory; insufficient time blocks,False,exploratory; cluster-t assumes independent approximately normal block scores; bootstrap descriptive; no simultaneous CI correction,1.0,1.0,False,False,1.0,1.0
test_01014,results/point_ensemble/all_candidate_predictions.parquet,ens3_factor_mean1,reference_ens3,public_origins_jun_sep,24192,2016,6,2,3,"1,2,3",761.9461962244648,761.9163980544566,0.0297981700081209,-0.00391095008379,-2.694907370033916,2.754503710049934,-7.196815803768444,8.26695228041331,-34.59086826825547,34.650464608271484,-1.9335174229034235,1.7851889097724185,1.0,1.0,0.5,exploratory; insufficient time blocks,False,exploratory; cluster-t assumes independent approximately normal block scores; bootstrap descriptive; no simultaneous CI correction,1.0,1.0,False,False,1.0,1.0
test_01015,results/point_ensemble/all_candidate_predictions.parquet,ens3_factor_mean1,reference_ens3,later_origins,6048,2016,2,1,3,"1,2",907.1252087493634,880.3968905022884,26.72831824707498,-3.0359396467002293,,,,,,,21.149922127877677,32.92191699872334,,0.5,,exploratory; insufficient time blocks,False,exploratory; cluster-t assumes independent approximately normal block scores; bootstrap descriptive; no simultaneous CI correction,,1.0,False,False,,1.0
test_01016,results/point_ensemble/all_candidate_predictions.parquet,ens3_factor_mean1,reference_ens3,targets_jun_sep,24192,2016,4,2,3,"1,2,3",889.1815236567784,877.0540121887904,12.127511467988027,-1.3827553718980674,,,-40.49297937694431,75.43999047736737,-106.83232259719672,131.08734553317282,-7.161857782770288,31.00410122262572,1.0,0.75,0.5,exploratory; insufficient time blocks,False,exploratory; cluster-t assumes independent approximately normal block scores; bootstrap descriptive; no simultaneous CI correction,1.0,1.0,False,False,1.0,1.0
test_01017,results/point_ensemble/all_candidate_predictions.parquet,ens3_factor_mean1,reference_ens3,targets_oct_nov,12096,2016,2,1,3,"1,2,3",754.3192340660755,741.1270448155732,13.192189250502338,-1.7800172511293482,,,,,,,8.63137908630611,18.246351201462154,,0.5,,exploratory; insufficient time blocks,False,exploratory; cluster-t assumes independent approximately normal block scores; bootstrap descriptive; no simultaneous CI correction,,1.0,False,False,,1.0
test_01018,results/point_ensemble/all_candidate_predictions.parquet,ens3_factor_mean1,reference_ens3,targets_dec,6048,2016,1,1,3,"1,2,3",956.180837167802,950.3278900016312,5.852947166170793,-0.6158871298790091,,,,,,,1.21535320187341,10.47753775942146,,,,exploratory; insufficient time blocks,False,exploratory; cluster-t assumes independent approximately normal block scores; bootstrap descriptive; no simultaneous CI correction,,,False,False,,
test_01019,results/point_ensemble/all_candidate_predictions.parquet,ens3_factor_mean1,reference_ens3,targets_jan_may,12096,2016,3,1,3,"1,2,3",1376.1631176680853,1501.6839808275777,-125.52086315949236,8.358673646523009,,,-211.50933507933289,-64.75361755552773,,,-139.66836081577893,-111.14222900782885,,0.25,,exploratory; insufficient time blocks,False,exploratory; cluster-t assumes independent approximately normal block scores; bootstrap descriptive; no simultaneous CI correction,,1.0,False,False,,1.0
test_01020,results/point_ensemble/all_candidate_predictions.parquet,ens3_factor_mean1,reference_ens3,all_available,54432,2016,10,4,3,"1,2,3",974.8746261403596,993.7962211158994,-18.921594975539733,1.9039713145913688,-74.72606126219374,24.20619016160595,-68.2796422864079,21.77263524109849,-122.57310602258596,84.72991607150645,-27.46459858729388,-11.07583407992689,1.0,0.44921875,0.125,exploratory; insufficient time blocks,False,exploratory; cluster-t assumes independent approximately normal block scores; bootstrap descriptive; no simultaneous CI correction,1.0,1.0,False,False,1.0,1.0
test_01021,results/point_ensemble/all_candidate_predictions.parquet,ens3_factor_mean3,reference_ens3,public_origins_jun_sep,24192,2016,6,2,3,"1,2,3",768.0519060001773,761.9163980544566,6.135507945720633,-0.8052731193852201,-0.3797552329306212,12.65077112437168,-9.90413444608314,19.74775253412989,-76.64875991395836,88.91977580539942,3.258485720591997,9.474516122529105,1.0,0.5625,0.5,exploratory; insufficient time blocks,False,exploratory; cluster-t assumes independent approximately normal block scores; bootstrap descriptive; no simultaneous CI correction,1.0,1.0,False,False,1.0,1.0
test_01022,results/point_ensemble/all_candidate_predictions.parquet,ens3_factor_mean3,reference_ens3,later_origins,6048,2016,2,1,3,"1,2",854.0862269742034,880.3968905022884,-26.310663528085,2.98850027889968,,,,,,,-34.01485544076753,-18.80485628435187,,1.0,,exploratory; insufficient time blocks,False,exploratory; cluster-t assumes independent approximately normal block scores; bootstrap descriptive; no simultaneous CI correction,,1.0,False,False,,1.0
test_01023,results/point_ensemble/all_candidate_predictions.parquet,ens3_factor_mean3,reference_ens3,targets_jun_sep,24192,2016,4,2,3,"1,2,3",964.1354938788122,877.0540121887904,87.08148169002186,-9.928861903578763,,,-13.64151810693355,264.80840104957446,-340.16391940819864,514.3268827882428,66.07107902350589,109.51342046357244,0.5,0.625,0.5,exploratory; insufficient time blocks,False,exploratory; cluster-t assumes independent approximately normal block scores; bootstrap descriptive; no simultaneous CI correction,1.0,1.0,False,False,1.0,1.0
test_01024,results/point_ensemble/all_candidate_predictions.parquet,ens3_factor_mean3,reference_ens3,targets_oct_nov,12096,2016,2,1,3,"1,2,3",721.9013061242911,741.1270448155732,-19.22573869128212,2.5941218615313617,,,,,,,-27.707142492776875,-11.790406170366412,,0.5,,exploratory; insufficient time blocks,False,exploratory; cluster-t assumes independent approximately normal block scores; bootstrap descriptive; no simultaneous CI correction,,1.0,False,False,,1.0
test_01025,results/point_ensemble/all_candidate_predictions.parquet,ens3_factor_mean3,reference_ens3,targets_dec,6048,2016,1,1,3,"1,2,3",961.7091933902497,950.3278900016312,11.38130338861822,-1.197618580740452,,,,,,,3.2786782876307328,19.474403723599394,,,,exploratory; insufficient time blocks,False,exploratory; cluster-t assumes independent approximately normal block scores; bootstrap descriptive; no simultaneous CI correction,,,False,False,,
test_01026,results/point_ensemble/all_candidate_predictions.parquet,ens3_factor_mean3,reference_ens3,targets_jan_may,12096,2016,3,1,3,"1,2,3",1879.0639923061992,1501.6839808275777,377.3800114786216,-25.130454629385305,,,349.69805830151034,413.3669292885085,,,333.3625738790845,423.3279873856852,,0.25,,exploratory; insufficient time blocks,False,exploratory; cluster-t assumes independent approximately normal block scores; bootstrap descriptive; no simultaneous CI correction,,1.0,False,False,,1.0
test_01027,results/point_ensemble/all_candidate_predictions.parquet,ens3_factor_mean3,reference_ens3,all_available,54432,2016,10,4,3,"1,2,3",1113.3535295296087,993.7962211158994,119.5573084137094,-12.030364563015004,-5.292863118528294,319.1596155953505,22.37980520193109,239.90006188344012,-145.32481865956532,384.43943548698434,108.53564743610752,130.3917938965048,0.375,0.095703125,0.125,exploratory; insufficient time blocks,False,exploratory; cluster-t assumes independent approximately normal block scores; bootstrap descriptive; no simultaneous CI correction,1.0,1.0,False,False,1.0,1.0
test_01028,results/point_ensemble/all_candidate_predictions.parquet,ens4_factor_ema,reference_ens3,public_origins_jun_sep,24192,2016,6,2,3,"1,2,3",736.0791791760718,761.9163980544566,-25.837218878384878,3.391083187651541,-57.28323311308584,5.608795356316297,-57.22015789227739,0.9555486276877696,-425.39671388925456,373.722276132485,-34.127800482354246,-15.26749232904273,1.0,0.21875,0.5,exploratory; insufficient time blocks,False,exploratory; cluster-t assumes independent approximately normal block scores; bootstrap descriptive; no simultaneous CI correction,1.0,1.0,False,False,1.0,1.0
test_01029,results/point_ensemble/all_candidate_predictions.parquet,ens4_factor_ema,reference_ens3,later_origins,6048,2016,2,1,3,"1,2",883.287329526247,880.3968905022884,2.8904390239586064,-0.3283109078576525,,,,,,,-20.418609103287213,28.04596120205086,,1.0,,exploratory; insufficient time blocks,False,exploratory; cluster-t assumes independent approximately normal block scores; bootstrap descriptive; no simultaneous CI correction,,1.0,False,False,,1.0
test_01030,results/point_ensemble/all_candidate_predictions.parquet,ens4_factor_ema,reference_ens3,targets_jun_sep,24192,2016,4,2,3,"1,2,3",871.4293818855559,877.0540121887904,-5.624630303234426,0.6413094547275949,,,-78.536134789647,100.3896386919679,-222.4807406306392,211.23148002417048,-30.313134124653097,21.807213006494493,1.0,1.0,0.5,exploratory; insufficient time blocks,False,exploratory; cluster-t assumes independent approximately normal block scores; bootstrap descriptive; no simultaneous CI correction,1.0,1.0,False,False,1.0,1.0
test_01031,results/point_ensemble/all_candidate_predictions.parquet,ens4_factor_ema,reference_ens3,targets_oct_nov,12096,2016,2,1,3,"1,2,3",733.8674760817215,741.1270448155732,-7.2595687338516655,0.9795309433969156,,,,,,,-15.272626765189957,2.335251999938692,,0.5,,exploratory; insufficient time blocks,False,exploratory; cluster-t assumes independent approximately normal block scores; bootstrap descriptive; no simultaneous CI correction,,1.0,False,False,,1.0
test_01032,results/point_ensemble/all_candidate_predictions.parquet,ens4_factor_ema,reference_ens3,targets_dec,6048,2016,1,1,3,"1,2,3",978.9550572059264,950.3278900016312,28.62716720429512,-3.0123463180951133,,,,,,,3.226838912716085,55.905364107239606,,,,exploratory; insufficient time blocks,False,exploratory; cluster-t assumes independent approximately normal block scores; bootstrap descriptive; no simultaneous CI correction,,,False,False,,
test_01033,results/point_ensemble/all_candidate_predictions.parquet,ens4_factor_ema,reference_ens3,targets_jan_may,12096,2016,3,1,3,"1,2,3",1640.6696261625827,1501.6839808275777,138.98564533500507,-9.255319168977891,,,116.98573033509572,169.57001801410684,,,114.82167429810076,165.06036877433766,,0.25,,exploratory; insufficient time blocks,False,exploratory; cluster-t assumes independent approximately normal block scores; bootstrap descriptive; no simultaneous CI correction,,1.0,False,False,,1.0
test_01034,results/point_ensemble/all_candidate_predictions.parquet,ens4_factor_ema,reference_ens3,all_available,54432,2016,10,4,3,"1,2,3",1023.7496432485286,993.7962211158994,29.95342213262927,-3.0140406550344507,-32.89840838584885,110.4917388336148,-20.40544300173058,85.8065131010823,-80.81807795890052,140.72492222415917,18.97473636773505,42.87493339691327,0.625,0.306640625,0.125,exploratory; insufficient time blocks,False,exploratory; cluster-t assumes independent approximately normal block scores; bootstrap descriptive; no simultaneous CI correction,1.0,1.0,False,False,1.0,1.0
test_01035,results/point_ensemble/all_candidate_predictions.parquet,ens4_factor_mean1,reference_ens3,public_origins_jun_sep,24192,2016,6,2,3,"1,2,3",772.257336674146,761.9163980544566,10.340938619689382,-1.3572274656504086,4.039649876138908,16.64222736323979,2.51390348972172,19.03394850954499,-69.7245262592375,90.4064034986162,2.05691475289948,18.90351711576851,0.5,0.09375,0.5,exploratory; insufficient time blocks,False,exploratory; cluster-t assumes independent approximately normal block scores; bootstrap descriptive; no simultaneous CI correction,1.0,1.0,False,False,1.0,1.0
test_01036,results/point_ensemble/all_candidate_predictions.parquet,ens4_factor_mean1,reference_ens3,later_origins,6048,2016,2,1,3,"1,2",926.8018905651152,880.3968905022884,46.405000062826616,-5.270918214664684,,,,,,,22.69639421220318,71.59318133018064,,0.5,,exploratory; insufficient time blocks,False,exploratory; cluster-t assumes independent approximately normal block scores; bootstrap descriptive; no simultaneous CI correction,,1.0,False,False,,1.0
test_01037,results/point_ensemble/all_candidate_predictions.parquet,ens4_factor_mean1,reference_ens3,targets_jun_sep,24192,2016,4,2,3,"1,2,3",900.4449444752424,877.0540121887904,23.390932286452085,-2.6669888013028173,,,-39.48608369376259,92.09420302632168,-56.97915834176736,103.76102291467164,-0.0381826267473593,47.897945237142594,0.5,0.625,0.5,exploratory; insufficient time blocks,False,exploratory; cluster-t assumes independent approximately normal block scores; bootstrap descriptive; no simultaneous CI correction,1.0,1.0,False,False,1.0,1.0
test_01038,results/point_ensemble/all_candidate_predictions.parquet,ens4_factor_mean1,reference_ens3,targets_oct_nov,12096,2016,2,1,3,"1,2,3",759.3300721353553,741.1270448155732,18.20302731978211,-2.456127791735338,,,,,,,8.429475370833039,28.535246384840423,,0.5,,exploratory; insufficient time blocks,False,exploratory; cluster-t assumes independent approximately normal block scores; bootstrap descriptive; no simultaneous CI correction,,1.0,False,False,,1.0
test_01039,results/point_ensemble/all_candidate_predictions.parquet,ens4_factor_mean1,reference_ens3,targets_dec,6048,2016,1,1,3,"1,2,3",968.406135177172,950.3278900016312,18.0782451755407,-1.9023165968021487,,,,,,,1.3465877027611923,35.372728512178305,,,,exploratory; insufficient time blocks,False,exploratory; cluster-t assumes independent approximately normal block scores; bootstrap descriptive; no simultaneous CI correction,,,False,False,,
test_01040,results/point_ensemble/all_candidate_predictions.parquet,ens4_factor_mean1,reference_ens3,targets_jan_may,12096,2016,3,1,3,"1,2,3",1376.0677198072085,1501.6839808275777,-125.6162610203694,8.36502637200287,,,-197.3858233724164,-61.796061518177325,,,-136.3954394619165,-114.84498661211052,,0.25,,exploratory; insufficient time blocks,False,exploratory; cluster-t assumes independent approximately normal block scores; bootstrap descriptive; no simultaneous CI correction,,1.0,False,False,,1.0
test_01041,results/point_ensemble/all_candidate_predictions.parquet,ens4_factor_mean1,reference_ens3,all_available,54432,2016,10,4,3,"1,2,3",982.3312774403632,993.7962211158994,-11.46494367553612,1.1536513655347302,-70.82556161185158,36.62721203048727,-62.7776010153046,32.12344130291838,-122.07345521682484,99.14356786575252,-24.72067224157073,2.3506017268116106,1.0,0.6328125,0.125,exploratory; insufficient time blocks,False,exploratory; cluster-t assumes independent approximately normal block scores; bootstrap descriptive; no simultaneous CI correction,1.0,1.0,False,False,1.0,1.0
test_01042,results/point_ensemble/all_candidate_predictions.parquet,ens4_factor_mean3,reference_ens3,public_origins_jun_sep,24192,2016,6,2,3,"1,2,3",780.8715466461288,761.9163980544566,18.955148591672128,-2.4878252574788844,3.7847257848140745,34.12557139853013,-3.558036352950999,35.60799096610652,-173.80334953050485,211.71364671384904,7.831396035822057,30.72146247753673,0.5,0.1875,0.5,exploratory; insufficient time blocks,False,exploratory; cluster-t assumes independent approximately normal block scores; bootstrap descriptive; no simultaneous CI correction,1.0,1.0,False,False,1.0,1.0
test_01043,results/point_ensemble/all_candidate_predictions.parquet,ens4_factor_mean3,reference_ens3,later_origins,6048,2016,2,1,3,"1,2",876.598470246229,880.3968905022884,-3.798420256059444,0.4314440790326224,,,,,,,-27.41205090385773,21.57495824023421,,1.0,,exploratory; insufficient time blocks,False,exploratory; cluster-t assumes independent approximately normal block scores; bootstrap descriptive; no simultaneous CI correction,,1.0,False,False,,1.0
test_01044,results/point_ensemble/all_candidate_predictions.parquet,ens4_factor_mean3,reference_ens3,targets_jun_sep,24192,2016,4,2,3,"1,2,3",978.1628238803652,877.0540121887904,101.10881169157472,-11.528230905556878,,,2.135637551320737,273.5308195170026,-294.53993139614715,496.75755477929647,79.72219196092723,125.96209870531564,0.5,0.25,0.5,exploratory; insufficient time blocks,False,exploratory; cluster-t assumes independent approximately normal block scores; bootstrap descriptive; no simultaneous CI correction,1.0,1.0,False,False,1.0,1.0
test_01045,results/point_ensemble/all_candidate_predictions.parquet,ens4_factor_mean3,reference_ens3,targets_oct_nov,12096,2016,2,1,3,"1,2,3",727.5491084370037,741.1270448155732,-13.57793637856946,1.8320659694652328,,,,,,,-24.668328424600027,1.005878271363037,,0.5,,exploratory; insufficient time blocks,False,exploratory; cluster-t assumes independent approximately normal block scores; bootstrap descriptive; no simultaneous CI correction,,1.0,False,False,,1.0
test_01046,results/point_ensemble/all_candidate_predictions.parquet,ens4_factor_mean3,reference_ens3,targets_dec,6048,2016,1,1,3,"1,2,3",981.2547940723392,950.3278900016312,30.926904070707792,-3.254340359373721,,,,,,,3.988084459536267,59.74064304363084,,,,exploratory; insufficient time blocks,False,exploratory; cluster-t assumes independent approximately normal block scores; bootstrap descriptive; no simultaneous CI correction,,,False,False,,
test_01047,results/point_ensemble/all_candidate_predictions.parquet,ens4_factor_mean3,reference_ens3,targets_jan_may,12096,2016,3,1,3,"1,2,3",1881.7823438608627,1501.6839808275777,380.09836303328507,-25.311474843316432,,,299.3070205250969,428.3982474100599,,,325.7205704573223,436.7469422038781,,0.25,,exploratory; insufficient time blocks,False,exploratory; cluster-t assumes independent approximately normal block scores; bootstrap descriptive; no simultaneous CI correction,,1.0,False,False,,1.0
test_01048,results/point_ensemble/all_candidate_predictions.parquet,ens4_factor_mean3,reference_ens3,all_available,54432,2016,10,4,3,"1,2,3",1123.6187771321702,993.7962211158994,129.82255601627082,-13.063297410257563,6.282941656196476,325.44369010393405,33.72211934401153,248.69923597427984,-129.58258333611585,389.2276953686576,110.81073404394586,148.35841010777375,0.125,0.02734375,0.125,exploratory; insufficient time blocks,False,exploratory; cluster-t assumes independent approximately normal block scores; bootstrap descriptive; no simultaneous CI correction,1.0,1.0,False,False,1.0,1.0
test_01049,results/point_ensemble/all_candidate_predictions.parquet,local_ema_ens4,reference_ens3,public_origins_jun_sep,24192,2016,6,2,3,"1,2,3",739.5806326536994,761.9163980544566,-22.33576540075728,2.9315244372993363,-48.31697247455647,3.6454416730416983,-48.31697247455647,-0.1926174981900499,-352.45830178008634,307.78677097857155,-30.11564330577104,-12.658959935065868,1.0,0.1875,0.5,exploratory; insufficient time blocks,False,exploratory; cluster-t assumes independent approximately normal block scores; bootstrap descriptive; no simultaneous CI correction,1.0,1.0,False,False,1.0,1.0
test_01050,results/point_ensemble/all_candidate_predictions.parquet,local_ema_ens4,reference_ens3,later_origins,6048,2016,2,1,3,"1,2",889.576752596241,880.3968905022884,9.17986209395258,-1.0426958787547782,,,,,,,-16.290158133381205,36.52670867724552,,1.0,,exploratory; insufficient time blocks,False,exploratory; cluster-t assumes independent approximately normal block scores; bootstrap descriptive; no simultaneous CI correction,,1.0,False,False,,1.0
test_01051,results/point_ensemble/all_candidate_predictions.parquet,local_ema_ens4,reference_ens3,targets_jun_sep,24192,2016,4,2,3,"1,2,3",877.8005673172954,877.0540121887904,0.7465551285050651,-0.0851207700016045,,,-78.75837909255766,114.77750794328504,-225.32720770398117,226.82031796099167,-21.962731877559825,26.487354468033264,1.0,1.0,0.5,exploratory; insufficient time blocks,False,exploratory; cluster-t assumes independent approximately normal block scores; bootstrap descriptive; no simultaneous CI correction,1.0,1.0,False,False,1.0,1.0
test_01052,results/point_ensemble/all_candidate_predictions.parquet,local_ema_ens4,reference_ens3,targets_oct_nov,12096,2016,2,1,3,"1,2,3",733.6565029928142,741.1270448155732,-7.470541822758946,1.0079974648095542,,,,,,,-15.709729964434668,2.2822612045094464,,0.5,,exploratory; insufficient time blocks,False,exploratory; cluster-t assumes independent approximately normal block scores; bootstrap descriptive; no simultaneous CI correction,,1.0,False,False,,1.0
test_01053,results/point_ensemble/all_candidate_predictions.parquet,local_ema_ens4,reference_ens3,targets_dec,6048,2016,1,1,3,"1,2,3",981.7397190871852,950.3278900016312,31.411829085554015,-3.305367485900061,,,,,,,4.157805602471191,60.5098420108481,,,,exploratory; insufficient time blocks,False,exploratory; cluster-t assumes independent approximately normal block scores; bootstrap descriptive; no simultaneous CI correction,,,False,False,,
test_01054,results/point_ensemble/all_candidate_predictions.parquet,local_ema_ens4,reference_ens3,targets_jan_may,12096,2016,3,1,3,"1,2,3",1651.3790581120602,1501.6839808275777,149.69507728448252,-9.968480665418406,,,122.59474120149105,180.59107825051456,,,120.70531917539684,179.81926590913838,,0.25,,exploratory; insufficient time blocks,False,exploratory; cluster-t assumes independent approximately normal block scores; bootstrap descriptive; no simultaneous CI correction,,1.0,False,False,,1.0
test_01055,results/point_ensemble/all_candidate_predictions.parquet,local_ema_ens4,reference_ens3,all_available,54432,2016,10,4,3,"1,2,3",1029.2236789517908,993.7962211158994,35.42745783589146,-3.5648613954389154,-29.60600469585128,121.02400401097933,-17.99087181798013,94.88763421026523,-80.98418050841173,151.83909618019436,23.78361253234197,48.49132505454725,0.5,0.259765625,0.125,exploratory; insufficient time blocks,False,exploratory; cluster-t assumes independent approximately normal block scores; bootstrap descriptive; no simultaneous CI correction,1.0,1.0,False,False,1.0,1.0
test_01056,results/point_ensemble/all_candidate_predictions.parquet,mixed_ets_bolt_ema,reference_ens3,public_origins_jun_sep,24192,2016,6,2,3,"1,2,3",748.7608064821814,761.9163980544566,-13.155591572275284,1.7266450237674251,-26.22640197830492,-0.084781166245636,-26.97048910393753,-1.6378275009849252,-179.235984662375,152.92480151782442,-16.636196559613122,-9.85871004362352,0.5,0.125,0.5,exploratory; insufficient time blocks,False,exploratory; cluster-t assumes independent approximately normal block scores; bootstrap descriptive; no simultaneous CI correction,1.0,1.0,False,False,1.0,1.0
test_01057,results/point_ensemble/all_candidate_predictions.parquet,mixed_ets_bolt_ema,reference_ens3,later_origins,6048,2016,2,1,3,"1,2",865.8951961396139,880.3968905022884,-14.501694362674584,1.6471769174924056,,,,,,,-18.02376698576085,-11.144570942996884,,0.5,,exploratory; insufficient time blocks,False,exploratory; cluster-t assumes independent approximately normal block scores; bootstrap descriptive; no simultaneous CI correction,,1.0,False,False,,1.0
test_01058,results/point_ensemble/all_candidate_predictions.parquet,mixed_ets_bolt_ema,reference_ens3,targets_jun_sep,24192,2016,4,2,3,"1,2,3",871.9002217381533,877.0540121887904,-5.153790450637075,0.5876252065451695,,,-51.31892076485111,55.08888490768987,-83.01088667819985,72.7033057769257,-20.689177361187973,10.390499919232546,0.5,0.875,0.5,exploratory; insufficient time blocks,False,exploratory; cluster-t assumes independent approximately normal block scores; bootstrap descriptive; no simultaneous CI correction,1.0,1.0,False,False,1.0,1.0
test_01059,results/point_ensemble/all_candidate_predictions.parquet,mixed_ets_bolt_ema,reference_ens3,targets_oct_nov,12096,2016,2,1,3,"1,2,3",732.7340971577618,741.1270448155732,-8.392947657811419,1.1324573454069502,,,,,,,-10.222515106624646,-6.812503920049701,,0.5,,exploratory; insufficient time blocks,False,exploratory; cluster-t assumes independent approximately normal block scores; bootstrap descriptive; no simultaneous CI correction,,1.0,False,False,,1.0
test_01060,results/point_ensemble/all_candidate_predictions.parquet,mixed_ets_bolt_ema,reference_ens3,targets_dec,6048,2016,1,1,3,"1,2,3",952.4425286220884,950.3278900016312,2.114638620457185,-0.2225167379285854,,,,,,,-1.3924496859701048,5.744796112729456,,,,exploratory; insufficient time blocks,False,exploratory; cluster-t assumes independent approximately normal block scores; bootstrap descriptive; no simultaneous CI correction,,,False,False,,
test_01061,results/point_ensemble/all_candidate_predictions.parquet,mixed_ets_bolt_ema,reference_ens3,targets_jan_may,12096,2016,3,1,3,"1,2,3",1596.1247402005692,1501.6839808275777,94.44075937299158,-6.288990265511476,,,72.2302585589403,121.02694256017688,,,84.35324391689886,106.02140220894285,,0.25,,exploratory; insufficient time blocks,False,exploratory; cluster-t assumes independent approximately normal block scores; bootstrap descriptive; no simultaneous CI correction,,1.0,False,False,,1.0
test_01062,results/point_ensemble/all_candidate_predictions.parquet,mixed_ets_bolt_ema,reference_ens3,all_available,54432,2016,10,4,3,"1,2,3",1010.8623433657068,993.7962211158994,17.066122249807563,-1.7172657620537746,-20.110834136499147,67.45087474601752,-14.027684152079852,52.7253400958227,-58.6887572257998,92.82100172541504,10.510354799577948,23.86352296349593,0.875,0.353515625,0.125,exploratory; insufficient time blocks,False,exploratory; cluster-t assumes independent approximately normal block scores; bootstrap descriptive; no simultaneous CI correction,1.0,1.0,False,False,1.0,1.0
test_01063,results/point_ensemble/all_candidate_predictions.parquet,mixed_ridge_ema,reference_ens3,public_origins_jun_sep,24192,2016,6,2,3,"1,2,3",753.0768458563653,761.9163980544566,-8.839552198091383,1.1601735073117023,-21.03192470086379,3.3528203046812872,-22.922288021491973,2.661392726661537,-163.75833344116413,146.07922904498164,-16.201876540570392,0.2566210512781981,1.0,0.21875,0.5,exploratory; insufficient time blocks,False,exploratory; cluster-t assumes independent approximately normal block scores; bootstrap descriptive; no simultaneous CI correction,1.0,1.0,False,False,1.0,1.0
test_01064,results/point_ensemble/all_candidate_predictions.parquet,mixed_ridge_ema,reference_ens3,later_origins,6048,2016,2,1,3,"1,2",887.0587322869521,880.3968905022884,6.661841784663693,-0.7566862010226939,,,,,,,-15.90244947147742,30.87732859813336,,1.0,,exploratory; insufficient time blocks,False,exploratory; cluster-t assumes independent approximately normal block scores; bootstrap descriptive; no simultaneous CI correction,,1.0,False,False,,1.0
test_01065,results/point_ensemble/all_candidate_predictions.parquet,mixed_ridge_ema,reference_ens3,targets_jun_sep,24192,2016,4,2,3,"1,2,3",878.4577433516379,877.0540121887904,1.4037311628475209,-0.1600507087749757,,,-50.35102193419614,67.69424336089337,-74.7192811026607,77.52674342835594,-14.444732656969675,20.23453219758897,1.0,1.0,0.5,exploratory; insufficient time blocks,False,exploratory; cluster-t assumes independent approximately normal block scores; bootstrap descriptive; no simultaneous CI correction,1.0,1.0,False,False,1.0,1.0
test_01066,results/point_ensemble/all_candidate_predictions.parquet,mixed_ridge_ema,reference_ens3,targets_oct_nov,12096,2016,2,1,3,"1,2,3",736.828488019788,741.1270448155732,-4.298556795785203,0.5800026899375779,,,,,,,-12.42413432273873,5.895273819092904,,0.5,,exploratory; insufficient time blocks,False,exploratory; cluster-t assumes independent approximately normal block scores; bootstrap descriptive; no simultaneous CI correction,,1.0,False,False,,1.0
test_01067,results/point_ensemble/all_candidate_predictions.parquet,mixed_ridge_ema,reference_ens3,targets_dec,6048,2016,1,1,3,"1,2,3",972.2924859872286,950.3278900016312,21.96459598559727,-2.3112650082867257,,,,,,,-0.7606010262407067,46.478693824442765,,,,exploratory; insufficient time blocks,False,exploratory; cluster-t assumes independent approximately normal block scores; bootstrap descriptive; no simultaneous CI correction,,,False,False,,
test_01068,results/point_ensemble/all_candidate_predictions.parquet,mixed_ridge_ema,reference_ens3,targets_jan_may,12096,2016,3,1,3,"1,2,3",1605.8704036724675,1501.6839808275777,104.18642284488988,-6.937972581120081,,,73.90424547644693,144.18571299216524,,,83.5883480318445,125.7963309259816,,0.25,,exploratory; insufficient time blocks,False,exploratory; cluster-t assumes independent approximately normal block scores; bootstrap descriptive; no simultaneous CI correction,,1.0,False,False,,1.0
test_01069,results/point_ensemble/all_candidate_predictions.parquet,mixed_ridge_ema,reference_ens3,all_available,54432,2016,10,4,3,"1,2,3",1019.0579158642544,993.7962211158994,25.26169474835513,-2.54193910296717,-15.928917583996403,78.96581749272718,-9.42816449698033,63.93933460062871,-53.80260958635803,104.32599908306828,15.759265678202814,36.214835315140405,0.375,0.193359375,0.125,exploratory; insufficient time blocks,False,exploratory; cluster-t assumes independent approximately normal block scores; bootstrap descriptive; no simultaneous CI correction,1.0,1.0,False,False,1.0,1.0
test_01070,results/point_ensemble/all_candidate_predictions.parquet,reference_plus_previous_0.1,reference_ens3,public_origins_jun_sep,24192,2016,6,2,3,"1,2,3",759.4171249768133,761.9163980544566,-2.499273077643352,0.3280245817028236,-8.871956139401131,3.8734099841145375,-9.04426868626872,3.057970504821132,-83.47188878073128,78.47334262544469,-5.270978420766671,-0.0424097258061794,1.0,0.59375,0.5,exploratory; insufficient time blocks,False,exploratory; cluster-t assumes independent approximately normal block scores; bootstrap descriptive; no simultaneous CI correction,1.0,1.0,False,False,1.0,1.0
test_01071,results/point_ensemble/all_candidate_predictions.parquet,reference_plus_previous_0.1,reference_ens3,later_origins,6048,2016,2,1,3,"1,2",877.6261097097279,880.3968905022884,-2.770780792560572,0.3147195114444092,,,,,,,-6.530857843780417,0.4951794457249652,,1.0,,exploratory; insufficient time blocks,False,exploratory; cluster-t assumes independent approximately normal block scores; bootstrap descriptive; no simultaneous CI correction,,1.0,False,False,,1.0
test_01072,results/point_ensemble/all_candidate_predictions.parquet,reference_plus_previous_0.1,reference_ens3,targets_jun_sep,24192,2016,4,2,3,"1,2,3",873.5105218260927,877.0540121887904,-3.5434903626976397,0.4040219089648135,,,-25.57938137542127,10.638881242958814,-62.81326783434758,55.72628710895236,-11.078049412752325,3.62865606071852,1.0,1.0,0.5,exploratory; insufficient time blocks,False,exploratory; cluster-t assumes independent approximately normal block scores; bootstrap descriptive; no simultaneous CI correction,1.0,1.0,False,False,1.0,1.0
test_01073,results/point_ensemble/all_candidate_predictions.parquet,reference_plus_previous_0.1,reference_ens3,targets_oct_nov,12096,2016,2,1,3,"1,2,3",736.1534657517184,741.1270448155732,-4.9735790638548,0.6710831966862655,,,,,,,-8.225986355783965,-1.862767145947989,,1.0,,exploratory; insufficient time blocks,False,exploratory; cluster-t assumes independent approximately normal block scores; bootstrap descriptive; no simultaneous CI correction,,1.0,False,False,,1.0
test_01074,results/point_ensemble/all_candidate_predictions.parquet,reference_plus_previous_0.1,reference_ens3,targets_dec,6048,2016,1,1,3,"1,2,3",939.7603550579786,950.3278900016312,-10.567534943652731,1.1119882994946717,,,,,,,-13.662517662848838,-7.537625028916497,,,,exploratory; insufficient time blocks,False,exploratory; cluster-t assumes independent approximately normal block scores; bootstrap descriptive; no simultaneous CI correction,,,False,False,,
test_01075,results/point_ensemble/all_candidate_predictions.parquet,reference_plus_previous_0.1,reference_ens3,targets_jan_may,12096,2016,3,1,3,"1,2,3",1473.149612709026,1501.6839808275777,-28.53436811855181,1.9001579881558388,,,-35.88277009057083,-15.414833385438932,,,-39.16373333325024,-18.44604908463066,,0.25,,exploratory; insufficient time blocks,False,exploratory; cluster-t assumes independent approximately normal block scores; bootstrap descriptive; no simultaneous CI correction,,1.0,False,False,,1.0
test_01076,results/point_ensemble/all_candidate_predictions.parquet,reference_plus_previous_0.1,reference_ens3,all_available,54432,2016,10,4,3,"1,2,3",983.600955475982,993.7962211158994,-10.195265639917466,1.025890964695917,-24.908454685108342,1.6176945662505071,-21.1179061318961,-0.0185485807762655,-29.156733289589845,8.766202009754961,-13.189885117353429,-7.719379104460462,0.125,0.11328125,0.125,exploratory; insufficient time blocks,False,exploratory; cluster-t assumes independent approximately normal block scores; bootstrap descriptive; no simultaneous CI correction,1.0,1.0,False,False,1.0,1.0
test_01077,results/point_ensemble/all_candidate_predictions.parquet,reference_plus_previous_0.2,reference_ens3,public_origins_jun_sep,24192,2016,6,2,3,"1,2,3",758.8417563308052,761.9163980544566,-3.074641723651439,0.4035405631776,-15.389471926935776,9.240188479632955,-16.0631924947441,8.312589765180787,-159.54939558098027,153.40011213367745,-8.858527927416864,2.1103541462619826,1.0,0.6875,0.5,exploratory; insufficient time blocks,False,exploratory; cluster-t assumes independent approximately normal block scores; bootstrap descriptive; no simultaneous CI correction,1.0,1.0,False,False,1.0,1.0
test_01078,results/point_ensemble/all_candidate_predictions.parquet,reference_plus_previous_0.2,reference_ens3,later_origins,6048,2016,2,1,3,"1,2",876.1758063596975,880.3968905022884,-4.221084142590939,0.4794524138065396,,,,,,,-11.725118937102462,2.293981041170305,,1.0,,exploratory; insufficient time blocks,False,exploratory; cluster-t assumes independent approximately normal block scores; bootstrap descriptive; no simultaneous CI correction,,1.0,False,False,,1.0
test_01079,results/point_ensemble/all_candidate_predictions.parquet,reference_plus_previous_0.2,reference_ens3,targets_jun_sep,24192,2016,4,2,3,"1,2,3",872.5464356710941,877.0540121887904,-4.507576517696293,0.5139451453448245,,,-48.295900630719125,24.46186434129245,-119.83041845036678,110.81526541497423,-19.666859693069185,9.976731502522624,1.0,1.0,0.5,exploratory; insufficient time blocks,False,exploratory; cluster-t assumes independent approximately normal block scores; bootstrap descriptive; no simultaneous CI correction,1.0,1.0,False,False,1.0,1.0
test_01080,results/point_ensemble/all_candidate_predictions.parquet,reference_plus_previous_0.2,reference_ens3,targets_oct_nov,12096,2016,2,1,3,"1,2,3",733.4887727652788,741.1270448155732,-7.638272050294404,1.0306292428169532,,,,,,,-13.75764476816451,-1.963706692926684,,1.0,,exploratory; insufficient time blocks,False,exploratory; cluster-t assumes independent approximately normal block scores; bootstrap descriptive; no simultaneous CI correction,,1.0,False,False,,1.0
test_01081,results/point_ensemble/all_candidate_predictions.parquet,reference_plus_previous_0.2,reference_ens3,targets_dec,6048,2016,1,1,3,"1,2,3",930.604406105758,950.3278900016312,-19.7234838958733,2.075439866953652,,,,,,,-26.03208503240502,-13.613809101057452,,,,exploratory; insufficient time blocks,False,exploratory; cluster-t assumes independent approximately normal block scores; bootstrap descriptive; no simultaneous CI correction,,,False,False,,
test_01082,results/point_ensemble/all_candidate_predictions.parquet,reference_plus_previous_0.2,reference_ens3,targets_jan_may,12096,2016,3,1,3,"1,2,3",1445.370402804615,1501.6839808275777,-56.3135780229627,3.7500285507426336,,,-71.68813360414332,-29.89471497551889,,,-77.56298971300197,-36.17831140451645,,0.25,,exploratory; insufficient time blocks,False,exploratory; cluster-t assumes independent approximately normal block scores; bootstrap descriptive; no simultaneous CI correction,,1.0,False,False,,1.0
test_01083,results/point_ensemble/all_candidate_predictions.parquet,reference_plus_previous_0.2,reference_ens3,all_available,54432,2016,10,4,3,"1,2,3",975.3898333255468,993.7962211158994,-18.4063877903526,1.8521289776776069,-47.90922483229078,5.420780395873692,-40.57735658284304,2.207698950259847,-57.51769386385422,20.70491828314909,-24.35238488648857,-13.56061355993227,0.125,0.1484375,0.125,exploratory; insufficient time blocks,False,exploratory; cluster-t assumes independent approximately normal block scores; bootstrap descriptive; no simultaneous CI correction,1.0,1.0,False,False,1.0,1.0
test_01084,results/point_ensemble/all_candidate_predictions.parquet,reference_plus_previous_0.3,reference_ens3,public_origins_jun_sep,24192,2016,6,2,3,"1,2,3",760.188737200812,761.9163980544566,-1.7276608536445792,0.2267520239827018,-19.45610324853363,16.000781541244333,-20.958448458496687,14.90557128672917,-226.9888795811465,223.5335578738573,-10.737313565982792,6.497852695224538,1.0,0.875,0.5,exploratory; insufficient time blocks,False,exploratory; cluster-t assumes independent approximately normal block scores; bootstrap descriptive; no simultaneous CI correction,1.0,1.0,False,False,1.0,1.0
test_01085,results/point_ensemble/all_candidate_predictions.parquet,reference_plus_previous_0.3,reference_ens3,later_origins,6048,2016,2,1,3,"1,2",875.9004153575679,880.3968905022884,-4.4964751447205344,0.5107327380671668,,,,,,,-15.663532902011427,5.2252977019189135,,1.0,,exploratory; insufficient time blocks,False,exploratory; cluster-t assumes independent approximately normal block scores; bootstrap descriptive; no simultaneous CI correction,,1.0,False,False,,1.0
test_01086,results/point_ensemble/all_candidate_predictions.parquet,reference_plus_previous_0.3,reference_ens3,targets_jun_sep,24192,2016,4,2,3,"1,2,3",874.0037987725267,877.0540121887904,-3.0502134162636594,0.3477794267939664,,,-68.3547834815622,41.342818275359306,-170.53492306395614,164.43449623142877,-25.861158784767536,18.84760012304261,1.0,1.0,0.5,exploratory; insufficient time blocks,False,exploratory; cluster-t assumes independent approximately normal block scores; bootstrap descriptive; no simultaneous CI correction,1.0,1.0,False,False,1.0,1.0
test_01087,results/point_ensemble/all_candidate_predictions.parquet,reference_plus_previous_0.3,reference_ens3,targets_oct_nov,12096,2016,2,1,3,"1,2,3",733.2661043407805,741.1270448155732,-7.860940474792642,1.060673811566114,,,,,,,-16.553955081211587,-0.0965146219796091,,1.0,,exploratory; insufficient time blocks,False,exploratory; cluster-t assumes independent approximately normal block scores; bootstrap descriptive; no simultaneous CI correction,,1.0,False,False,,1.0
test_01088,results/point_ensemble/all_candidate_predictions.parquet,reference_plus_previous_0.3,reference_ens3,targets_dec,6048,2016,1,1,3,"1,2,3",922.6410893094292,950.3278900016312,-27.686800692202155,2.913394522405801,,,,,,,-37.12210861940336,-18.573660213759,,,,exploratory; insufficient time blocks,False,exploratory; cluster-t assumes independent approximately normal block scores; bootstrap descriptive; no simultaneous CI correction,,,False,False,,
test_01089,results/point_ensemble/all_candidate_predictions.parquet,reference_plus_previous_0.3,reference_ens3,targets_jan_may,12096,2016,3,1,3,"1,2,3",1418.4017540330942,1501.6839808275777,-83.28222679448345,5.545922301747312,,,-107.43620952854894,-43.518459692702216,,,-115.04032669914822,-53.18194464293938,,0.25,,exploratory; insufficient time blocks,False,exploratory; cluster-t assumes independent approximately normal block scores; bootstrap descriptive; no simultaneous CI correction,,1.0,False,False,,1.0
test_01090,results/point_ensemble/all_candidate_predictions.parquet,reference_plus_previous_0.3,reference_ens3,all_available,54432,2016,10,4,3,"1,2,3",969.1102223496983,993.7962211158994,-24.68599876620101,2.4840101261888434,-69.53807222681134,11.315770415010917,-58.36076684975779,6.644951426888989,-85.10353064087484,35.7315331084728,-33.52332003301987,-17.526246523684208,0.25,0.1796875,0.125,exploratory; insufficient time blocks,False,exploratory; cluster-t assumes independent approximately normal block scores; bootstrap descriptive; no simultaneous CI correction,1.0,1.0,False,False,1.0,1.0
test_01091,results/point_ensemble/predictions.parquet,bolt_ridge_seasonal_ema,reference_ens3,targets_jun_sep,12096,2016,3,1,3,"1,2,3",688.8381215048771,747.7402515436685,-58.90213003879137,7.877351783214983,,,-134.56645284951423,-36.492714620939694,,,-68.80437573224683,-48.89652415407942,,0.25,,exploratory; insufficient time blocks,False,exploratory; cluster-t assumes independent approximately normal block scores; bootstrap descriptive; no simultaneous CI correction,,1.0,False,False,,1.0
test_01092,results/point_ensemble/predictions.parquet,bolt_ridge_seasonal_ema,reference_ens3,all_available,30240,2016,6,2,3,"1,2,3",746.2914116098767,785.6124965440231,-39.32108493414637,5.005150135355942,-58.90213003879138,-26.267054864382963,-63.222253424264736,-24.743578876583072,-238.36169937649152,159.71952950819883,-47.70588224680561,-31.94844323318634,0.5,0.03125,0.5,exploratory; insufficient time blocks,False,exploratory; cluster-t assumes independent approximately normal block scores; bootstrap descriptive; no simultaneous CI correction,1.0,1.0,False,False,1.0,1.0
test_01093,results/point_ensemble/predictions.parquet,bolt_ridge_seasonal_mean1,reference_ens3,targets_jun_sep,12096,2016,3,1,3,"1,2,3",763.309304768073,747.7402515436685,15.56905322440457,-2.082147268688976,,,7.330693105474344,33.24776008998071,,,-2.8118578050022136,36.07998632924139,,0.25,,exploratory; insufficient time blocks,False,exploratory; cluster-t assumes independent approximately normal block scores; bootstrap descriptive; no simultaneous CI correction,,1.0,False,False,,1.0
test_01094,results/point_ensemble/predictions.parquet,bolt_ridge_seasonal_mean1,reference_ens3,all_available,30240,2016,6,2,3,"1,2,3",784.345269437048,785.6124965440231,-1.2672271069750425,0.1613043469330851,-12.491413994561318,15.569053224404348,-18.42078787587652,16.590029890902947,-172.4074070193522,169.87295280540212,-14.530162541480202,11.509949542496477,1.0,0.9375,0.5,exploratory; insufficient time blocks,False,exploratory; cluster-t assumes independent approximately normal block scores; bootstrap descriptive; no simultaneous CI correction,1.0,1.0,False,False,1.0,1.0
test_01095,results/point_ensemble/predictions.parquet,bolt_ridge_seasonal_mean3,reference_ens3,targets_jun_sep,12096,2016,3,1,3,"1,2,3",784.1503840155783,747.7402515436685,36.41013247190983,-4.86935568825446,,,13.336814900284628,48.985746499834434,,,12.850369852280028,63.26333347190587,,0.25,,exploratory; insufficient time blocks,False,exploratory; cluster-t assumes independent approximately normal block scores; bootstrap descriptive; no simultaneous CI correction,,1.0,False,False,,1.0
test_01096,results/point_ensemble/predictions.parquet,bolt_ridge_seasonal_mean3,reference_ens3,all_available,30240,2016,6,2,3,"1,2,3",783.5334223504617,785.6124965440231,-2.0790741935613823,0.264643727372898,-27.73854530387555,36.41013247190991,-30.758935996058757,30.636322808552915,-393.3204662210213,389.16231783389856,-15.305233267855558,10.581653642972483,1.0,0.90625,0.5,exploratory; insufficient time blocks,False,exploratory; cluster-t assumes independent approximately normal block scores; bootstrap descriptive; no simultaneous CI correction,1.0,1.0,False,False,1.0,1.0
test_01097,results/point_ensemble/predictions.parquet,ens3_factor_ema,reference_ens3,targets_jun_sep,12096,2016,3,1,3,"1,2,3",674.7398841702975,747.7402515436685,-73.00036737337098,9.762797605540928,,,-151.88560731352138,-55.30466812344966,,,-93.13309750403226,-53.20648265826267,,0.25,,exploratory; insufficient time blocks,False,exploratory; cluster-t assumes independent approximately normal block scores; bootstrap descriptive; no simultaneous CI correction,,1.0,False,False,,1.0
test_01098,results/point_ensemble/predictions.parquet,ens3_factor_ema,reference_ens3,all_available,30240,2016,6,2,3,"1,2,3",753.2828724040935,785.6124965440231,-32.32962413992959,4.115212561173656,-73.00036737337103,-5.21579531763535,-65.71211569703738,-7.766638510755111,-445.7462563855031,381.0870081056439,-39.81925646488542,-25.116373881802986,0.5,0.09375,0.5,exploratory; insufficient time blocks,False,exploratory; cluster-t assumes independent approximately normal block scores; bootstrap descriptive; no simultaneous CI correction,1.0,1.0,False,False,1.0,1.0
test_01099,results/point_ensemble/predictions.parquet,ens3_factor_mean1,reference_ens3,targets_jun_sep,12096,2016,3,1,3,"1,2,3",745.0453441736347,747.7402515436685,-2.694907370033775,0.3604068878825618,,,-6.597172500639503,6.364499521704272,,,-4.426890109584564,-0.8872289688007069,,0.75,,exploratory; insufficient time blocks,False,exploratory; cluster-t assumes independent approximately normal block scores; bootstrap descriptive; no simultaneous CI correction,,1.0,False,False,,1.0
test_01100,results/point_ensemble/predictions.parquet,ens3_factor_mean1,reference_ens3,all_available,30240,2016,6,2,3,"1,2,3",790.9819987294444,785.6124965440231,5.369502185421311,-0.6834797319342822,-2.694907370033916,10.74577522239166,-1.5103247473999577,11.38935075164014,-76.60492892662253,87.34393329746538,3.2705744590683965,7.609257348674641,1.0,0.25,0.5,exploratory; insufficient time blocks,False,exploratory; cluster-t assumes independent approximately normal block scores; bootstrap descriptive; no simultaneous CI correction,1.0,1.0,False,False,1.0,1.0
test_01101,results/point_ensemble/predictions.parquet,ens3_factor_mean3,reference_ens3,targets_jun_sep,12096,2016,3,1,3,"1,2,3",760.3910226680401,747.7402515436685,12.65077112437166,-1.6918670752650855,,,-12.67274207439872,19.831597092586996,,,8.51610601152972,16.798049141988226,,0.5,,exploratory; insufficient time blocks,False,exploratory; cluster-t assumes independent approximately normal block scores; bootstrap descriptive; no simultaneous CI correction,,1.0,False,False,,1.0
test_01102,results/point_ensemble/predictions.parquet,ens3_factor_mean3,reference_ens3,all_available,30240,2016,6,2,3,"1,2,3",785.2587701949825,785.6124965440231,-0.3537263490405848,0.0450255502040328,-9.023391331315404,12.65077112437168,-14.286601921794528,14.18756469519384,-132.5439722623125,131.8365195642314,-2.9412598151681477,2.292784682890636,1.0,0.96875,0.5,exploratory; insufficient time blocks,False,exploratory; cluster-t assumes independent approximately normal block scores; bootstrap descriptive; no simultaneous CI correction,1.0,1.0,False,False,1.0,1.0
test_01103,results/point_ensemble/predictions.parquet,ens4_factor_ema,reference_ens3,targets_jun_sep,12096,2016,3,1,3,"1,2,3",690.4570184305827,747.7402515436685,-57.28323311308577,7.660846529904964,,,-125.46918392999218,-39.75852233877195,,,-70.24411810540526,-42.66837991395738,,0.25,,exploratory; insufficient time blocks,False,exploratory; cluster-t assumes independent approximately normal block scores; bootstrap descriptive; no simultaneous CI correction,,1.0,False,False,,1.0
test_01104,results/point_ensemble/predictions.parquet,ens4_factor_ema,reference_ens3,all_available,30240,2016,6,2,3,"1,2,3",765.5208092461069,785.6124965440231,-20.091687297916224,2.557455155856263,-57.28323311308584,4.702676578863783,-51.84115909069623,5.341943938790196,-398.1424037714692,357.9590291756371,-27.12470405534248,-11.93241654891598,1.0,0.15625,0.5,exploratory; insufficient time blocks,False,exploratory; cluster-t assumes independent approximately normal block scores; bootstrap descriptive; no simultaneous CI correction,1.0,1.0,False,False,1.0,1.0
test_01105,results/point_ensemble/predictions.parquet,ens4_factor_mean1,reference_ens3,targets_jun_sep,12096,2016,3,1,3,"1,2,3",764.3824789069082,747.7402515436685,16.642227363239726,-2.2256695863146017,,,10.740405666528114,42.538943435095206,,,5.671717662897095,27.92449804710977,,0.25,,exploratory; insufficient time blocks,False,exploratory; cluster-t assumes independent approximately normal block scores; bootstrap descriptive; no simultaneous CI correction,,1.0,False,False,,1.0
test_01106,results/point_ensemble/predictions.parquet,ens4_factor_mean1,reference_ens3,all_available,30240,2016,6,2,3,"1,2,3",803.1662474523397,785.6124965440231,17.5537509083166,-2.2344032185762144,11.375512127714728,18.16143327170148,12.420572107370482,24.56318334240904,8.28814707965527,26.819354736978333,7.050565594229299,28.806246722473706,0.5,0.03125,0.5,exploratory; insufficient time blocks,False,exploratory; cluster-t assumes independent approximately normal block scores; bootstrap descriptive; no simultaneous CI correction,1.0,1.0,False,False,1.0,1.0
test_01107,results/point_ensemble/predictions.parquet,ens4_factor_mean3,reference_ens3,targets_jun_sep,12096,2016,3,1,3,"1,2,3",781.8658229421985,747.7402515436685,34.12557139853004,-4.563826987791507,,,22.620394464263967,38.83234892479887,,,18.48624572870959,50.2110172803531,,0.25,,exploratory; insufficient time blocks,False,exploratory; cluster-t assumes independent approximately normal block scores; bootstrap descriptive; no simultaneous CI correction,,1.0,False,False,,1.0
test_01108,results/point_ensemble/predictions.parquet,ens4_factor_mean3,reference_ens3,all_available,30240,2016,6,2,3,"1,2,3",800.0169313661488,785.6124965440231,14.404434822125722,-1.83352923807756,1.2570104378562803,34.12557139853013,-5.657580825445826,34.12557139853012,-186.0602043578203,214.86907400207195,2.725894148447296,26.19061089961296,0.5,0.21875,0.5,exploratory; insufficient time blocks,False,exploratory; cluster-t assumes independent approximately normal block scores; bootstrap descriptive; no simultaneous CI correction,1.0,1.0,False,False,1.0,1.0
test_01109,results/point_ensemble/predictions.parquet,local_ema_ens4,reference_ens3,targets_jun_sep,12096,2016,3,1,3,"1,2,3",699.423279069112,747.7402515436685,-48.31697247455645,6.461732182373321,,,-108.5993589749788,-34.838226877135234,,,-57.258630947148376,-37.90495795567759,,0.25,,exploratory; insufficient time blocks,False,exploratory; cluster-t assumes independent approximately normal block scores; bootstrap descriptive; no simultaneous CI correction,,1.0,False,False,,1.0
test_01110,results/point_ensemble/predictions.parquet,local_ema_ens4,reference_ens3,all_available,30240,2016,6,2,3,"1,2,3",769.5798566422077,785.6124965440231,-16.0326399018154,2.0407821887182758,-48.31697247455647,5.490248480012001,-42.83256327335607,7.54097021853697,-344.2017114604648,312.136431656834,-24.659520372709977,-7.053966196995602,1.0,0.1875,0.5,exploratory; insufficient time blocks,False,exploratory; cluster-t assumes independent approximately normal block scores; bootstrap descriptive; no simultaneous CI correction,1.0,1.0,False,False,1.0,1.0
test_01111,results/point_ensemble/predictions.parquet,mixed_ets_bolt_ema,reference_ens3,targets_jun_sep,12096,2016,3,1,3,"1,2,3",721.5138495653636,747.7402515436685,-26.22640197830492,3.5074214507192787,,,-60.34479822556948,-17.408763173424322,,,-32.79421826726672,-19.922120880083344,,0.25,,exploratory; insufficient time blocks,False,exploratory; cluster-t assumes independent approximately normal block scores; bootstrap descriptive; no simultaneous CI correction,,1.0,False,False,,1.0
test_01112,results/point_ensemble/predictions.parquet,mixed_ets_bolt_ema,reference_ens3,all_available,30240,2016,6,2,3,"1,2,3",772.1876844136677,785.6124965440231,-13.424812130355347,1.7088338321261756,-26.22640197830492,-4.890418898388664,-26.07108026796592,-5.175388698133961,-143.55250937825926,116.70288511754892,-16.533571681454987,-10.693269497515514,0.5,0.0625,0.5,exploratory; insufficient time blocks,False,exploratory; cluster-t assumes independent approximately normal block scores; bootstrap descriptive; no simultaneous CI correction,1.0,1.0,False,False,1.0,1.0
test_01113,results/point_ensemble/predictions.parquet,mixed_ridge_ema,reference_ens3,targets_jun_sep,12096,2016,3,1,3,"1,2,3",726.7083268428047,747.7402515436685,-21.031924700863783,2.8127313806424805,,,-54.558957626441455,-10.578290824763403,,,-28.17513306194471,-12.96408716599126,,0.25,,exploratory; insufficient time blocks,False,exploratory; cluster-t assumes independent approximately normal block scores; bootstrap descriptive; no simultaneous CI correction,,1.0,False,False,,1.0
test_01114,results/point_ensemble/predictions.parquet,mixed_ridge_ema,reference_ens3,all_available,30240,2016,6,2,3,"1,2,3",779.8732231424829,785.6124965440231,-5.739273401540231,0.7305476207147656,-21.03192470086379,4.455827464675466,-20.85144834168072,7.305808130014101,-161.18852009919573,149.7099732961153,-14.048976213645656,2.946334259133109,1.0,0.46875,0.5,exploratory; insufficient time blocks,False,exploratory; cluster-t assumes independent approximately normal block scores; bootstrap descriptive; no simultaneous CI correction,1.0,1.0,False,False,1.0,1.0
test_01115,results/point_ensemble/predictions.parquet,past_horizon_select_shrunk,reference_ens3,public_origins_jun_sep,24192,2016,6,2,3,"1,2,3",755.3176691558444,761.9163980544566,-6.598728898612194,0.8660699409360345,-18.42746932109495,5.23001152387051,-18.127628637952323,4.631004438559009,-156.89712648078807,143.69966868356363,-11.529026695119194,-2.4494782362082805,1.0,0.5,0.5,exploratory; insufficient time blocks,False,exploratory; cluster-t assumes independent approximately normal block scores; bootstrap descriptive; no simultaneous CI correction,1.0,1.0,False,False,1.0,1.0
test_01116,results/point_ensemble/predictions.parquet,past_horizon_select_shrunk,reference_ens3,later_origins,6048,2016,2,1,3,"1,2",862.6946711225248,880.3968905022884,-17.70221937976362,2.010708984860687,,,,,,,-21.84580890917632,-14.07981521139862,,0.5,,exploratory; insufficient time blocks,False,exploratory; cluster-t assumes independent approximately normal block scores; bootstrap descriptive; no simultaneous CI correction,,1.0,False,False,,1.0
test_01117,results/point_ensemble/predictions.parquet,past_horizon_select_shrunk,reference_ens3,targets_jun_sep,12096,2016,3,1,3,"1,2,3",752.970263067539,747.7402515436685,5.23001152387053,-0.6994422880236099,,,2.6406623166968552,14.285138334609242,,,-4.503659057798597,15.967895830624808,,0.25,,exploratory; insufficient time blocks,False,exploratory; cluster-t assumes independent approximately normal block scores; bootstrap descriptive; no simultaneous CI correction,,1.0,False,False,,1.0
test_01118,results/point_ensemble/predictions.parquet,past_horizon_select_shrunk,reference_ens3,targets_oct_nov,12096,2016,2,1,3,"1,2,3",718.9852019001063,741.1270448155732,-22.141842915466896,2.9875907336476724,,,,,,,-29.658419030274363,-15.1658749465064,,0.5,,exploratory; insufficient time blocks,False,exploratory; cluster-t assumes independent approximately normal block scores; bootstrap descriptive; no simultaneous CI correction,,1.0,False,False,,1.0
test_01119,results/point_ensemble/predictions.parquet,past_horizon_select_shrunk,reference_ens3,targets_dec,6048,2016,1,1,3,"1,2,3",940.0544178106122,950.3278900016312,-10.273472191019096,1.0810450055297711,,,,,,,-16.365566195617053,-5.052029073990399,,,,exploratory; insufficient time blocks,False,exploratory; cluster-t assumes independent approximately normal block scores; bootstrap descriptive; no simultaneous CI correction,,,False,False,,
test_01120,results/point_ensemble/predictions.parquet,past_horizon_select_shrunk,reference_ens3,all_available,30240,2016,6,2,3,"1,2,3",776.7930695491805,785.6124965440231,-8.819426994842615,1.1226179616083034,-18.18571934065117,5.23001152387051,-18.2562650313305,2.001477896941468,-151.6314607953887,133.9926068057037,-13.33034744713149,-5.113575553190067,1.0,0.28125,0.5,exploratory; insufficient time blocks,False,exploratory; cluster-t assumes independent approximately normal block scores; bootstrap descriptive; no simultaneous CI correction,1.0,1.0,False,False,1.0,1.0
test_01121,results/point_ensemble/predictions.parquet,past_select_shrunk,reference_ens3,public_origins_jun_sep,24192,2016,6,2,3,"1,2,3",757.5422750228944,761.9163980544566,-4.374123031562249,0.5740948800592183,-14.112681403097232,5.3644353399727285,-16.94635617406383,5.64496445732,-128.11423953798044,119.36599347485594,-9.31385614784105,0.1099262808100918,1.0,0.875,0.5,exploratory; insufficient time blocks,False,exploratory; cluster-t assumes independent approximately normal block scores; bootstrap descriptive; no simultaneous CI correction,1.0,1.0,False,False,1.0,1.0
test_01122,results/point_ensemble/predictions.parquet,past_select_shrunk,reference_ens3,later_origins,6048,2016,2,1,3,"1,2",861.2460232389006,880.3968905022884,-19.150867263387795,2.175253850846945,,,,,,,-29.41916555444796,-9.821797196665011,,0.5,,exploratory; insufficient time blocks,False,exploratory; cluster-t assumes independent approximately normal block scores; bootstrap descriptive; no simultaneous CI correction,,1.0,False,False,,1.0
test_01123,results/point_ensemble/predictions.parquet,past_select_shrunk,reference_ens3,targets_jun_sep,12096,2016,3,1,3,"1,2,3",753.1046868836413,747.7402515436685,5.364435339972829,-0.7174196291958669,,,0.511538489395741,14.285138334609242,,,-3.550311375837793,15.446956857607177,,0.25,,exploratory; insufficient time blocks,False,exploratory; cluster-t assumes independent approximately normal block scores; bootstrap descriptive; no simultaneous CI correction,,1.0,False,False,,1.0
test_01124,results/point_ensemble/predictions.parquet,past_select_shrunk,reference_ens3,targets_oct_nov,12096,2016,2,1,3,"1,2,3",724.8370553747453,741.1270448155732,-16.289989440827867,2.1980022932345658,,,,,,,-22.014885474863416,-10.946006388773869,,0.5,,exploratory; insufficient time blocks,False,exploratory; cluster-t assumes independent approximately normal block scores; bootstrap descriptive; no simultaneous CI correction,,1.0,False,False,,1.0
test_01125,results/point_ensemble/predictions.parquet,past_select_shrunk,reference_ens3,targets_dec,6048,2016,1,1,3,"1,2,3",935.5316388137054,950.3278900016312,-14.796251187925918,1.5569627434485291,,,,,,,-22.59064527266556,-7.980494970889056,,,,exploratory; insufficient time blocks,False,exploratory; cluster-t assumes independent approximately normal block scores; bootstrap descriptive; no simultaneous CI correction,,,False,False,,
test_01126,results/point_ensemble/predictions.parquet,past_select_shrunk,reference_ens3,all_available,30240,2016,6,2,3,"1,2,3",778.2830246660957,785.6124965440231,-7.3294718779274035,0.93296274055853,-15.792076689860746,5.3644353399727285,-17.308035533203558,3.148479462333669,-136.36257909065665,121.70363533480194,-12.87137864311156,-2.4226177688289545,1.0,0.3125,0.5,exploratory; insufficient time blocks,False,exploratory; cluster-t assumes independent approximately normal block scores; bootstrap descriptive; no simultaneous CI correction,1.0,1.0,False,False,1.0,1.0
test_01127,results/point_ensemble/predictions.parquet,past_top3_mean,reference_ens3,public_origins_jun_sep,24192,2016,6,2,3,"1,2,3",761.0397909171932,761.9163980544566,-0.8766071372634769,0.1150529296261219,-9.818539686778257,8.065325412251376,-16.60881680317241,13.41957595622069,-114.4946328507649,112.74141857623805,-5.652067600596718,3.666143434782561,1.0,1.0,0.5,exploratory; insufficient time blocks,False,exploratory; cluster-t assumes independent approximately normal block scores; bootstrap descriptive; no simultaneous CI correction,1.0,1.0,False,False,1.0,1.0
test_01128,results/point_ensemble/predictions.parquet,past_top3_mean,reference_ens3,later_origins,6048,2016,2,1,3,"1,2",862.7058354115524,880.3968905022884,-17.691055090736086,2.0094408875800203,,,,,,,-32.32844972232636,-3.097530875623743,,0.5,,exploratory; insufficient time blocks,False,exploratory; cluster-t assumes independent approximately normal block scores; bootstrap descriptive; no simultaneous CI correction,,1.0,False,False,,1.0
test_01129,results/point_ensemble/predictions.parquet,past_top3_mean,reference_ens3,targets_jun_sep,12096,2016,3,1,3,"1,2,3",755.80557695592,747.7402515436685,8.065325412251468,-1.0786266214238232,,,4.127620040471864,25.50878158126532,,,-1.5566076624982184,18.88463540853197,,0.25,,exploratory; insufficient time blocks,False,exploratory; cluster-t assumes independent approximately normal block scores; bootstrap descriptive; no simultaneous CI correction,,1.0,False,False,,1.0
test_01130,results/point_ensemble/predictions.parquet,past_top3_mean,reference_ens3,targets_oct_nov,12096,2016,2,1,3,"1,2,3",720.6176735156906,741.1270448155732,-20.50937129988256,2.7673219380337475,,,,,,,-26.314535616401056,-14.7241683013168,,0.5,,exploratory; insufficient time blocks,False,exploratory; cluster-t assumes independent approximately normal block scores; bootstrap descriptive; no simultaneous CI correction,,1.0,False,False,,1.0
test_01131,results/point_ensemble/predictions.parquet,past_top3_mean,reference_ens3,targets_dec,6048,2016,1,1,3,"1,2,3",954.0184981371038,950.3278900016312,3.69060813547253,-0.3883510285556488,,,,,,,-10.712961984462348,18.38985993727161,,,,exploratory; insufficient time blocks,False,exploratory; cluster-t assumes independent approximately normal block scores; bootstrap descriptive; no simultaneous CI correction,,,False,False,,
test_01132,results/point_ensemble/predictions.parquet,past_top3_mean,reference_ens3,all_available,30240,2016,6,2,3,"1,2,3",781.372999816065,785.6124965440231,-4.239496727958112,0.5396422214015208,-12.442711488097522,8.065325412251376,-16.684460948252646,7.768983211844606,-129.3175682150639,120.83857475914796,-10.411207374445503,1.6052130987690545,1.0,0.75,0.5,exploratory; insufficient time blocks,False,exploratory; cluster-t assumes independent approximately normal block scores; bootstrap descriptive; no simultaneous CI correction,1.0,1.0,False,False,1.0,1.0
test_01133,results/point_ensemble/predictions.parquet,reference_plus_previous_0.1,reference_ens3,targets_jun_sep,12096,2016,3,1,3,"1,2,3",751.613661527783,747.7402515436685,3.8734099841145735,-0.5180154440152356,,,1.3980730414865457,5.7857749373817455,,,-1.9971998555023665,10.369926676805166,,0.25,,exploratory; insufficient time blocks,False,exploratory; cluster-t assumes independent approximately normal block scores; bootstrap descriptive; no simultaneous CI correction,,1.0,False,False,,1.0
test_01134,results/point_ensemble/predictions.parquet,reference_plus_previous_0.1,reference_ens3,all_available,30240,2016,6,2,3,"1,2,3",783.0589219233963,785.6124965440231,-2.5535746206268186,0.3250425154717132,-6.838231023787571,3.8734099841145375,-8.174907159798966,3.413724199897359,-67.88364040121846,62.776491159965,-5.410124233345007,-0.0259093903197931,1.0,0.5,0.5,exploratory; insufficient time blocks,False,exploratory; cluster-t assumes independent approximately normal block scores; bootstrap descriptive; no simultaneous CI correction,1.0,1.0,False,False,1.0,1.0
test_01135,results/point_ensemble/predictions.parquet,reference_plus_previous_0.2,reference_ens3,targets_jun_sep,12096,2016,3,1,3,"1,2,3",756.9804400233014,747.7402515436685,9.240188479632934,-1.2357484381183272,,,3.55377997265166,13.64463247386973,,,-2.6705976061966634,22.53985820741854,,0.25,,exploratory; insufficient time blocks,False,exploratory; cluster-t assumes independent approximately normal block scores; bootstrap descriptive; no simultaneous CI correction,,1.0,False,False,,1.0
test_01136,results/point_ensemble/predictions.parquet,reference_plus_previous_0.2,reference_ens3,all_available,30240,2016,6,2,3,"1,2,3",782.3085663365837,785.6124965440231,-3.3039302074394072,0.4205546910179866,-11.66667599882082,9.240188479632955,-14.866207772450288,8.648469486787707,-130.8144424282745,124.20658201339587,-9.19544561365987,1.996397953061315,1.0,0.625,0.5,exploratory; insufficient time blocks,False,exploratory; cluster-t assumes independent approximately normal block scores; bootstrap descriptive; no simultaneous CI correction,1.0,1.0,False,False,1.0,1.0
test_01137,results/point_ensemble/predictions.parquet,reference_plus_previous_0.3,reference_ens3,targets_jun_sep,12096,2016,3,1,3,"1,2,3",763.7410330849129,747.7402515436685,16.000781541244464,-2.139885007957206,,,6.63495091516234,23.31245161580035,,,-2.151001956698215,36.39257167586344,,0.25,,exploratory; insufficient time blocks,False,exploratory; cluster-t assumes independent approximately normal block scores; bootstrap descriptive; no simultaneous CI correction,,1.0,False,False,,1.0
test_01138,results/point_ensemble/predictions.parquet,reference_plus_previous_0.3,reference_ens3,all_available,30240,2016,6,2,3,"1,2,3",783.3310728321633,785.6124965440231,-2.281423711859816,0.2904006392332091,-14.469560547262564,16.000781541244333,-20.062555446159767,15.617943978616948,-188.11937809539225,183.55653067167265,-11.354168171210896,5.997403677544344,1.0,0.875,0.5,exploratory; insufficient time blocks,False,exploratory; cluster-t assumes independent approximately normal block scores; bootstrap descriptive; no simultaneous CI correction,1.0,1.0,False,False,1.0,1.0
test_01139,results/next_forecast_checks/predictions.parquet,calendar_days_full,anchor_ema,public_origins_jun_sep,24192,2016,6,2,3,"1,2,3",719.4868084357182,719.4868084357182,0.0,0.0,0.0,0.0,0.0,0.0,0.0,0.0,0.0,0.0,1.0,1.0,0.5,exploratory; insufficient time blocks,False,exploratory; cluster-t assumes independent approximately normal block scores; bootstrap descriptive; no simultaneous CI correction,1.0,1.0,False,False,1.0,1.0
test_01140,results/next_forecast_checks/predictions.parquet,calendar_days_full,anchor_ema,later_origins,6048,2016,2,1,3,"1,2",853.5098243065104,853.5098243065104,0.0,0.0,,,,,,,0.0,0.0,,1.0,,exploratory; insufficient time blocks,False,exploratory; cluster-t assumes independent approximately normal block scores; bootstrap descriptive; no simultaneous CI correction,,1.0,False,False,,1.0
test_01141,results/next_forecast_checks/predictions.parquet,calendar_days_full,anchor_ema,targets_jun_sep,24192,2016,4,2,3,"1,2,3",851.5168569694632,851.5168569694632,0.0,0.0,,,0.0,0.0,0.0,0.0,0.0,0.0,1.0,1.0,0.5,exploratory; insufficient time blocks,False,exploratory; cluster-t assumes independent approximately normal block scores; bootstrap descriptive; no simultaneous CI correction,1.0,1.0,False,False,1.0,1.0
test_01142,results/next_forecast_checks/predictions.parquet,calendar_days_full,anchor_ema,targets_oct_nov,12096,2016,2,1,3,"1,2,3",710.7308372159141,710.7308372159141,0.0,0.0,,,,,,,0.0,0.0,,1.0,,exploratory; insufficient time blocks,False,exploratory; cluster-t assumes independent approximately normal block scores; bootstrap descriptive; no simultaneous CI correction,,1.0,False,False,,1.0
test_01143,results/next_forecast_checks/predictions.parquet,calendar_days_full,anchor_ema,targets_dec,6048,2016,1,1,3,"1,2,3",932.3191406078008,932.3191406078008,0.0,0.0,,,,,,,0.0,0.0,,,,exploratory; insufficient time blocks,False,exploratory; cluster-t assumes independent approximately normal block scores; bootstrap descriptive; no simultaneous CI correction,,,False,False,,
test_01144,results/next_forecast_checks/predictions.parquet,calendar_days_full,anchor_ema,targets_jan_may,12096,2016,3,1,3,"1,2,3",1582.2554163674508,1582.2554163674508,0.0,0.0,,,0.0,0.0,,,0.0,0.0,,1.0,,exploratory; insufficient time blocks,False,exploratory; cluster-t assumes independent approximately normal block scores; bootstrap descriptive; no simultaneous CI correction,,1.0,False,False,,1.0
test_01145,results/next_forecast_checks/predictions.parquet,calendar_days_full,anchor_ema,all_available,54432,2016,10,4,3,"1,2,3",991.5954528502648,991.5954528502648,0.0,0.0,0.0,0.0,0.0,0.0,0.0,0.0,0.0,0.0,1.0,1.0,0.125,exploratory; insufficient time blocks,False,exploratory; cluster-t assumes independent approximately normal block scores; bootstrap descriptive; no simultaneous CI correction,1.0,1.0,False,False,1.0,1.0
test_01146,results/next_forecast_checks/predictions.parquet,calendar_weekdays_quarter,anchor_ema,public_origins_jun_sep,24192,2016,6,2,3,"1,2,3",764.7309570144893,719.4868084357182,45.244148578771046,-6.288391676998111,-18.619161990356385,72.52635834317962,-25.698474864730212,187.9706063019321,-301.4091943500926,391.89749150763447,36.54441366106019,54.08032096708767,0.5,0.5,0.5,exploratory; insufficient time blocks,False,exploratory; cluster-t assumes independent approximately normal block scores; bootstrap descriptive; no simultaneous CI correction,1.0,1.0,False,False,1.0,1.0
test_01147,results/next_forecast_checks/predictions.parquet,calendar_weekdays_quarter,anchor_ema,later_origins,6048,2016,2,1,3,"1,2",1002.274219945968,853.5098243065104,148.76439563945758,-17.42972270533979,,,,,,,111.03893558939022,187.0126222777602,,1.0,,exploratory; insufficient time blocks,False,exploratory; cluster-t assumes independent approximately normal block scores; bootstrap descriptive; no simultaneous CI correction,,1.0,False,False,,1.0
test_01148,results/next_forecast_checks/predictions.parquet,calendar_weekdays_quarter,anchor_ema,targets_jun_sep,24192,2016,4,2,3,"1,2,3",1083.382855677214,851.5168569694632,231.8659987077509,-27.22976025782494,,,-6.711106172528912,470.44310358803097,-1241.202426791241,1704.934424206743,196.20819224307684,271.4316043512321,1.0,0.5,0.5,exploratory; insufficient time blocks,False,exploratory; cluster-t assumes independent approximately normal block scores; bootstrap descriptive; no simultaneous CI correction,1.0,1.0,False,False,1.0,1.0
test_01149,results/next_forecast_checks/predictions.parquet,calendar_weekdays_quarter,anchor_ema,targets_oct_nov,12096,2016,2,1,3,"1,2,3",661.9463248282516,710.7308372159141,-48.78451238766252,6.863992644354925,,,,,,,-65.54892098477423,-32.348794438973506,,0.5,,exploratory; insufficient time blocks,False,exploratory; cluster-t assumes independent approximately normal block scores; bootstrap descriptive; no simultaneous CI correction,,1.0,False,False,,1.0
test_01150,results/next_forecast_checks/predictions.parquet,calendar_weekdays_quarter,anchor_ema,targets_dec,6048,2016,1,1,3,"1,2,3",1214.576438651308,932.3191406078008,282.25729804350726,-30.274750967731613,,,,,,,218.2367698256921,348.22727582969486,,,,exploratory; insufficient time blocks,False,exploratory; cluster-t assumes independent approximately normal block scores; bootstrap descriptive; no simultaneous CI correction,,,False,False,,
test_01151,results/next_forecast_checks/predictions.parquet,calendar_weekdays_quarter,anchor_ema,targets_jan_may,12096,2016,3,1,3,"1,2,3",1463.2037542920712,1582.2554163674508,-119.05166207537968,7.524174721973714,,,-655.300659417831,596.2913463833827,,,-133.51875822121875,-106.43416603336388,,1.0,,exploratory; insufficient time blocks,False,exploratory; cluster-t assumes independent approximately normal block scores; bootstrap descriptive; no simultaneous CI correction,,1.0,False,False,,1.0
test_01152,results/next_forecast_checks/predictions.parquet,calendar_weekdays_quarter,anchor_ema,all_available,54432,2016,10,4,3,"1,2,3",1088.7120021778678,991.5954528502648,97.11654932760293,-9.793968805368042,-48.13793041126778,255.40900391990695,-93.03718135630334,281.1336284394034,-262.8183056866078,457.05140434181374,77.84658689918777,116.8602111152327,0.625,0.3671875,0.125,exploratory; insufficient time blocks,False,exploratory; cluster-t assumes independent approximately normal block scores; bootstrap descriptive; no simultaneous CI correction,1.0,1.0,False,False,1.0,1.0
test_01153,results/next_forecast_checks/predictions.parquet,factor_ar_calendar,anchor_ema,public_origins_jun_sep,24192,2016,6,2,3,"1,2,3",920.9604070857677,719.4868084357182,201.47359865004933,-28.002403419749392,115.24510656962364,214.91251331922783,88.55711445319125,331.1654173479929,30.715997428024597,372.2311998720738,164.1381785566433,239.7090271386045,0.5,0.03125,0.5,exploratory; insufficient time blocks,False,exploratory; cluster-t assumes independent approximately normal block scores; bootstrap descriptive; no simultaneous CI correction,1.0,1.0,False,False,1.0,1.0
test_01154,results/next_forecast_checks/predictions.parquet,factor_ar_calendar,anchor_ema,later_origins,6048,2016,2,1,3,"1,2",1099.621928693772,853.5098243065104,246.11210438726172,-28.835298361941124,,,,,,,194.13939541944808,300.81958041597073,,0.5,,exploratory; insufficient time blocks,False,exploratory; cluster-t assumes independent approximately normal block scores; bootstrap descriptive; no simultaneous CI correction,,1.0,False,False,,1.0
test_01155,results/next_forecast_checks/predictions.parquet,factor_ar_calendar,anchor_ema,targets_jun_sep,24192,2016,4,2,3,"1,2,3",958.973113629077,851.5168569694632,107.4562566596138,-12.619392767167188,,,31.638236949060595,192.04432000635896,-686.6583119931055,901.5708253123332,87.07188182999147,130.59759602983766,0.5,0.25,0.5,exploratory; insufficient time blocks,False,exploratory; cluster-t assumes independent approximately normal block scores; bootstrap descriptive; no simultaneous CI correction,1.0,1.0,False,False,1.0,1.0
test_01156,results/next_forecast_checks/predictions.parquet,factor_ar_calendar,anchor_ema,targets_oct_nov,12096,2016,2,1,3,"1,2,3",869.2658230209789,710.7308372159141,158.53498580506482,-22.305910691321703,,,,,,,127.19820883597497,188.7391531467057,,0.5,,exploratory; insufficient time blocks,False,exploratory; cluster-t assumes independent approximately normal block scores; bootstrap descriptive; no simultaneous CI correction,,1.0,False,False,,1.0
test_01157,results/next_forecast_checks/predictions.parquet,factor_ar_calendar,anchor_ema,targets_dec,6048,2016,1,1,3,"1,2,3",1237.4306413466743,932.3191406078008,305.1115007388735,-32.7260792414885,,,,,,,238.4036940281945,373.8599202614583,,,,exploratory; insufficient time blocks,False,exploratory; cluster-t assumes independent approximately normal block scores; bootstrap descriptive; no simultaneous CI correction,,,False,False,,
test_01158,results/next_forecast_checks/predictions.parquet,factor_ar_calendar,anchor_ema,all_available,54432,2016,10,4,3,"1,2,3",1108.4850638488713,991.5954528502648,116.88961099860636,-11.788034189004817,15.819118474530296,171.59240048455706,39.32781866226456,198.97601995065625,-42.88504021752425,276.6642622147373,94.9438238028693,139.57276770769582,0.25,0.03125,0.125,exploratory; insufficient time blocks,False,exploratory; cluster-t assumes independent approximately normal block scores; bootstrap descriptive; no simultaneous CI correction,1.0,1.0,False,False,1.0,1.0
test_01159,results/next_forecast_checks/predictions.parquet,factor_ar_calendar_rate,anchor_ema,public_origins_jun_sep,24192,2016,6,2,3,"1,2,3",920.9031465636832,719.4868084357182,201.4163381279651,-27.99444489689493,115.2141589512273,214.88692900606503,88.52806571428738,331.06215769652744,30.256252510112542,372.5764237458176,164.09228255786323,239.63602983824708,0.5,0.03125,0.5,exploratory; insufficient time blocks,False,exploratory; cluster-t assumes independent approximately normal block scores; bootstrap descriptive; no simultaneous CI correction,1.0,1.0,False,False,1.0,1.0
test_01160,results/next_forecast_checks/predictions.parquet,factor_ar_calendar_rate,anchor_ema,later_origins,6048,2016,2,1,3,"1,2",1098.5097207244703,853.5098243065104,244.99989641796012,-28.704988441934603,,,,,,,193.24074203871064,299.4590502100493,,0.5,,exploratory; insufficient time blocks,False,exploratory; cluster-t assumes independent approximately normal block scores; bootstrap descriptive; no simultaneous CI correction,,1.0,False,False,,1.0
test_01161,results/next_forecast_checks/predictions.parquet,factor_ar_calendar_rate,anchor_ema,targets_jun_sep,24192,2016,4,2,3,"1,2,3",958.9603214724958,851.5168569694632,107.4434645030326,-12.617890488442283,,,31.638236949060595,192.00594353661467,-686.4272945088709,901.314223514936,87.05961392121604,130.58300862806877,0.5,0.25,0.5,exploratory; insufficient time blocks,False,exploratory; cluster-t assumes independent approximately normal block scores; bootstrap descriptive; no simultaneous CI correction,1.0,1.0,False,False,1.0,1.0
test_01162,results/next_forecast_checks/predictions.parquet,factor_ar_calendar_rate,anchor_ema,targets_oct_nov,12096,2016,2,1,3,"1,2,3",869.0403968357609,710.7308372159141,158.30955961984682,-22.27419317275996,,,,,,,127.01559680085695,188.47797871922828,,0.5,,exploratory; insufficient time blocks,False,exploratory; cluster-t assumes independent approximately normal block scores; bootstrap descriptive; no simultaneous CI correction,,1.0,False,False,,1.0
test_01163,results/next_forecast_checks/predictions.parquet,factor_ar_calendar_rate,anchor_ema,targets_dec,6048,2016,1,1,3,"1,2,3",1236.5914122857978,932.3191406078008,304.27227167799697,-32.63606402842215,,,,,,,237.7335974169687,372.82525483884,,,,exploratory; insufficient time blocks,False,exploratory; cluster-t assumes independent approximately normal block scores; bootstrap descriptive; no simultaneous CI correction,,,False,False,,
test_01164,results/next_forecast_checks/predictions.parquet,factor_ar_calendar_rate,anchor_ema,all_available,54432,2016,10,4,3,"1,2,3",1108.336036064689,991.5954528502648,116.74058321442442,-11.77300509788166,15.819118474530296,171.39490715729994,39.31506443818184,198.6903491379284,-42.743030328833015,276.224196757682,94.82718661945908,139.39500423831444,0.25,0.03125,0.125,exploratory; insufficient time blocks,False,exploratory; cluster-t assumes independent approximately normal block scores; bootstrap descriptive; no simultaneous CI correction,1.0,1.0,False,False,1.0,1.0
test_01165,results/next_forecast_checks/predictions.parquet,local_calendar_ridge,anchor_ema,public_origins_jun_sep,24192,2016,6,2,3,"1,2,3",719.4842308799783,719.4868084357182,-0.0025775557398901,0.0003582492006342,-0.0247697025421211,0.0196145910620789,-0.0261875750453501,0.0432178029801272,-0.2845555165484611,0.279400405068419,-0.0051223776866842,4.046139751967106e-05,1.0,0.96875,0.5,exploratory; insufficient time blocks,False,exploratory; cluster-t assumes independent approximately normal block scores; bootstrap descriptive; no simultaneous CI correction,1.0,1.0,False,False,1.0,1.0
test_01166,results/next_forecast_checks/predictions.parquet,local_calendar_ridge,anchor_ema,later_origins,6048,2016,2,1,3,"1,2",853.5374534559651,853.5098243065104,0.0276291494546967,-0.0032371214329191,,,,,,,0.0190538318590124,0.0353784373302644,,1.0,,exploratory; insufficient time blocks,False,exploratory; cluster-t assumes independent approximately normal block scores; bootstrap descriptive; no simultaneous CI correction,,1.0,False,False,,1.0
test_01167,results/next_forecast_checks/predictions.parquet,local_calendar_ridge,anchor_ema,targets_jun_sep,24192,2016,4,2,3,"1,2,3",851.5563441791967,851.5168569694632,0.0394872097334655,-0.0046372786880579,,,-0.0052404797348758,0.0842148992019223,-0.2284012560967695,0.3073756755638159,0.0311213947521383,0.0493272162383645,1.0,0.5,0.5,exploratory; insufficient time blocks,False,exploratory; cluster-t assumes independent approximately normal block scores; bootstrap descriptive; no simultaneous CI correction,1.0,1.0,False,False,1.0,1.0
test_01168,results/next_forecast_checks/predictions.parquet,local_calendar_ridge,anchor_ema,targets_oct_nov,12096,2016,2,1,3,"1,2,3",710.7027313963146,710.7308372159141,-0.0281058195995456,0.0039544955878996,,,,,,,-0.039238805607201,-0.0182313427166496,,0.5,,exploratory; insufficient time blocks,False,exploratory; cluster-t assumes independent approximately normal block scores; bootstrap descriptive; no simultaneous CI correction,,1.0,False,False,,1.0
test_01169,results/next_forecast_checks/predictions.parquet,local_calendar_ridge,anchor_ema,targets_dec,6048,2016,1,1,3,"1,2,3",932.3534419913702,932.3191406078008,0.0343013835694137,-0.0036791461287657,,,,,,,0.0247851476365778,0.0441105288999848,,,,exploratory; insufficient time blocks,False,exploratory; cluster-t assumes independent approximately normal block scores; bootstrap descriptive; no simultaneous CI correction,,,False,False,,
test_01170,results/next_forecast_checks/predictions.parquet,local_calendar_ridge,anchor_ema,targets_jan_may,12096,2016,3,1,3,"1,2,3",1582.193118374964,1582.2554163674508,-0.0622979924867195,0.0039372905184766,,,-0.1618138584781245,-0.005208776125056,,,-0.0727481835274797,-0.0531343722648389,,0.25,,exploratory; insufficient time blocks,False,exploratory; cluster-t assumes independent approximately normal block scores; bootstrap descriptive; no simultaneous CI correction,,1.0,False,False,,1.0
test_01171,results/next_forecast_checks/predictions.parquet,local_calendar_ridge,anchor_ema,all_available,54432,2016,10,4,3,"1,2,3",991.5967242500794,991.5954528502648,0.0012713998145272,-0.0001282175922522,-0.032888288817304,0.0407342953806133,-0.0399307472241103,0.0372031521459114,-0.0860891760255115,0.0886319756545779,-0.0006339398320896,0.0030408084815296,1.0,0.966796875,0.125,exploratory; insufficient time blocks,False,exploratory; cluster-t assumes independent approximately normal block scores; bootstrap descriptive; no simultaneous CI correction,1.0,1.0,False,False,1.0,1.0
test_01172,results/next_forecast_checks/predictions.parquet,past_mae_stacking,anchor_ema,public_origins_jun_sep,24192,2016,6,2,3,"1,2,3",752.8134817577123,719.4868084357182,33.32667332199412,-4.632006164845712,28.85187861791233,39.87948594791626,18.877017233526487,44.17660346933698,-23.53098434157029,90.18433098555838,8.385716778843125,56.09376398361799,0.5,0.0625,0.5,exploratory; insufficient time blocks,False,exploratory; cluster-t assumes independent approximately normal block scores; bootstrap descriptive; no simultaneous CI correction,1.0,1.0,False,False,1.0,1.0
test_01173,results/next_forecast_checks/predictions.parquet,past_mae_stacking,anchor_ema,later_origins,6048,2016,2,1,3,"1,2",837.293698173227,853.5098243065104,-16.21612613328341,1.8999343266446005,,,,,,,-36.86025213500446,3.2002436851172,,0.5,,exploratory; insufficient time blocks,False,exploratory; cluster-t assumes independent approximately normal block scores; bootstrap descriptive; no simultaneous CI correction,,1.0,False,False,,1.0
test_01174,results/next_forecast_checks/predictions.parquet,past_mae_stacking,anchor_ema,targets_jun_sep,24192,2016,4,2,3,"1,2,3",869.6173791499173,851.5168569694632,18.10052218045405,-2.1256798420730694,,,1.7668396456063884,36.526757584710325,-162.05426863246825,198.25531299337663,3.561080972400261,31.567613688784785,0.5,0.25,0.5,exploratory; insufficient time blocks,False,exploratory; cluster-t assumes independent approximately normal block scores; bootstrap descriptive; no simultaneous CI correction,1.0,1.0,False,False,1.0,1.0
test_01175,results/next_forecast_checks/predictions.parquet,past_mae_stacking,anchor_ema,targets_oct_nov,12096,2016,2,1,3,"1,2,3",736.7885218815741,710.7308372159141,26.057684665659963,-3.666322509338913,,,,,,,-0.743517252948294,47.464912535548464,,0.5,,exploratory; insufficient time blocks,False,exploratory; cluster-t assumes independent approximately normal block scores; bootstrap descriptive; no simultaneous CI correction,,1.0,False,False,,1.0
test_01176,results/next_forecast_checks/predictions.parquet,past_mae_stacking,anchor_ema,targets_dec,6048,2016,1,1,3,"1,2,3",921.691402379022,932.3191406078008,-10.627738228778751,1.1399249211863527,,,,,,,-31.46725424369412,9.060186206427495,,,,exploratory; insufficient time blocks,False,exploratory; cluster-t assumes independent approximately normal block scores; bootstrap descriptive; no simultaneous CI correction,,,False,False,,
test_01177,results/next_forecast_checks/predictions.parquet,past_mae_stacking,anchor_ema,all_available,54432,2016,10,4,3,"1,2,3",1004.2498661640824,991.5954528502648,12.6544133138176,-1.2761669365711048,0.7400190543303623,28.894587216557944,1.7413530494304792,24.01844649761712,-16.218973303175936,41.52779993081104,1.5264501502621193,21.768912391604097,0.5,0.09375,0.125,exploratory; insufficient time blocks,False,exploratory; cluster-t assumes independent approximately normal block scores; bootstrap descriptive; no simultaneous CI correction,1.0,1.0,False,False,1.0,1.0
test_01178,results/architecture_extensions/predictions.parquet,composition,anchor,public_origins_jun_sep,24192,2016,6,2,3,"1,2,3",708.2537311145638,719.4868084357182,-11.233077321154385,1.5612624428204496,-16.039802182279193,-4.743209292820124,-24.08980499787512,2.613322902979097,-72.30830751830348,49.84215287599455,-14.540550093933527,-8.120250039537929,0.5,0.1875,0.5,exploratory; insufficient time blocks,False,exploratory; cluster-t assumes independent approximately normal block scores; bootstrap descriptive; no simultaneous CI correction,1.0,1.0,False,False,1.0,1.0
test_01179,results/architecture_extensions/predictions.parquet,composition,anchor,later_origins,6048,2016,2,1,3,"1,2",853.8019013153976,853.5098243065104,0.2920770088871904,-0.0342206967710661,,,,,,,-1.6293765551750927,1.9907926114778576,,1.0,,exploratory; insufficient time blocks,False,exploratory; cluster-t assumes independent approximately normal block scores; bootstrap descriptive; no simultaneous CI correction,,1.0,False,False,,1.0
test_01180,results/architecture_extensions/predictions.parquet,composition,anchor,targets_jun_sep,24192,2016,4,2,3,"1,2,3",844.4491125303321,851.5168569694629,-7.06774443913082,0.8300181471785336,,,-16.495749669304388,1.413369541983806,-91.3225591922815,77.18707031401983,-9.5608402787529,-4.536333652500878,0.5,0.25,0.5,exploratory; insufficient time blocks,False,exploratory; cluster-t assumes independent approximately normal block scores; bootstrap descriptive; no simultaneous CI correction,1.0,1.0,False,False,1.0,1.0
test_01181,results/architecture_extensions/predictions.parquet,composition,anchor,targets_oct_nov,12096,2016,2,1,3,"1,2,3",708.293363076375,710.7308372159143,-2.4374741395392903,0.3429531985818149,,,,,,,-7.278911842177526,1.646004707898047,,1.0,,exploratory; insufficient time blocks,False,exploratory; cluster-t assumes independent approximately normal block scores; bootstrap descriptive; no simultaneous CI correction,,1.0,False,False,,1.0
test_01182,results/architecture_extensions/predictions.parquet,composition,anchor,targets_dec,6048,2016,1,1,3,"1,2,3",924.6334609757066,932.3191406078004,-7.685679632093866,0.8243614549287697,,,,,,,-9.721274416253909,-5.588170602307828,,,,exploratory; insufficient time blocks,False,exploratory; cluster-t assumes independent approximately normal block scores; bootstrap descriptive; no simultaneous CI correction,,,False,False,,
test_01183,results/architecture_extensions/predictions.parquet,composition,anchor,targets_jan_may,12096,2016,3,1,3,"1,2,3",1597.2318879411291,1582.2554163674506,14.97647157367851,-0.9465268008411412,,,3.0019475403046383,27.171419966926308,,,12.406321426211592,17.969613592662917,,0.25,,exploratory; insufficient time blocks,False,exploratory; cluster-t assumes independent approximately normal block scores; bootstrap descriptive; no simultaneous CI correction,,1.0,False,False,,1.0
test_01184,results/architecture_extensions/predictions.parquet,composition,anchor,all_available,54432,2016,10,4,3,"1,2,3",990.3867125702272,991.5954528502648,-1.2087402800375455,0.1218985299461705,-7.920394568732309,7.843892894793432,-9.28118483987702,7.7854685163511474,-17.40804870867903,14.99056814860374,-2.870522530803265,0.2577606977713126,0.75,0.787109375,0.125,exploratory; insufficient time blocks,False,exploratory; cluster-t assumes independent approximately normal block scores; bootstrap descriptive; no simultaneous CI correction,1.0,1.0,False,False,1.0,1.0
test_01185,results/architecture_extensions/predictions.parquet,hist_mae_local,anchor,public_origins_jun_sep,24192,2016,6,2,3,"1,2,3",731.2517033350439,719.4868084357182,11.764894899325668,-1.6351786803297297,7.545983018798643,15.983806779852811,5.7340383847566585,19.037352966250925,-41.84146321961717,65.37125301826862,2.5197613209155083,23.21268745109652,0.5,0.03125,0.5,exploratory; insufficient time blocks,False,exploratory; cluster-t assumes independent approximately normal block scores; bootstrap descriptive; no simultaneous CI correction,1.0,1.0,False,False,1.0,1.0
test_01186,results/architecture_extensions/predictions.parquet,hist_mae_local,anchor,later_origins,6048,2016,2,1,3,"1,2",872.0174680882255,853.5098243065104,18.50764378171516,-2.1684160222470665,,,,,,,0.1395666509681125,39.284444733456894,,1.0,,exploratory; insufficient time blocks,False,exploratory; cluster-t assumes independent approximately normal block scores; bootstrap descriptive; no simultaneous CI correction,,1.0,False,False,,1.0
test_01187,results/architecture_extensions/predictions.parquet,hist_mae_local,anchor,targets_jun_sep,24192,2016,4,2,3,"1,2,3",872.098932917367,851.5168569694629,20.582075947904173,-2.417107280900522,,,8.31294052526975,32.85121137053833,-56.465977053058936,97.63012894886702,9.796534214595791,34.66899350802317,0.5,0.125,0.5,exploratory; insufficient time blocks,False,exploratory; cluster-t assumes independent approximately normal block scores; bootstrap descriptive; no simultaneous CI correction,1.0,1.0,False,False,1.0,1.0
test_01188,results/architecture_extensions/predictions.parquet,hist_mae_local,anchor,targets_oct_nov,12096,2016,2,1,3,"1,2,3",725.4610199613746,710.7308372159143,14.730182745460295,-2.072540260552306,,,,,,,2.2305340304813064,27.69999770024309,,0.5,,exploratory; insufficient time blocks,False,exploratory; cluster-t assumes independent approximately normal block scores; bootstrap descriptive; no simultaneous CI correction,,1.0,False,False,,1.0
test_01189,results/architecture_extensions/predictions.parquet,hist_mae_local,anchor,targets_dec,6048,2016,1,1,3,"1,2,3",953.3340324583004,932.3191406078004,21.014891850499797,-2.2540448796106127,,,,,,,-0.3721559157982572,46.04264655141539,,,,exploratory; insufficient time blocks,False,exploratory; cluster-t assumes independent approximately normal block scores; bootstrap descriptive; no simultaneous CI correction,,,False,False,,
test_01190,results/architecture_extensions/predictions.parquet,hist_mae_local,anchor,targets_jan_may,12096,2016,3,1,3,"1,2,3",1596.0499715299843,1582.2554163674506,13.794555162533698,-0.8718285947918132,,,-29.63896069723849,25.220462918077448,,,-8.103250023758802,42.472513029367576,,0.5,,exploratory; insufficient time blocks,False,exploratory; cluster-t assumes independent approximately normal block scores; bootstrap descriptive; no simultaneous CI correction,,1.0,False,False,,1.0
test_01191,results/architecture_extensions/predictions.parquet,hist_mae_local,anchor,all_available,54432,2016,10,4,3,"1,2,3",1009.416860790054,991.5954528502648,17.821407939789424,-1.7972458313078343,12.75983713407118,27.14045086285624,9.678831101753914,25.071494097841647,6.763888763483129,28.87892711609564,8.712946556406807,27.847825003656684,0.125,0.009765625,0.125,exploratory; insufficient time blocks,False,exploratory; cluster-t assumes independent approximately normal block scores; bootstrap descriptive; no simultaneous CI correction,1.0,1.0,False,False,1.0,1.0
test_01192,results/architecture_extensions/predictions.parquet,huber_local,anchor,public_origins_jun_sep,24192,2016,6,2,3,"1,2,3",721.3488549419168,719.4868084357182,1.862046506198567,-0.2588020356129892,-0.1885763396516732,3.912669352048901,-1.958727861081037,5.639597039833025,-24.19358721038017,27.917680222777392,-0.5824313989314656,5.03174350346515,1.0,0.84375,0.5,exploratory; insufficient time blocks,False,exploratory; cluster-t assumes independent approximately normal block scores; bootstrap descriptive; no simultaneous CI correction,1.0,1.0,False,False,1.0,1.0
test_01193,results/architecture_extensions/predictions.parquet,huber_local,anchor,later_origins,6048,2016,2,1,3,"1,2",850.0662338034954,853.5098243065104,-3.4435905030150025,0.4034623158336779,,,,,,,-10.511826441463668,2.7599767085295754,,0.5,,exploratory; insufficient time blocks,False,exploratory; cluster-t assumes independent approximately normal block scores; bootstrap descriptive; no simultaneous CI correction,,1.0,False,False,,1.0
test_01194,results/architecture_extensions/predictions.parquet,huber_local,anchor,targets_jun_sep,24192,2016,4,2,3,"1,2,3",848.4632441287229,851.5168569694629,-3.053612840740016,0.3586086189306672,,,-8.871293621238957,1.0936113896167048,-28.43884309896945,22.33161741748922,-4.569007496928799,-1.627061529164821,1.0,0.5,0.5,exploratory; insufficient time blocks,False,exploratory; cluster-t assumes independent approximately normal block scores; bootstrap descriptive; no simultaneous CI correction,1.0,1.0,False,False,1.0,1.0
test_01195,results/architecture_extensions/predictions.parquet,huber_local,anchor,targets_oct_nov,12096,2016,2,1,3,"1,2,3",713.9197102342788,710.7308372159143,3.188873018364461,-0.4486752018325197,,,,,,,0.169652413345319,6.701863569047795,,1.0,,exploratory; insufficient time blocks,False,exploratory; cluster-t assumes independent approximately normal block scores; bootstrap descriptive; no simultaneous CI correction,,1.0,False,False,,1.0
test_01196,results/architecture_extensions/predictions.parquet,huber_local,anchor,targets_dec,6048,2016,1,1,3,"1,2,3",930.3231427721546,932.3191406078004,-1.9959978356458803,0.214089548171739,,,,,,,-10.777296339700422,6.200841897451945,,,,exploratory; insufficient time blocks,False,exploratory; cluster-t assumes independent approximately normal block scores; bootstrap descriptive; no simultaneous CI correction,,,False,False,,
test_01197,results/architecture_extensions/predictions.parquet,huber_local,anchor,targets_jan_may,12096,2016,3,1,3,"1,2,3",1577.384900473667,1582.2554163674506,-4.870515893783932,0.3078210915507993,,,-5.633402700830203,-2.307908536214078,,,-13.15815812592456,3.076058522711609,,0.25,,exploratory; insufficient time blocks,False,exploratory; cluster-t assumes independent approximately normal block scores; bootstrap descriptive; no simultaneous CI correction,,1.0,False,False,,1.0
test_01198,results/architecture_extensions/predictions.parquet,huber_local,anchor,all_available,54432,2016,10,4,3,"1,2,3",989.6428156336596,991.5954528502648,-1.952637216605126,0.1969187344488542,-6.507430999412614,2.4040735466828025,-5.359756486003749,1.5224310313074536,-8.548825090722989,4.643550657512904,-3.307107479260559,-0.7016070136785835,0.375,0.34765625,0.125,exploratory; insufficient time blocks,False,exploratory; cluster-t assumes independent approximately normal block scores; bootstrap descriptive; no simultaneous CI correction,1.0,1.0,False,False,1.0,1.0
test_01199,results/architecture_extensions/predictions.parquet,macro_interactions,anchor,public_origins_jun_sep,24192,2016,6,2,3,"1,2,3",717.0719623869182,719.4868084357182,-2.4148460487999728,0.3356345134458048,-2.620440514353379,-0.1678266709635668,-6.8153603045140985,1.0837301701235935,-5.027171420797366,0.1974793231971592,-3.1130661801082145,-1.7634199508346735,0.5,0.21875,0.5,exploratory; insufficient time blocks,False,exploratory; cluster-t assumes independent approximately normal block scores; bootstrap descriptive; no simultaneous CI correction,1.0,1.0,False,False,1.0,1.0
test_01200,results/architecture_extensions/predictions.parquet,macro_interactions,anchor,later_origins,6048,2016,2,1,3,"1,2",844.5786424074738,853.5098243065104,-8.931181899036574,1.0464064554023491,,,,,,,-10.975616117803858,-6.984594329450211,,0.5,,exploratory; insufficient time blocks,False,exploratory; cluster-t assumes independent approximately normal block scores; bootstrap descriptive; no simultaneous CI correction,,1.0,False,False,,1.0
test_01201,results/architecture_extensions/predictions.parquet,macro_interactions,anchor,targets_jun_sep,24192,2016,4,2,3,"1,2,3",850.6252685168478,851.5168569694629,-0.8915884526151103,0.1047059075011458,,,-2.480765718638854,0.6530330654917283,-14.936098548497895,13.15292164326733,-1.193995297170629,-0.5840742751589152,0.5,0.5,0.5,exploratory; insufficient time blocks,False,exploratory; cluster-t assumes independent approximately normal block scores; bootstrap descriptive; no simultaneous CI correction,1.0,1.0,False,False,1.0,1.0
test_01202,results/architecture_extensions/predictions.parquet,macro_interactions,anchor,targets_oct_nov,12096,2016,2,1,3,"1,2,3",708.8498591128302,710.7308372159143,-1.8809781030840893,0.2646540722015504,,,,,,,-3.017948909094248,-0.9239791985239488,,1.0,,exploratory; insufficient time blocks,False,exploratory; cluster-t assumes independent approximately normal block scores; bootstrap descriptive; no simultaneous CI correction,,1.0,False,False,,1.0
test_01203,results/architecture_extensions/predictions.parquet,macro_interactions,anchor,targets_dec,6048,2016,1,1,3,"1,2,3",921.9090338862256,932.3191406078004,-10.410106721574948,1.116581894348791,,,,,,,-12.908516714257631,-7.939002513160339,,,,exploratory; insufficient time blocks,False,exploratory; cluster-t assumes independent approximately normal block scores; bootstrap descriptive; no simultaneous CI correction,,,False,False,,
test_01204,results/architecture_extensions/predictions.parquet,macro_interactions,anchor,targets_jan_may,12096,2016,3,1,3,"1,2,3",1583.1522278895093,1582.2554163674506,0.8968115220586697,-0.0566793144002991,,,0.6964642204336496,1.2253640112845972,,,0.79621633054945,1.0023974957431503,,0.25,,exploratory; insufficient time blocks,False,exploratory; cluster-t assumes independent approximately normal block scores; bootstrap descriptive; no simultaneous CI correction,,1.0,False,False,,1.0
test_01205,results/architecture_extensions/predictions.parquet,macro_interactions,anchor,all_available,54432,2016,10,4,3,"1,2,3",989.8238091064773,991.5954528502648,-1.771643743787422,0.1786659810404503,-2.956770601513974,0.8112157678617067,-4.616061266171444,0.7900509554856417,-6.409784856460845,2.8664973688858923,-2.200838134827304,-1.3183244427052867,0.375,0.32421875,0.125,exploratory; insufficient time blocks,False,exploratory; cluster-t assumes independent approximately normal block scores; bootstrap descriptive; no simultaneous CI correction,1.0,1.0,False,False,1.0,1.0
test_01206,results/architecture_extensions/predictions.parquet,momentum,anchor,public_origins_jun_sep,24192,2016,6,2,3,"1,2,3",719.4303156331149,719.4868084357182,-0.0564928026033157,0.007851819093965,-0.1593533166986298,0.0463677114918163,-0.1855861191575154,0.0710005510587682,-1.363459553991971,1.2504739487851573,-0.1395383664596597,0.0404000642560316,1.0,0.59375,0.5,exploratory; insufficient time blocks,False,exploratory; cluster-t assumes independent approximately normal block scores; bootstrap descriptive; no simultaneous CI correction,1.0,1.0,False,False,1.0,1.0
test_01207,results/architecture_extensions/predictions.parquet,momentum,anchor,later_origins,6048,2016,2,1,3,"1,2",852.8611846579305,853.5098243065104,-0.6486396485798878,0.0759967407647495,,,,,,,-1.2076520625394418,-0.0930465173059611,,0.5,,exploratory; insufficient time blocks,False,exploratory; cluster-t assumes independent approximately normal block scores; bootstrap descriptive; no simultaneous CI correction,,1.0,False,False,,1.0
test_01208,results/architecture_extensions/predictions.parquet,momentum,anchor,targets_jun_sep,24192,2016,4,2,3,"1,2,3",851.6843481749482,851.5168569694629,0.1674912054853621,-0.0196697463020827,,,-0.1311364267930607,0.4075800543803219,-2.535466002668099,2.8704484136387567,0.0235673582677922,0.3446134573134349,1.0,0.5,0.5,exploratory; insufficient time blocks,False,exploratory; cluster-t assumes independent approximately normal block scores; bootstrap descriptive; no simultaneous CI correction,1.0,1.0,False,False,1.0,1.0
test_01209,results/architecture_extensions/predictions.parquet,momentum,anchor,targets_oct_nov,12096,2016,2,1,3,"1,2,3",710.6837888281517,710.7308372159143,-0.0470483877626293,0.006619719491408,,,,,,,-0.2359765798572627,0.1743333525236664,,1.0,,exploratory; insufficient time blocks,False,exploratory; cluster-t assumes independent approximately normal block scores; bootstrap descriptive; no simultaneous CI correction,,1.0,False,False,,1.0
test_01210,results/architecture_extensions/predictions.parquet,momentum,anchor,targets_dec,6048,2016,1,1,3,"1,2,3",931.8573331577292,932.3191406078004,-0.4618074500712055,0.0495331941560421,,,,,,,-0.7724929066461168,-0.1485112345685123,,,,exploratory; insufficient time blocks,False,exploratory; cluster-t assumes independent approximately normal block scores; bootstrap descriptive; no simultaneous CI correction,,,False,False,,
test_01211,results/architecture_extensions/predictions.parquet,momentum,anchor,targets_jan_may,12096,2016,3,1,3,"1,2,3",1582.363986085963,1582.2554163674506,0.108569718512399,-0.0068617062320857,,,0.0423414129069828,0.1471468664161401,,,-0.0009227322702791,0.2338615322110425,,0.25,,exploratory; insufficient time blocks,False,exploratory; cluster-t assumes independent approximately normal block scores; bootstrap descriptive; no simultaneous CI correction,,1.0,False,False,,1.0
test_01212,results/architecture_extensions/predictions.parquet,momentum,anchor,all_available,54432,2016,10,4,3,"1,2,3",991.6322528539724,991.5954528502648,0.0368000037077536,-0.0037111912526398,-0.0966872641852928,0.2580378670912596,-0.1461788039852597,0.212125639088258,-0.4013346993111333,0.4749347067266743,-0.0846151064723555,0.1846452729517456,0.875,0.6953125,0.125,exploratory; insufficient time blocks,False,exploratory; cluster-t assumes independent approximately normal block scores; bootstrap descriptive; no simultaneous CI correction,1.0,1.0,False,False,1.0,1.0
test_01213,results/architecture_extensions/predictions.parquet,past_selection_half,anchor,public_origins_jun_sep,24192,2016,6,2,3,"1,2,3",718.8649634452161,719.4868084357182,-0.6218449905021544,0.0864289634238252,-0.9871445151515958,2.423253353094751,-6.836797655738285,3.318244392415164,-5.263415540818734,4.019725559814331,-1.589590035891516,0.5504499317646747,0.5,0.6875,0.5,exploratory; insufficient time blocks,False,exploratory; cluster-t assumes independent approximately normal block scores; bootstrap descriptive; no simultaneous CI correction,1.0,1.0,False,False,1.0,1.0
test_01214,results/architecture_extensions/predictions.parquet,past_selection_half,anchor,later_origins,6048,2016,2,1,3,"1,2",853.6015352033841,853.5098243065104,0.0917108968736784,-0.0107451483582154,,,,,,,-0.8849787791440754,0.9507925471655664,,1.0,,exploratory; insufficient time blocks,False,exploratory; cluster-t assumes independent approximately normal block scores; bootstrap descriptive; no simultaneous CI correction,,1.0,False,False,,1.0
test_01215,results/architecture_extensions/predictions.parquet,past_selection_half,anchor,targets_jun_sep,24192,2016,4,2,3,"1,2,3",851.3885842365365,851.5168569694629,-0.128272732926348,0.0150640274325124,,,-0.4681412734445415,0.1823618718568062,-2.9074231342013457,2.65087766834854,-0.7574101546080687,0.6159916704556124,1.0,0.75,0.5,exploratory; insufficient time blocks,False,exploratory; cluster-t assumes independent approximately normal block scores; bootstrap descriptive; no simultaneous CI correction,1.0,1.0,False,False,1.0,1.0
test_01216,results/architecture_extensions/predictions.parquet,past_selection_half,anchor,targets_oct_nov,12096,2016,2,1,3,"1,2,3",711.8743953064525,710.7308372159143,1.1435580905381355,-0.1608988988036172,,,,,,,-0.0029312648580725,2.269457260626042,,1.0,,exploratory; insufficient time blocks,False,exploratory; cluster-t assumes independent approximately normal block scores; bootstrap descriptive; no simultaneous CI correction,,1.0,False,False,,1.0
test_01217,results/architecture_extensions/predictions.parquet,past_selection_half,anchor,targets_dec,6048,2016,1,1,3,"1,2,3",928.1494462932944,932.3191406078004,-4.16969431450616,0.4472389477907574,,,,,,,-5.207863069658727,-3.0873730347990085,,,,exploratory; insufficient time blocks,False,exploratory; cluster-t assumes independent approximately normal block scores; bootstrap descriptive; no simultaneous CI correction,,,False,False,,
test_01218,results/architecture_extensions/predictions.parquet,past_selection_half,anchor,targets_jan_may,12096,2016,3,1,3,"1,2,3",1582.2554163674506,1582.2554163674506,0.0,0.0,,,0.0,0.0,,,0.0,0.0,,1.0,,exploratory; insufficient time blocks,False,exploratory; cluster-t assumes independent approximately normal block scores; bootstrap descriptive; no simultaneous CI correction,,1.0,False,False,,1.0
test_01219,results/architecture_extensions/predictions.parquet,past_selection_half,anchor,all_available,54432,2016,10,4,3,"1,2,3",991.329267398583,991.5954528502648,-0.266185451681622,0.0268441581611223,-0.3953220821590572,1.4360019870191116,-1.970231345404797,1.7622698018644836,-2.3896366995473035,1.857265796183954,-0.6638613719516997,0.1918251575689184,0.75,0.84375,0.125,exploratory; insufficient time blocks,False,exploratory; cluster-t assumes independent approximately normal block scores; bootstrap descriptive; no simultaneous CI correction,1.0,1.0,False,False,1.0,1.0
test_01220,results/architecture_extensions/predictions.parquet,regional,anchor,public_origins_jun_sep,24192,2016,6,2,3,"1,2,3",720.0513252687432,719.4868084357182,0.5645168330249817,-0.0784610400644222,0.3121373924378068,0.8168962736120646,0.2179312842053714,1.017571485814714,-2.642268010341324,3.771301676391196,0.2752483009662259,0.9005978072165071,0.5,0.03125,0.5,exploratory; insufficient time blocks,False,exploratory; cluster-t assumes independent approximately normal block scores; bootstrap descriptive; no simultaneous CI correction,1.0,1.0,False,False,1.0,1.0
test_01221,results/architecture_extensions/predictions.parquet,regional,anchor,later_origins,6048,2016,2,1,3,"1,2",853.5197374192707,853.5098243065104,0.0099131127602731,-0.001161452683726,,,,,,,-0.0937039213467007,0.1351918229368928,,0.5,,exploratory; insufficient time blocks,False,exploratory; cluster-t assumes independent approximately normal block scores; bootstrap descriptive; no simultaneous CI correction,,1.0,False,False,,1.0
test_01222,results/architecture_extensions/predictions.parquet,regional,anchor,targets_jun_sep,24192,2016,4,2,3,"1,2,3",851.7399977213174,851.5168569694629,0.2231407518545438,-0.0262050891920917,,,-0.0117867273462634,0.5028892623095769,-2.275945974150096,2.722227477858904,0.0541094406616645,0.4232191631327591,0.5,0.25,0.5,exploratory; insufficient time blocks,False,exploratory; cluster-t assumes independent approximately normal block scores; bootstrap descriptive; no simultaneous CI correction,1.0,1.0,False,False,1.0,1.0
test_01223,results/architecture_extensions/predictions.parquet,regional,anchor,targets_oct_nov,12096,2016,2,1,3,"1,2,3",711.2157802031846,710.7308372159143,0.4849429872703013,-0.068231595123961,,,,,,,0.1445663017262023,0.8298050209344182,,0.5,,exploratory; insufficient time blocks,False,exploratory; cluster-t assumes independent approximately normal block scores; bootstrap descriptive; no simultaneous CI correction,,1.0,False,False,,1.0
test_01224,results/architecture_extensions/predictions.parquet,regional,anchor,targets_dec,6048,2016,1,1,3,"1,2,3",932.9929602932442,932.3191406078004,0.6738196854437319,-0.0722735012180972,,,,,,,0.0769790641571729,1.2587189629561022,,,,exploratory; insufficient time blocks,False,exploratory; cluster-t assumes independent approximately normal block scores; bootstrap descriptive; no simultaneous CI correction,,,False,False,,
test_01225,results/architecture_extensions/predictions.parquet,regional,anchor,targets_jan_may,12096,2016,3,1,3,"1,2,3",1581.9732719896383,1582.2554163674506,-0.2821443778123012,0.0178317846090898,,,-0.3271004024783707,-0.2341548105517353,,,-0.4361227160867626,-0.1064291680595421,,0.25,,exploratory; insufficient time blocks,False,exploratory; cluster-t assumes independent approximately normal block scores; bootstrap descriptive; no simultaneous CI correction,,1.0,False,False,,1.0
test_01226,results/architecture_extensions/predictions.parquet,regional,anchor,all_available,54432,2016,10,4,3,"1,2,3",991.8145617293512,991.5954528502648,0.2191088790864341,-0.0220965998237106,-0.1500998509180506,0.4605632610913523,-0.011941381468001,0.4406943749892986,-0.389298744439534,0.8275165026123696,0.0756819793004713,0.3825806800781213,0.375,0.12890625,0.125,exploratory; insufficient time blocks,False,exploratory; cluster-t assumes independent approximately normal block scores; bootstrap descriptive; no simultaneous CI correction,1.0,1.0,False,False,1.0,1.0
test_01227,results/architecture_extensions/predictions.parquet,structure_region,anchor,public_origins_jun_sep,24192,2016,6,2,3,"1,2,3",708.738624231416,719.4868084357182,-10.74818420430222,1.49386814021935,-15.86015195510112,-4.521221239038802,-23.174156647330207,2.956209428763544,-75.7018930519911,54.20552464338664,-13.94745545071155,-7.66584614780381,0.5,0.1875,0.5,exploratory; insufficient time blocks,False,exploratory; cluster-t assumes independent approximately normal block scores; bootstrap descriptive; no simultaneous CI correction,1.0,1.0,False,False,1.0,1.0
test_01228,results/architecture_extensions/predictions.parquet,structure_region,anchor,later_origins,6048,2016,2,1,3,"1,2",853.1523088503708,853.5098243065104,-0.3575154561395948,0.0418876790820869,,,,,,,-2.003422710025823,1.1543066843870076,,1.0,,exploratory; insufficient time blocks,False,exploratory; cluster-t assumes independent approximately normal block scores; bootstrap descriptive; no simultaneous CI correction,,1.0,False,False,,1.0
test_01229,results/architecture_extensions/predictions.parquet,structure_region,anchor,targets_jun_sep,24192,2016,4,2,3,"1,2,3",844.837381863983,851.5168569694629,-6.679475105479924,0.7844207722736207,,,-16.00774178182205,1.5595880253054737,-90.6768216811278,77.31787147016773,-9.126955903746692,-4.182940360316588,0.5,0.375,0.5,exploratory; insufficient time blocks,False,exploratory; cluster-t assumes independent approximately normal block scores; bootstrap descriptive; no simultaneous CI correction,1.0,1.0,False,False,1.0,1.0
test_01230,results/architecture_extensions/predictions.parquet,structure_region,anchor,targets_oct_nov,12096,2016,2,1,3,"1,2,3",708.6502343754813,710.7308372159143,-2.0806028404330164,0.2927413208329591,,,,,,,-6.826457612591822,1.981874221614947,,1.0,,exploratory; insufficient time blocks,False,exploratory; cluster-t assumes independent approximately normal block scores; bootstrap descriptive; no simultaneous CI correction,,1.0,False,False,,1.0
test_01231,results/architecture_extensions/predictions.parquet,structure_region,anchor,targets_dec,6048,2016,1,1,3,"1,2,3",924.85039792552,932.3191406078004,-7.468742682280549,0.8010929259064126,,,,,,,-9.95884384242549,-4.953495252431859,,,,exploratory; insufficient time blocks,False,exploratory; cluster-t assumes independent approximately normal block scores; bootstrap descriptive; no simultaneous CI correction,,,False,False,,
test_01232,results/architecture_extensions/predictions.parquet,structure_region,anchor,targets_jan_may,12096,2016,3,1,3,"1,2,3",1597.0420502840404,1582.2554163674506,14.786633916589835,-0.9345288860212632,,,2.8950691330846907,27.03247753811621,,,12.173958229121537,17.83691638430676,,0.25,,exploratory; insufficient time blocks,False,exploratory; cluster-t assumes independent approximately normal block scores; bootstrap descriptive; no simultaneous CI correction,,1.0,False,False,,1.0
test_01233,results/architecture_extensions/predictions.parquet,structure_region,anchor,all_available,54432,2016,10,4,3,"1,2,3",990.6204994111662,991.5954528502648,-0.9749534390984992,0.0983216932163283,-7.520888701781949,7.841965600533283,-8.996123286140065,7.894900795707961,-16.777125261816384,14.827218383619272,-2.5180976111257785,0.426140054460341,0.75,0.830078125,0.125,exploratory; insufficient time blocks,False,exploratory; cluster-t assumes independent approximately normal block scores; bootstrap descriptive; no simultaneous CI correction,1.0,1.0,False,False,1.0,1.0
test_01234,results/architecture_extensions/predictions.parquet,structure_region_macro,anchor,public_origins_jun_sep,24192,2016,6,2,3,"1,2,3",708.2489998835532,719.4868084357182,-11.237808552165006,1.5619200269422364,-16.271847883218445,-4.469901130305176,-24.49069090600867,3.3836052023143544,-75.20134294378074,52.72572583945058,-14.582925770289098,-8.024043575999977,0.5,0.1875,0.5,exploratory; insufficient time blocks,False,exploratory; cluster-t assumes independent approximately normal block scores; bootstrap descriptive; no simultaneous CI correction,1.0,1.0,False,False,1.0,1.0
test_01235,results/architecture_extensions/predictions.parquet,structure_region_macro,anchor,later_origins,6048,2016,2,1,3,"1,2",852.4599257710577,853.5098243065104,-1.0498985354527122,0.1230095431304227,,,,,,,-2.650492743307803,0.4503143771236066,,1.0,,exploratory; insufficient time blocks,False,exploratory; cluster-t assumes independent approximately normal block scores; bootstrap descriptive; no simultaneous CI correction,,1.0,False,False,,1.0
test_01236,results/architecture_extensions/predictions.parquet,structure_region_macro,anchor,targets_jun_sep,24192,2016,4,2,3,"1,2,3",844.7205358457528,851.5168569694629,-6.796321123710072,0.7981428750451387,,,-16.478540146072614,1.84411844650932,-93.85883133922152,80.2661890918012,-9.332263804523503,-4.2138445688775965,0.5,0.375,0.5,exploratory; insufficient time blocks,False,exploratory; cluster-t assumes independent approximately normal block scores; bootstrap descriptive; no simultaneous CI correction,1.0,1.0,False,False,1.0,1.0
test_01237,results/architecture_extensions/predictions.parquet,structure_region_macro,anchor,targets_oct_nov,12096,2016,2,1,3,"1,2,3",708.5700881884885,710.7308372159143,-2.1607490274258225,0.3040179086487849,,,,,,,-7.173580170947065,2.1300188160349114,,1.0,,exploratory; insufficient time blocks,False,exploratory; cluster-t assumes independent approximately normal block scores; bootstrap descriptive; no simultaneous CI correction,,1.0,False,False,,1.0
test_01238,results/architecture_extensions/predictions.parquet,structure_region_macro,anchor,targets_dec,6048,2016,1,1,3,"1,2,3",923.1832016849756,932.3191406078004,-9.135938922824836,0.9799154093166964,,,,,,,-11.95187910578342,-6.330296444502459,,,,exploratory; insufficient time blocks,False,exploratory; cluster-t assumes independent approximately normal block scores; bootstrap descriptive; no simultaneous CI correction,,,False,False,,
test_01239,results/architecture_extensions/predictions.parquet,structure_region_macro,anchor,targets_jan_may,12096,2016,3,1,3,"1,2,3",1597.4034821367786,1582.2554163674506,15.148065769328014,-0.957371712090897,,,3.1968798414821875,27.267981734018864,,,12.500219871588326,18.239439047277997,,0.25,,exploratory; insufficient time blocks,False,exploratory; cluster-t assumes independent approximately normal block scores; bootstrap descriptive; no simultaneous CI correction,,1.0,False,False,,1.0
test_01240,results/architecture_extensions/predictions.parquet,structure_region_macro,anchor,all_available,54432,2016,10,4,3,"1,2,3",990.4458317465024,991.5954528502648,-1.1496211037622288,0.1159365041920807,-7.779940366885584,8.186577048432554,-9.554409389626592,8.148069984385126,-17.448800532968587,15.149558325443916,-2.753244018565674,0.3234858157426341,0.75,0.810546875,0.125,exploratory; insufficient time blocks,False,exploratory; cluster-t assumes independent approximately normal block scores; bootstrap descriptive; no simultaneous CI correction,1.0,1.0,False,False,1.0,1.0
test_01241,results/architecture_extensions/ablation_predictions.parquet,remainder_only,anchor,public_origins_jun_sep,24192,2016,6,2,3,"1,2,3",718.4961854204903,719.4868084357182,-0.990623015227925,0.1376846668504876,-1.116481228892949,-0.0355895729946564,-2.683171481233763,0.5096776842841755,-2.5898032458183016,0.6085572153626166,-1.281223905716363,-0.7012068643078123,0.5,0.21875,0.5,exploratory; insufficient time blocks,False,exploratory; cluster-t assumes independent approximately normal block scores; bootstrap descriptive; no simultaneous CI correction,1.0,1.0,False,False,1.0,1.0
test_01242,results/architecture_extensions/ablation_predictions.parquet,remainder_only,anchor,later_origins,6048,2016,2,1,3,"1,2",851.0731543481819,853.5098243065104,-2.43666995832848,0.2854882145391016,,,,,,,-2.715922438985327,-2.1697091311350576,,0.5,,exploratory; insufficient time blocks,False,exploratory; cluster-t assumes independent approximately normal block scores; bootstrap descriptive; no simultaneous CI correction,,1.0,False,False,,1.0
test_01243,results/architecture_extensions/ablation_predictions.parquet,remainder_only,anchor,targets_jun_sep,24192,2016,4,2,3,"1,2,3",851.6590417517676,851.5168569694629,0.1421847823047528,-0.0166978235534627,,,-1.063488316464858,1.7105223632326896,-9.502879872640136,9.787249437249264,-0.1052732966750117,0.4160681841871651,1.0,1.0,0.5,exploratory; insufficient time blocks,False,exploratory; cluster-t assumes independent approximately normal block scores; bootstrap descriptive; no simultaneous CI correction,1.0,1.0,False,False,1.0,1.0
test_01244,results/architecture_extensions/ablation_predictions.parquet,remainder_only,anchor,targets_oct_nov,12096,2016,2,1,3,"1,2,3",709.9250145160537,710.7308372159143,-0.8058226998606415,0.1133794479802258,,,,,,,-1.2876387192398695,-0.3746408826190148,,1.0,,exploratory; insufficient time blocks,False,exploratory; cluster-t assumes independent approximately normal block scores; bootstrap descriptive; no simultaneous CI correction,,1.0,False,False,,1.0
test_01245,results/architecture_extensions/ablation_predictions.parquet,remainder_only,anchor,targets_dec,6048,2016,1,1,3,"1,2,3",929.2611535914076,932.3191406078004,-3.057987016392985,0.3279978800391691,,,,,,,-3.5158010050205686,-2.610785729390024,,,,exploratory; insufficient time blocks,False,exploratory; cluster-t assumes independent approximately normal block scores; bootstrap descriptive; no simultaneous CI correction,,,False,False,,
test_01246,results/architecture_extensions/ablation_predictions.parquet,remainder_only,anchor,targets_jan_may,12096,2016,3,1,3,"1,2,3",1582.7258203569313,1582.2554163674506,0.470403989480701,-0.0297299655045995,,,-2.460075790159151,1.060353996934269,,,-0.2830740884660584,1.2164116090374522,,0.75,,exploratory; insufficient time blocks,False,exploratory; cluster-t assumes independent approximately normal block scores; bootstrap descriptive; no simultaneous CI correction,,1.0,False,False,,1.0
test_01247,results/architecture_extensions/ablation_predictions.parquet,remainder_only,anchor,all_available,54432,2016,10,4,3,"1,2,3",991.244332260494,991.5954528502648,-0.3511205897706304,0.0354096611437014,-0.978914994549557,1.102815812696327,-1.5644169930363168,0.8171374340038254,-2.298908957341373,1.5966677778003129,-0.6009026959982959,-0.1177549801456455,0.5,0.59375,0.125,exploratory; insufficient time blocks,False,exploratory; cluster-t assumes independent approximately normal block scores; bootstrap descriptive; no simultaneous CI correction,1.0,1.0,False,False,1.0,1.0
test_01248,results/architecture_extensions/ablation_predictions.parquet,share_changes_only,anchor,public_origins_jun_sep,24192,2016,6,2,3,"1,2,3",715.4380609152452,719.4868084357182,-4.048747520473057,0.5627271373155118,-11.235734051022376,3.1382390100761373,-10.621189758630376,2.7467827759212917,-95.36806981561176,87.27057477466552,-5.794347665962082,-2.447358113407286,1.0,0.375,0.5,exploratory; insufficient time blocks,False,exploratory; cluster-t assumes independent approximately normal block scores; bootstrap descriptive; no simultaneous CI correction,1.0,1.0,False,False,1.0,1.0
test_01249,results/architecture_extensions/ablation_predictions.parquet,share_changes_only,anchor,later_origins,6048,2016,2,1,3,"1,2",874.8978395381029,853.5098243065104,21.38801523159248,-2.5058897534039004,,,,,,,15.92077174288488,26.889811301015207,,0.5,,exploratory; insufficient time blocks,False,exploratory; cluster-t assumes independent approximately normal block scores; bootstrap descriptive; no simultaneous CI correction,,1.0,False,False,,1.0
test_01250,results/architecture_extensions/ablation_predictions.parquet,share_changes_only,anchor,targets_jun_sep,24192,2016,4,2,3,"1,2,3",846.350569388998,851.5168569694629,-5.166287580464882,0.6067158316573591,,,-11.483306266011216,0.4187819935757616,-62.26461456482175,51.93203940389183,-7.316617325350782,-3.048287451214882,0.5,0.25,0.5,exploratory; insufficient time blocks,False,exploratory; cluster-t assumes independent approximately normal block scores; bootstrap descriptive; no simultaneous CI correction,1.0,1.0,False,False,1.0,1.0
test_01251,results/architecture_extensions/ablation_predictions.parquet,share_changes_only,anchor,targets_oct_nov,12096,2016,2,1,3,"1,2,3",714.8695944137999,710.7308372159143,4.138757197885525,-0.5823241347030794,,,,,,,1.8672550152714895,6.21157729203386,,0.5,,exploratory; insufficient time blocks,False,exploratory; cluster-t assumes independent approximately normal block scores; bootstrap descriptive; no simultaneous CI correction,,1.0,False,False,,1.0
test_01252,results/architecture_extensions/ablation_predictions.parquet,share_changes_only,anchor,targets_dec,6048,2016,1,1,3,"1,2,3",951.706119463774,932.3191406078004,19.386978855973663,-2.079435893950954,,,,,,,14.203665801662448,24.29451380685853,,,,exploratory; insufficient time blocks,False,exploratory; cluster-t assumes independent approximately normal block scores; bootstrap descriptive; no simultaneous CI correction,,,False,False,,
test_01253,results/architecture_extensions/ablation_predictions.parquet,share_changes_only,anchor,targets_jan_may,12096,2016,3,1,3,"1,2,3",1599.3707299861169,1582.2554163674506,17.115313618666278,-1.081703588536906,,,2.7522001498228232,32.65676772496515,,,14.745184861958249,19.76520758205412,,0.25,,exploratory; insufficient time blocks,False,exploratory; cluster-t assumes independent approximately normal block scores; bootstrap descriptive; no simultaneous CI correction,,1.0,False,False,,1.0
test_01254,results/architecture_extensions/ablation_predictions.parquet,share_changes_only,anchor,all_available,54432,2016,10,4,3,"1,2,3",996.1765606466222,991.5954528502648,4.581107796357514,-0.461993626855536,-4.98040632091557,10.841909020274196,-2.27634365787853,12.784324133278531,-11.968318152795185,21.13053374551017,3.486411761220789,5.509022993243262,0.5,0.259765625,0.125,exploratory; insufficient time blocks,False,exploratory; cluster-t assumes independent approximately normal block scores; bootstrap descriptive; no simultaneous CI correction,1.0,1.0,False,False,1.0,1.0
test_01255,results/architecture_extensions/ablation_predictions.parquet,shares_without_remainder,anchor,public_origins_jun_sep,24192,2016,6,2,3,"1,2,3",708.5074241001503,719.4868084357182,-10.979384335567945,1.5260021736102316,-15.833953747012083,-4.8171160556456485,-23.296840722423745,2.3414102809664614,-72.66253718459868,50.70376851346294,-14.24164943340101,-7.90716538118187,0.5,0.1875,0.5,exploratory; insufficient time blocks,False,exploratory; cluster-t assumes independent approximately normal block scores; bootstrap descriptive; no simultaneous CI correction,1.0,1.0,False,False,1.0,1.0
test_01256,results/architecture_extensions/ablation_predictions.parquet,shares_without_remainder,anchor,later_origins,6048,2016,2,1,3,"1,2",853.1307278349096,853.5098243065104,-0.3790964716007465,0.044416181373046,,,,,,,-2.05581285894078,1.111444213574939,,1.0,,exploratory; insufficient time blocks,False,exploratory; cluster-t assumes independent approximately normal block scores; bootstrap descriptive; no simultaneous CI correction,,1.0,False,False,,1.0
test_01257,results/architecture_extensions/ablation_predictions.parquet,shares_without_remainder,anchor,targets_jun_sep,24192,2016,4,2,3,"1,2,3",844.0260057368688,851.5168569694629,-7.490851232594082,0.8797067458246125,,,-16.122451050114837,-0.1891701156001252,-85.77688415065144,70.79518168546288,-9.916214515376591,-5.016185431596406,0.5,0.25,0.5,exploratory; insufficient time blocks,False,exploratory; cluster-t assumes independent approximately normal block scores; bootstrap descriptive; no simultaneous CI correction,1.0,1.0,False,False,1.0,1.0
test_01258,results/architecture_extensions/ablation_predictions.parquet,shares_without_remainder,anchor,targets_oct_nov,12096,2016,2,1,3,"1,2,3",708.2649511059884,710.7308372159143,-2.4658861099259184,0.3469507696592039,,,,,,,-7.187016183486586,1.476213747626847,,1.0,,exploratory; insufficient time blocks,False,exploratory; cluster-t assumes independent approximately normal block scores; bootstrap descriptive; no simultaneous CI correction,,1.0,False,False,,1.0
test_01259,results/architecture_extensions/ablation_predictions.parquet,shares_without_remainder,anchor,targets_dec,6048,2016,1,1,3,"1,2,3",924.6221865078044,932.3191406078004,-7.696954099996219,0.8255707476925118,,,,,,,-9.789624983255893,-5.557475581643262,,,,exploratory; insufficient time blocks,False,exploratory; cluster-t assumes independent approximately normal block scores; bootstrap descriptive; no simultaneous CI correction,,,False,False,,
test_01260,results/architecture_extensions/ablation_predictions.parquet,shares_without_remainder,anchor,targets_jan_may,12096,2016,3,1,3,"1,2,3",1596.6138256497015,1582.2554163674506,14.358409282250932,-0.9074646946202298,,,1.812522823674927,29.46726310532806,,,12.189440767447309,16.810489541751146,,0.25,,exploratory; insufficient time blocks,False,exploratory; cluster-t assumes independent approximately normal block scores; bootstrap descriptive; no simultaneous CI correction,,1.0,False,False,,1.0
test_01261,results/architecture_extensions/ablation_predictions.parquet,shares_without_remainder,anchor,all_available,54432,2016,10,4,3,"1,2,3",990.0537514407398,991.5954528502648,-1.541701409524876,0.1554768534984074,-7.94536294794876,7.2725873660582065,-9.260212727916818,7.221445147434618,-17.27338795299452,14.189985133944775,-3.109598112203107,-0.121395157621418,0.75,0.724609375,0.125,exploratory; insufficient time blocks,False,exploratory; cluster-t assumes independent approximately normal block scores; bootstrap descriptive; no simultaneous CI correction,1.0,1.0,False,False,1.0,1.0
test_01262,results/generalization/predictions.parquet,anchor,pooled_structure_macro,public_origins_jun_sep,24192,2016,6,2,3,"1,2,3",719.4868084357182,707.7773339319757,11.709474503742513,-1.6544008888631505,4.687949795268752,16.447687977402374,-3.047293944396316,25.33125437188453,-48.49523597750128,71.91418498498624,8.456640378654383,15.16548092215262,0.5,0.1875,0.5,exploratory; insufficient time blocks,False,exploratory; cluster-t assumes independent approximately normal block scores; bootstrap descriptive; no simultaneous CI correction,1.0,1.0,False,False,1.0,1.0
test_01263,results/generalization/predictions.parquet,anchor,pooled_structure_macro,later_origins,6048,2016,2,1,3,"1,2",853.5098243065104,853.1157003083807,0.3941239981296576,-0.0461981883567716,,,,,,,-1.2363625242434515,2.250020610269355,,1.0,,exploratory; insufficient time blocks,False,exploratory; cluster-t assumes independent approximately normal block scores; bootstrap descriptive; no simultaneous CI correction,,1.0,False,False,,1.0
test_01264,results/generalization/predictions.parquet,anchor,pooled_structure_macro,targets_jun_sep,12096,2016,3,1,3,"1,2,3",688.8381215048771,672.3904335274748,16.447687977402325,-2.446151396163528,,,10.178669751861396,20.923451693569294,,,12.701158129745174,20.090489079437173,,0.25,,exploratory; insufficient time blocks,False,exploratory; cluster-t assumes independent approximately normal block scores; bootstrap descriptive; no simultaneous CI correction,,1.0,False,False,,1.0
test_01265,results/generalization/predictions.parquet,anchor,pooled_structure_macro,targets_oct_nov,12096,2016,2,1,3,"1,2,3",710.7308372159143,708.2224156941929,2.5084215217214023,-0.3541855589621053,,,,,,,-1.8101656409511129,7.632069764810795,,1.0,,exploratory; insufficient time blocks,False,exploratory; cluster-t assumes independent approximately normal block scores; bootstrap descriptive; no simultaneous CI correction,,1.0,False,False,,1.0
test_01266,results/generalization/predictions.parquet,anchor,pooled_structure_macro,targets_dec,6048,2016,1,1,3,"1,2,3",932.3191406078004,922.9993375929488,9.319803014851686,-1.0097301953819826,,,,,,,6.960877410280597,11.620409068782733,,,,exploratory; insufficient time blocks,False,exploratory; cluster-t assumes independent approximately normal block scores; bootstrap descriptive; no simultaneous CI correction,,,False,False,,
test_01267,results/generalization/predictions.parquet,anchor,pooled_structure_macro,all_available,30240,2016,6,2,3,"1,2,3",746.2914116098767,736.8450072072567,9.446404402620033,-1.2820069770742148,4.687949795268752,16.447687977402374,-2.6854593687017623,18.85371557668937,-61.72138961258453,80.6141984178243,6.786839703970784,12.323685287462206,0.5,0.21875,0.5,exploratory; insufficient time blocks,False,exploratory; cluster-t assumes independent approximately normal block scores; bootstrap descriptive; no simultaneous CI correction,1.0,1.0,False,False,1.0,1.0
test_01268,results/generalization/predictions.parquet,pooled_augmented,pooled_structure_macro,public_origins_jun_sep,24192,2016,6,2,3,"1,2,3",707.7760748563563,707.7773339319757,-0.0012590756193731,0.000177891486349,-0.0222378940093401,0.0096952666665522,-0.0211196624355524,0.0326644736815075,-0.1404471914580667,0.137929040219208,-0.0353967902927952,0.0315826923435191,1.0,0.9375,0.5,exploratory; insufficient time blocks,False,exploratory; cluster-t assumes independent approximately normal block scores; bootstrap descriptive; no simultaneous CI correction,1.0,1.0,False,False,1.0,1.0
test_01269,results/generalization/predictions.parquet,pooled_augmented,pooled_structure_macro,later_origins,6048,2016,2,1,3,"1,2",853.162151904192,853.1157003083807,0.046451595811277,-0.0054449350532976,,,,,,,-0.0213388197889932,0.1117580928417241,,0.5,,exploratory; insufficient time blocks,False,exploratory; cluster-t assumes independent approximately normal block scores; bootstrap descriptive; no simultaneous CI correction,,1.0,False,False,,1.0
test_01270,results/generalization/predictions.parquet,pooled_augmented,pooled_structure_macro,targets_jun_sep,12096,2016,3,1,3,"1,2,3",672.3782201095693,672.3904335274748,-0.0122134179055137,0.0018164175598751,,,-0.039886826657845,0.0628948470439201,,,-0.0758506206866951,0.048555191831106,,0.75,,exploratory; insufficient time blocks,False,exploratory; cluster-t assumes independent approximately normal block scores; bootstrap descriptive; no simultaneous CI correction,,1.0,False,False,,1.0
test_01271,results/generalization/predictions.parquet,pooled_augmented,pooled_structure_macro,targets_oct_nov,12096,2016,2,1,3,"1,2,3",708.2259974164307,708.2224156941929,0.0035817222377545,-0.0005057340968576,,,,,,,-0.0295330356647771,0.0311359665747942,,1.0,,exploratory; insufficient time blocks,False,exploratory; cluster-t assumes independent approximately normal block scores; bootstrap descriptive; no simultaneous CI correction,,1.0,False,False,,1.0
test_01272,results/generalization/predictions.parquet,pooled_augmented,pooled_structure_macro,targets_dec,6048,2016,1,1,3,"1,2,3",923.0580162776174,922.9993375929488,0.0586786846686209,-0.0063573918505344,,,,,,,-0.0035435586744474,0.1223299071182582,,,,exploratory; insufficient time blocks,False,exploratory; cluster-t assumes independent approximately normal block scores; bootstrap descriptive; no simultaneous CI correction,,,False,False,,
test_01273,results/generalization/predictions.parquet,pooled_augmented,pooled_structure_macro,all_available,30240,2016,6,2,3,"1,2,3",736.8532902659235,736.8450072072567,0.0082830586668478,-0.0011241249633001,-0.0222378940093401,0.0219473763814249,-0.018989825933539,0.0382964991181285,-0.2000628834937943,0.2166290008271755,-0.029892014234708,0.0460041799423239,1.0,0.65625,0.5,exploratory; insufficient time blocks,False,exploratory; cluster-t assumes independent approximately normal block scores; bootstrap descriptive; no simultaneous CI correction,1.0,1.0,False,False,1.0,1.0
test_01274,results/generalization/predictions.parquet,pooled_purged,pooled_structure_macro,public_origins_jun_sep,24192,2016,6,2,3,"1,2,3",722.236619707108,707.7773339319757,14.459285775132344,-2.042914498943537,6.196436753540085,22.722134796724703,1.730120015822426,27.136648802923816,-90.5301655994471,119.4487371497119,8.685182725807506,20.250579747062798,0.5,0.125,0.5,exploratory; insufficient time blocks,False,exploratory; cluster-t assumes independent approximately normal block scores; bootstrap descriptive; no simultaneous CI correction,1.0,1.0,False,False,1.0,1.0
test_01275,results/generalization/predictions.parquet,pooled_purged,pooled_structure_macro,later_origins,6048,2016,2,1,3,"1,2",846.1001319100397,853.1157003083807,-7.015568398340975,0.8223466519025515,,,,,,,-12.477410130048074,-1.1170691184667845,,0.5,,exploratory; insufficient time blocks,False,exploratory; cluster-t assumes independent approximately normal block scores; bootstrap descriptive; no simultaneous CI correction,,1.0,False,False,,1.0
test_01276,results/generalization/predictions.parquet,pooled_purged,pooled_structure_macro,targets_jun_sep,12096,2016,3,1,3,"1,2,3",695.1125683241994,672.3904335274748,22.722134796724617,-3.3793066741774456,,,19.53987943364865,25.929864907501788,,,10.699286572182258,35.67627514348308,,0.25,,exploratory; insufficient time blocks,False,exploratory; cluster-t assumes independent approximately normal block scores; bootstrap descriptive; no simultaneous CI correction,,1.0,False,False,,1.0
test_01277,results/generalization/predictions.parquet,pooled_purged,pooled_structure_macro,targets_oct_nov,12096,2016,2,1,3,"1,2,3",707.4485802541104,708.2224156941929,-0.7738354400825074,0.1092644659268516,,,,,,,-6.092067157111619,5.543948394331401,,1.0,,exploratory; insufficient time blocks,False,exploratory; cluster-t assumes independent approximately normal block scores; bootstrap descriptive; no simultaneous CI correction,,1.0,False,False,,1.0
test_01278,results/generalization/predictions.parquet,pooled_purged,pooled_structure_macro,targets_dec,6048,2016,1,1,3,"1,2,3",929.9243135818526,922.9993375929488,6.924975988903839,-0.750268792929277,,,,,,,1.8732514979022852,12.346513054325326,,,,exploratory; insufficient time blocks,False,exploratory; cluster-t assumes independent approximately normal block scores; bootstrap descriptive; no simultaneous CI correction,,,False,False,,
test_01279,results/generalization/predictions.parquet,pooled_purged,pooled_structure_macro,all_available,30240,2016,6,2,3,"1,2,3",747.0093221476944,736.8450072072567,10.164314940437748,-1.3794373092058927,1.7924350362463397,22.722134796724703,0.9086346214023282,20.177453770055763,-117.48546916933444,137.81409905020982,5.988008014768409,14.370145917702375,0.5,0.15625,0.5,exploratory; insufficient time blocks,False,exploratory; cluster-t assumes independent approximately normal block scores; bootstrap descriptive; no simultaneous CI correction,1.0,1.0,False,False,1.0,1.0
test_01280,results/generalization/predictions.parquet,region_holdout,pooled_structure_macro,public_origins_jun_sep,24192,2016,6,2,3,"1,2,3",713.6178226690146,707.7773339319757,5.840488737038868,-0.8251873092053829,5.306254686340658,7.8036442311559,1.8881651970687203,8.436871909702356,-0.9475984883049272,12.62857596238247,3.4901366399824787,8.758895778348405,0.5,0.0625,0.5,exploratory; insufficient time blocks,False,exploratory; cluster-t assumes independent approximately normal block scores; bootstrap descriptive; no simultaneous CI correction,1.0,1.0,False,False,1.0,1.0
test_01281,results/generalization/predictions.parquet,region_holdout,pooled_structure_macro,later_origins,6048,2016,2,1,3,"1,2",846.1271067388382,853.1157003083807,-6.988593569542559,0.8191847327409812,,,,,,,-15.563497210413862,0.2345227183983668,,0.5,,exploratory; insufficient time blocks,False,exploratory; cluster-t assumes independent approximately normal block scores; bootstrap descriptive; no simultaneous CI correction,,1.0,False,False,,1.0
test_01282,results/generalization/predictions.parquet,region_holdout,pooled_structure_macro,targets_jun_sep,12096,2016,3,1,3,"1,2,3",678.7651563152117,672.3904335274748,6.374722787736914,-0.9480686324304216,,,2.288406101377712,9.683117326986208,,,3.3399801495034755,10.345228744221018,,0.25,,exploratory; insufficient time blocks,False,exploratory; cluster-t assumes independent approximately normal block scores; bootstrap descriptive; no simultaneous CI correction,,1.0,False,False,,1.0
test_01283,results/generalization/predictions.parquet,region_holdout,pooled_structure_macro,targets_oct_nov,12096,2016,2,1,3,"1,2,3",713.3331662555153,708.2224156941929,5.110750561322334,-0.7216307261770053,,,,,,,0.6783882679448742,9.424297845866516,,0.5,,exploratory; insufficient time blocks,False,exploratory; cluster-t assumes independent approximately normal block scores; bootstrap descriptive; no simultaneous CI correction,,1.0,False,False,,1.0
test_01284,results/generalization/predictions.parquet,region_holdout,pooled_structure_macro,targets_dec,6048,2016,1,1,3,"1,2,3",916.4017522734424,922.9993375929488,-6.5975853195062655,0.714798489098793,,,,,,,-11.451750013421789,-0.999006135694728,,,,exploratory; insufficient time blocks,False,exploratory; cluster-t assumes independent approximately normal block scores; bootstrap descriptive; no simultaneous CI correction,,,False,False,,
test_01285,results/generalization/predictions.parquet,region_holdout,pooled_structure_macro,all_available,30240,2016,6,2,3,"1,2,3",740.1196794829792,736.8450072072567,3.274672275722537,-0.4444180585729952,1.2079719343795623,7.689302023026063,-1.7706188640530165,8.127539515193646,-28.23722892342635,34.78657347487134,0.2332108321858418,6.622502946267285,0.5,0.28125,0.5,exploratory; insufficient time blocks,False,exploratory; cluster-t assumes independent approximately normal block scores; bootstrap descriptive; no simultaneous CI correction,1.0,1.0,False,False,1.0,1.0
test_01286,results/generalization/predictions.parquet,region_holdout_augmented,pooled_structure_macro,public_origins_jun_sep,24192,2016,6,2,3,"1,2,3",713.6009496454673,707.7773339319757,5.823615713491563,-0.8228033640381127,5.319366553406334,7.793457847796468,1.88393144488128,8.422217743837429,-0.5834773527234436,12.230708779706257,3.4976474688128425,8.735733865011396,0.5,0.0625,0.5,exploratory; insufficient time blocks,False,exploratory; cluster-t assumes independent approximately normal block scores; bootstrap descriptive; no simultaneous CI correction,1.0,1.0,False,False,1.0,1.0
test_01287,results/generalization/predictions.parquet,region_holdout_augmented,pooled_structure_macro,later_origins,6048,2016,2,1,3,"1,2",846.1579341119892,853.1157003083807,-6.957766196391503,0.8155712283663797,,,,,,,-15.528593519579202,0.2510979420852566,,0.5,,exploratory; insufficient time blocks,False,exploratory; cluster-t assumes independent approximately normal block scores; bootstrap descriptive; no simultaneous CI correction,,1.0,False,False,,1.0
test_01288,results/generalization/predictions.parquet,region_holdout_augmented,pooled_structure_macro,targets_jun_sep,12096,2016,3,1,3,"1,2,3",678.7182984010512,672.3904335274748,6.327864873576459,-0.9410997774580764,,,2.189531737650337,9.649467685895342,,,3.2468123535918347,10.304194998691507,,0.25,,exploratory; insufficient time blocks,False,exploratory; cluster-t assumes independent approximately normal block scores; bootstrap descriptive; no simultaneous CI correction,,1.0,False,False,,1.0
test_01289,results/generalization/predictions.parquet,region_holdout_augmented,pooled_structure_macro,targets_oct_nov,12096,2016,2,1,3,"1,2,3",713.3386696300989,708.2224156941929,5.116253935906002,-0.7224077948579329,,,,,,,0.6734571327207506,9.435252595883442,,0.5,,exploratory; insufficient time blocks,False,exploratory; cluster-t assumes independent approximately normal block scores; bootstrap descriptive; no simultaneous CI correction,,1.0,False,False,,1.0
test_01290,results/generalization/predictions.parquet,region_holdout_augmented,pooled_structure_macro,targets_dec,6048,2016,1,1,3,"1,2,3",916.4477966315576,922.9993375929488,-6.551540961391311,0.7098099310100048,,,,,,,-11.42663755640059,-0.9557463121555058,,,,exploratory; insufficient time blocks,False,exploratory; cluster-t assumes independent approximately normal block scores; bootstrap descriptive; no simultaneous CI correction,,,False,False,,
test_01291,results/generalization/predictions.parquet,region_holdout_augmented,pooled_structure_macro,all_available,30240,2016,6,2,3,"1,2,3",740.1123465387715,736.8450072072567,3.2673393315147905,-0.4434228772070334,1.2269889701403422,7.654580433678524,-1.7726394500668072,8.11298133671889,-27.84279197929764,34.377470642327225,0.2412823184038745,6.594867446526146,0.5,0.28125,0.5,exploratory; insufficient time blocks,False,exploratory; cluster-t assumes independent approximately normal block scores; bootstrap descriptive; no simultaneous CI correction,1.0,1.0,False,False,1.0,1.0
test_01292,results/full_calendar/predictions.parquet,calendar_factor,structure_macro,public_origins_jun_sep,24192,2016,6,2,3,"1,2,3",707.8703347226052,707.7773339319757,0.0930007906295031,-0.0131398373712885,2.8196446757353065e-05,0.1560562042489532,0.0027953801575829,0.3312934233046424,-0.708194204560636,0.8941957858194967,0.0689981647187168,0.1179507181805263,0.5,0.125,0.5,exploratory; insufficient time blocks,False,exploratory; cluster-t assumes independent approximately normal block scores; bootstrap descriptive; no simultaneous CI correction,1.0,1.0,False,False,1.0,1.0
test_01293,results/full_calendar/predictions.parquet,calendar_factor,structure_macro,later_origins,6048,2016,2,1,3,"1,2",853.6687477581241,853.1157003083807,0.553047449743417,-0.064826781354921,,,,,,,0.4158175741932118,0.6972278540382718,,0.5,,exploratory; insufficient time blocks,False,exploratory; cluster-t assumes independent approximately normal block scores; bootstrap descriptive; no simultaneous CI correction,,1.0,False,False,,1.0
test_01294,results/full_calendar/predictions.parquet,calendar_factor,structure_macro,targets_jun_sep,24192,2016,4,2,3,"1,2,3",844.3761460591944,844.3333161991665,0.0428298600279504,-0.0050726246621124,,,0.0074167518245446,0.0872798904815789,-0.2292726251465483,0.3149323452026603,0.0342828700382867,0.0531044688480588,1.0,0.25,0.5,exploratory; insufficient time blocks,False,exploratory; cluster-t assumes independent approximately normal block scores; bootstrap descriptive; no simultaneous CI correction,1.0,1.0,False,False,1.0,1.0
test_01295,results/full_calendar/predictions.parquet,calendar_factor,structure_macro,targets_oct_nov,12096,2016,2,1,3,"1,2,3",708.2252784820034,708.2224156941929,0.0028627878104998,-0.0004042215760276,,,,,,,0.0001837220519282,0.0055691348556071,,1.0,,exploratory; insufficient time blocks,False,exploratory; cluster-t assumes independent approximately normal block scores; bootstrap descriptive; no simultaneous CI correction,,1.0,False,False,,1.0
test_01296,results/full_calendar/predictions.parquet,calendar_factor,structure_macro,targets_dec,6048,2016,1,1,3,"1,2,3",923.858771875569,922.9993375929488,0.8594342826202137,-0.0931132068698441,,,,,,,0.6536650442696852,1.06492524993556,,,,exploratory; insufficient time blocks,False,exploratory; cluster-t assumes independent approximately normal block scores; bootstrap descriptive; no simultaneous CI correction,,,False,False,,
test_01297,results/full_calendar/predictions.parquet,calendar_factor,structure_macro,targets_jan_may,12096,2016,3,1,3,"1,2,3",1597.5934167193936,1597.5934167193936,0.0,0.0,,,0.0,0.0,,,0.0,0.0,,1.0,,exploratory; insufficient time blocks,False,exploratory; cluster-t assumes independent approximately normal block scores; bootstrap descriptive; no simultaneous CI correction,,1.0,False,False,,1.0
test_01298,results/full_calendar/predictions.parquet,calendar_factor,structure_macro,all_available,54432,2016,10,4,3,"1,2,3",990.3334162794602,990.2182519129764,0.1151643664836683,-0.0116302003382774,0.0025889548023926,0.188468351492008,0.0055802945179504,0.3071617546246866,-0.239092571579042,0.4694213045464801,0.0889355141820943,0.1412919471372622,0.25,0.0625,0.125,exploratory; insufficient time blocks,False,exploratory; cluster-t assumes independent approximately normal block scores; bootstrap descriptive; no simultaneous CI correction,1.0,1.0,False,False,1.0,1.0
test_01299,results/full_calendar/predictions.parquet,calendar_interactions,structure_macro,public_origins_jun_sep,24192,2016,6,2,3,"1,2,3",707.7636978702943,707.7773339319757,-0.0136360616813817,0.0019266033295567,-0.0277855299754917,0.0005134066125516,-0.0454432617979377,0.013420589342726,-0.1934221027369639,0.1661499793740239,-0.0177836975454896,-0.009872718363211,1.0,0.6875,0.5,exploratory; insufficient time blocks,False,exploratory; cluster-t assumes independent approximately normal block scores; bootstrap descriptive; no simultaneous CI correction,1.0,1.0,False,False,1.0,1.0
test_01300,results/full_calendar/predictions.parquet,calendar_interactions,structure_macro,later_origins,6048,2016,2,1,3,"1,2",853.1515782805201,853.1157003083807,0.0358779721393602,-0.0042055224310596,,,,,,,0.0223227988135973,0.0488703848907676,,1.0,,exploratory; insufficient time blocks,False,exploratory; cluster-t assumes independent approximately normal block scores; bootstrap descriptive; no simultaneous CI correction,,1.0,False,False,,1.0
test_01301,results/full_calendar/predictions.parquet,calendar_interactions,structure_macro,targets_jun_sep,24192,2016,4,2,3,"1,2,3",844.2875710745335,844.3333161991665,-0.0457451246329583,0.0054178988031508,,,-0.1000980212297967,0.0086077719639561,-0.1759023747739299,0.0844121255080893,-0.0546364976476039,-0.036344141749391,0.5,0.5,0.5,exploratory; insufficient time blocks,False,exploratory; cluster-t assumes independent approximately normal block scores; bootstrap descriptive; no simultaneous CI correction,1.0,1.0,False,False,1.0,1.0
test_01302,results/full_calendar/predictions.parquet,calendar_interactions,structure_macro,targets_oct_nov,12096,2016,2,1,3,"1,2,3",708.2280913504082,708.2224156941929,0.0056756562153168,-0.0008013946028174,,,,,,,-0.000458786078813,0.0111420271392183,,1.0,,exploratory; insufficient time blocks,False,exploratory; cluster-t assumes independent approximately normal block scores; bootstrap descriptive; no simultaneous CI correction,,1.0,False,False,,1.0
test_01303,results/full_calendar/predictions.parquet,calendar_interactions,structure_macro,targets_dec,6048,2016,1,1,3,"1,2,3",923.024891065882,922.9993375929488,0.0255534729332111,-0.0027685255982795,,,,,,,0.0116158397748617,0.0392262640367928,,,,exploratory; insufficient time blocks,False,exploratory; cluster-t assumes independent approximately normal block scores; bootstrap descriptive; no simultaneous CI correction,,,False,False,,
test_01304,results/full_calendar/predictions.parquet,calendar_interactions,structure_macro,targets_jan_may,12096,2016,3,1,3,"1,2,3",1597.252582440875,1597.5934167193936,-0.3408342785189688,0.0213342315355092,,,-0.571022251618232,-0.1262681724562633,,,-0.3922936134561174,-0.2943242939503581,,0.25,,exploratory; insufficient time blocks,False,exploratory; cluster-t assumes independent approximately normal block scores; bootstrap descriptive; no simultaneous CI correction,,1.0,False,False,,1.0
test_01305,results/full_calendar/predictions.parquet,calendar_interactions,structure_macro,all_available,54432,2016,10,4,3,"1,2,3",990.126280327398,990.2182519129764,-0.0919715855784488,0.0092880115470272,-0.2164190146044602,-0.0046204914621682,-0.2059032711448531,-0.0161898630115138,-0.3285552267894739,0.1446120556327903,-0.1054282665830003,-0.0789865413138262,0.25,0.05859375,0.125,exploratory; insufficient time blocks,False,exploratory; cluster-t assumes independent approximately normal block scores; bootstrap descriptive; no simultaneous CI correction,1.0,1.0,False,False,1.0,1.0
test_01306,results/full_calendar/predictions.parquet,calendar_local,structure_macro,public_origins_jun_sep,24192,2016,6,2,3,"1,2,3",707.7638989490272,707.7773339319757,-0.0134349829485245,0.0018981934436764,-0.0278887497551471,0.0010187838579559,-0.0452505446478365,0.013433608896679,-0.1970875032052856,0.1702175373080944,-0.0175559967557836,-0.0097197874215229,1.0,0.6875,0.5,exploratory; insufficient time blocks,False,exploratory; cluster-t assumes independent approximately normal block scores; bootstrap descriptive; no simultaneous CI correction,1.0,1.0,False,False,1.0,1.0
test_01307,results/full_calendar/predictions.parquet,calendar_local,structure_macro,later_origins,6048,2016,2,1,3,"1,2",853.1526943466139,853.1157003083807,0.0369940382331606,-0.0043363447911916,,,,,,,0.022618298269566,0.0509704436882309,,1.0,,exploratory; insufficient time blocks,False,exploratory; cluster-t assumes independent approximately normal block scores; bootstrap descriptive; no simultaneous CI correction,,1.0,False,False,,1.0
test_01308,results/full_calendar/predictions.parquet,calendar_local,structure_macro,targets_jun_sep,24192,2016,4,2,3,"1,2,3",844.2878257238494,844.3333161991665,-0.0454904753170239,0.005387738994098,,,-0.099647169269529,0.0086662186356529,-0.1770830909188093,0.0861021402849332,-0.0541699040346099,-0.0363056139394293,0.5,0.5,0.5,exploratory; insufficient time blocks,False,exploratory; cluster-t assumes independent approximately normal block scores; bootstrap descriptive; no simultaneous CI correction,1.0,1.0,False,False,1.0,1.0
test_01309,results/full_calendar/predictions.parquet,calendar_local,structure_macro,targets_oct_nov,12096,2016,2,1,3,"1,2,3",708.2281436737542,708.2224156941929,0.005727979561243,-0.0008087825850059,,,,,,,-0.0002804108719093,0.0110804599763621,,1.0,,exploratory; insufficient time blocks,False,exploratory; cluster-t assumes independent approximately normal block scores; bootstrap descriptive; no simultaneous CI correction,,1.0,False,False,,1.0
test_01310,results/full_calendar/predictions.parquet,calendar_local,structure_macro,targets_dec,6048,2016,1,1,3,"1,2,3",923.0269132397748,922.9993375929488,0.0275756468261079,-0.0029876128511664,,,,,,,0.0124656448564708,0.042653367287916,,,,exploratory; insufficient time blocks,False,exploratory; cluster-t assumes independent approximately normal block scores; bootstrap descriptive; no simultaneous CI correction,,,False,False,,
test_01311,results/full_calendar/predictions.parquet,calendar_local,structure_macro,targets_jan_may,12096,2016,3,1,3,"1,2,3",1597.2542082470993,1597.5934167193936,-0.3392084722943309,0.0212324655788131,,,-0.5685643771821551,-0.1256537089498049,,,-0.3888899617510622,-0.2942766032730323,,0.25,,exploratory; insufficient time blocks,False,exploratory; cluster-t assumes independent approximately normal block scores; bootstrap descriptive; no simultaneous CI correction,,1.0,False,False,,1.0
test_01312,results/full_calendar/predictions.parquet,calendar_local,structure_macro,all_available,54432,2016,10,4,3,"1,2,3",990.1269911085424,990.2182519129764,-0.0912608044342278,0.0092162312962746,-0.2153761870427329,-0.00438203402256,-0.2047099946958522,-0.0155910280119273,-0.3268733503660556,0.1443517414977733,-0.1040447490747797,-0.0789033465800161,0.25,0.05859375,0.125,exploratory; insufficient time blocks,False,exploratory; cluster-t assumes independent approximately normal block scores; bootstrap descriptive; no simultaneous CI correction,1.0,1.0,False,False,1.0,1.0
test_01313,results/full_calendar/predictions.parquet,calendar_local_factor,structure_macro,public_origins_jun_sep,24192,2016,6,2,3,"1,2,3",707.8568662756064,707.7773339319757,0.0795323436307171,-0.0112369158798692,-0.0189781175653029,0.1570305066578719,-0.0245821730019055,0.3198466029301247,-0.9051751824886892,1.0642398697502715,0.0561035333414625,0.1038110650871989,0.5,0.40625,0.5,exploratory; insufficient time blocks,False,exploratory; cluster-t assumes independent approximately normal block scores; bootstrap descriptive; no simultaneous CI correction,1.0,1.0,False,False,1.0,1.0
test_01314,results/full_calendar/predictions.parquet,calendar_local_factor,structure_macro,later_origins,6048,2016,2,1,3,"1,2",853.7057414909973,853.1157003083807,0.5900411826165737,-0.0691630903526084,,,,,,,0.4386671974521708,0.7464580510139467,,0.5,,exploratory; insufficient time blocks,False,exploratory; cluster-t assumes independent approximately normal block scores; bootstrap descriptive; no simultaneous CI correction,,1.0,False,False,,1.0
test_01315,results/full_calendar/predictions.parquet,calendar_local_factor,structure_macro,targets_jun_sep,24192,2016,4,2,3,"1,2,3",844.3306560946389,844.3333161991665,-0.0026601045275356,0.0003150538391058,,,-0.043909358049609,0.0385891489945104,-0.4063584502230576,0.401038241167959,-0.0100530354517386,0.0042140273498805,1.0,1.0,0.5,exploratory; insufficient time blocks,False,exploratory; cluster-t assumes independent approximately normal block scores; bootstrap descriptive; no simultaneous CI correction,1.0,1.0,False,False,1.0,1.0
test_01316,results/full_calendar/predictions.parquet,calendar_local_factor,structure_macro,targets_oct_nov,12096,2016,2,1,3,"1,2,3",708.2310064741865,708.2224156941929,0.0085907799935966,-0.0012130059432213,,,,,,,0.0015038306665103,0.0150874299231988,,1.0,,exploratory; insufficient time blocks,False,exploratory; cluster-t assumes independent approximately normal block scores; bootstrap descriptive; no simultaneous CI correction,,1.0,False,False,,1.0
test_01317,results/full_calendar/predictions.parquet,calendar_local_factor,structure_macro,targets_dec,6048,2016,1,1,3,"1,2,3",923.8862582288932,922.9993375929488,0.8869206359444206,-0.0960911454451726,,,,,,,0.6684863227662592,1.104961684948741,,,,exploratory; insufficient time blocks,False,exploratory; cluster-t assumes independent approximately normal block scores; bootstrap descriptive; no simultaneous CI correction,,,False,False,,
test_01318,results/full_calendar/predictions.parquet,calendar_local_factor,structure_macro,all_available,54432,2016,10,4,3,"1,2,3",990.2421457833356,990.2182519129764,0.0238938703591884,-0.0024129902991616,-0.1923102350958802,0.1645797556421564,-0.169117479401312,0.2563946439627342,-0.4393185436511521,0.4871062843696745,0.0064386125421187,0.0396077213611744,0.75,0.935546875,0.125,exploratory; insufficient time blocks,False,exploratory; cluster-t assumes independent approximately normal block scores; bootstrap descriptive; no simultaneous CI correction,1.0,1.0,False,False,1.0,1.0
test_01319,results/residual_economy/predictions.parquet,residual_all,structure_macro_prices_wages,public_origins_jun_sep,24192,2016,6,2,3,"1,2,3",733.415980307487,706.9075123895138,26.50846791797312,-3.749920244639678,12.00763087515372,34.33947742910178,1.0095880152622494,53.90600627637351,-72.99394222337446,126.01087805932072,21.410858006795365,31.652805360331573,0.5,0.09375,0.5,exploratory; insufficient time blocks,False,exploratory; cluster-t assumes independent approximately normal block scores; bootstrap descriptive; no simultaneous CI correction,1.0,1.0,False,False,1.0,1.0
test_01320,results/residual_economy/predictions.parquet,residual_all,structure_macro_prices_wages,later_origins,6048,2016,2,1,3,"1,2",904.727846105318,854.4252596682737,50.3025864370444,-5.8873009508841205,,,,,,,39.64726401216191,61.77263030720198,,0.5,,exploratory; insufficient time blocks,False,exploratory; cluster-t assumes independent approximately normal block scores; bootstrap descriptive; no simultaneous CI correction,,1.0,False,False,,1.0
test_01321,results/residual_economy/predictions.parquet,residual_all,structure_macro_prices_wages,targets_jun_sep,24192,2016,4,2,3,"1,2,3",860.543532166748,843.3737934521972,17.169738714550817,-2.035839724669368,,,1.8407694460423336,35.76511404113421,-168.91199673071998,203.25147415982173,13.506900325641055,21.083725034677045,0.5,0.25,0.5,exploratory; insufficient time blocks,False,exploratory; cluster-t assumes independent approximately normal block scores; bootstrap descriptive; no simultaneous CI correction,1.0,1.0,False,False,1.0,1.0
test_01322,results/residual_economy/predictions.parquet,residual_all,structure_macro_prices_wages,targets_oct_nov,12096,2016,2,1,3,"1,2,3",731.1978424858071,707.832443374797,23.365399111010102,-3.300978830471343,,,,,,,17.743533008958792,29.505832088598385,,1.0,,exploratory; insufficient time blocks,False,exploratory; cluster-t assumes independent approximately normal block scores; bootstrap descriptive; no simultaneous CI correction,,1.0,False,False,,1.0
test_01323,results/residual_economy/predictions.parquet,residual_all,structure_macro_prices_wages,targets_dec,6048,2016,1,1,3,"1,2,3",964.693262080548,923.7665570518352,40.92670502871295,-4.430416398633105,,,,,,,31.56185734094528,50.23889819763501,,,,exploratory; insufficient time blocks,False,exploratory; cluster-t assumes independent approximately normal block scores; bootstrap descriptive; no simultaneous CI correction,,,False,False,,
test_01324,results/residual_economy/predictions.parquet,residual_all,structure_macro_prices_wages,targets_jan_may,12096,2016,3,1,3,"1,2,3",1599.3250272320174,1599.3250272320174,0.0,0.0,,,0.0,0.0,,,0.0,0.0,,1.0,,exploratory; insufficient time blocks,False,exploratory; cluster-t assumes independent approximately normal block scores; bootstrap descriptive; no simultaneous CI correction,,1.0,False,False,,1.0
test_01325,results/residual_economy/predictions.parquet,residual_all,structure_macro_prices_wages,all_available,54432,2016,10,4,3,"1,2,3",1007.5459033536875,990.175185786028,17.37071756765954,-1.7543075020477503,2.13897425484248,26.48608627169026,1.227177819788985,34.670814571665915,-9.53693489809389,44.27837003341317,14.148987771434411,20.596576292735897,0.25,0.09375,0.125,exploratory; insufficient time blocks,False,exploratory; cluster-t assumes independent approximately normal block scores; bootstrap descriptive; no simultaneous CI correction,1.0,1.0,False,False,1.0,1.0
test_01326,results/residual_economy/predictions.parquet,residual_all_exposures,structure_macro_prices_wages,public_origins_jun_sep,24192,2016,6,2,3,"1,2,3",730.8941942463396,706.9075123895138,23.98668185682573,-3.393185308746415,10.78349080716119,32.108534264753686,-0.0854234789311541,49.00210665878704,-79.21123767739074,127.18460139104222,19.875887266641847,28.18517716899534,0.5,0.125,0.5,exploratory; insufficient time blocks,False,exploratory; cluster-t assumes independent approximately normal block scores; bootstrap descriptive; no simultaneous CI correction,1.0,1.0,False,False,1.0,1.0
test_01327,results/residual_economy/predictions.parquet,residual_all_exposures,structure_macro_prices_wages,later_origins,6048,2016,2,1,3,"1,2",898.9977028382866,854.4252596682737,44.57244317001289,-5.216657942359746,,,,,,,40.73844638147859,48.24692233409683,,0.5,,exploratory; insufficient time blocks,False,exploratory; cluster-t assumes independent approximately normal block scores; bootstrap descriptive; no simultaneous CI correction,,1.0,False,False,,1.0
test_01328,results/residual_economy/predictions.parquet,residual_all_exposures,structure_macro_prices_wages,targets_jun_sep,24192,2016,4,2,3,"1,2,3",859.4280605845739,843.3737934521972,16.054267132376708,-1.9035767126058645,,,1.8394331977453944,33.155236489688896,-155.01207400764,187.1206082723937,13.392620237574793,18.655955273052303,0.5,0.25,0.5,exploratory; insufficient time blocks,False,exploratory; cluster-t assumes independent approximately normal block scores; bootstrap descriptive; no simultaneous CI correction,1.0,1.0,False,False,1.0,1.0
test_01329,results/residual_economy/predictions.parquet,residual_all_exposures,structure_macro_prices_wages,targets_oct_nov,12096,2016,2,1,3,"1,2,3",729.1471397470381,707.832443374797,21.314696372241087,-3.0112629862820466,,,,,,,16.211342031779036,27.056466466973347,,1.0,,exploratory; insufficient time blocks,False,exploratory; cluster-t assumes independent approximately normal block scores; bootstrap descriptive; no simultaneous CI correction,,1.0,False,False,,1.0
test_01330,results/residual_economy/predictions.parquet,residual_all_exposures,structure_macro_prices_wages,targets_dec,6048,2016,1,1,3,"1,2,3",957.4392663751617,923.7665570518352,33.67270932332656,-3.6451535364942953,,,,,,,28.60664454043279,38.84100177495164,,,,exploratory; insufficient time blocks,False,exploratory; cluster-t assumes independent approximately normal block scores; bootstrap descriptive; no simultaneous CI correction,,,False,False,,
test_01331,results/residual_economy/predictions.parquet,residual_all_exposures,structure_macro_prices_wages,all_available,54432,2016,10,4,3,"1,2,3",1005.7884269635076,990.175185786028,15.613241177479496,-1.57681604241428,2.0258664168763443,23.91855330313178,0.7512490328315017,31.680797302481487,-8.403846669395643,39.63032902435468,13.537860007731837,17.719350981336802,0.25,0.125,0.125,exploratory; insufficient time blocks,False,exploratory; cluster-t assumes independent approximately normal block scores; bootstrap descriptive; no simultaneous CI correction,1.0,1.0,False,False,1.0,1.0
test_01332,results/residual_economy/predictions.parquet,residual_all_lag3,structure_macro_prices_wages,public_origins_jun_sep,24192,2016,6,2,3,"1,2,3",744.6423177878856,706.9075123895138,37.734805398371805,-5.3380116545684,11.137383558159536,40.55264738738157,1.1716726000658584,83.31016520938537,1.9307281710986288,73.53888262564496,29.815066411460343,45.48361210666817,0.5,0.125,0.5,exploratory; insufficient time blocks,False,exploratory; cluster-t assumes independent approximately normal block scores; bootstrap descriptive; no simultaneous CI correction,1.0,1.0,False,False,1.0,1.0
test_01333,results/residual_economy/predictions.parquet,residual_all_lag3,structure_macro_prices_wages,later_origins,6048,2016,2,1,3,"1,2",888.1050481027575,854.4252596682737,33.679788434483726,-3.941806267239774,,,,,,,25.89794322260257,41.84269864684701,,0.5,,exploratory; insufficient time blocks,False,exploratory; cluster-t assumes independent approximately normal block scores; bootstrap descriptive; no simultaneous CI correction,,1.0,False,False,,1.0
test_01334,results/residual_economy/predictions.parquet,residual_all_lag3,structure_macro_prices_wages,targets_jun_sep,24192,2016,4,2,3,"1,2,3",863.6501171458879,843.3737934521972,20.27632369369064,-2.404191812825153,,,5.328908875717668,37.21234885947866,-143.55452938503495,184.10717677241647,15.035609866313257,25.90469019866993,0.5,0.25,0.5,exploratory; insufficient time blocks,False,exploratory; cluster-t assumes independent approximately normal block scores; bootstrap descriptive; no simultaneous CI correction,1.0,1.0,False,False,1.0,1.0
test_01335,results/residual_economy/predictions.parquet,residual_all_lag3,structure_macro_prices_wages,targets_oct_nov,12096,2016,2,1,3,"1,2,3",725.1841239848916,707.832443374797,17.351680610094604,-2.45138249489744,,,,,,,8.682402357673142,27.628310432238077,,1.0,,exploratory; insufficient time blocks,False,exploratory; cluster-t assumes independent approximately normal block scores; bootstrap descriptive; no simultaneous CI correction,,1.0,False,False,,1.0
test_01336,results/residual_economy/predictions.parquet,residual_all_lag3,structure_macro_prices_wages,targets_dec,6048,2016,1,1,3,"1,2,3",992.5769110848536,923.7665570518352,68.81035403301837,-7.448889928709255,,,,,,,52.7627575775078,84.77132027756957,,,,exploratory; insufficient time blocks,False,exploratory; cluster-t assumes independent approximately normal block scores; bootstrap descriptive; no simultaneous CI correction,,,False,False,,
test_01337,results/residual_economy/predictions.parquet,residual_all_lag3,structure_macro_prices_wages,all_available,54432,2016,10,4,3,"1,2,3",1010.6884091224692,990.175185786028,20.513223336441115,-2.0716761670973565,2.8134943609040044,28.27909792236669,1.0019124031141966,39.99150706161255,-8.610440835029522,49.63688750791189,16.317065685325268,24.561471759767475,0.25,0.125,0.125,exploratory; insufficient time blocks,False,exploratory; cluster-t assumes independent approximately normal block scores; bootstrap descriptive; no simultaneous CI correction,1.0,1.0,False,False,1.0,1.0
test_01338,results/residual_economy/predictions.parquet,residual_credit,structure_macro_prices_wages,public_origins_jun_sep,24192,2016,6,2,3,"1,2,3",737.9768149762853,706.9075123895138,31.06930258677141,-4.39510148672064,9.44060401513704,47.80426893823186,-3.584278574100254,69.72328251499188,-181.56860613218535,243.7072113057285,24.430439930412803,37.73236031545762,0.5,0.15625,0.5,exploratory; insufficient time blocks,False,exploratory; cluster-t assumes independent approximately normal block scores; bootstrap descriptive; no simultaneous CI correction,1.0,1.0,False,False,1.0,1.0
test_01339,results/residual_economy/predictions.parquet,residual_credit,structure_macro_prices_wages,later_origins,6048,2016,2,1,3,"1,2",922.1139606561984,854.4252596682737,67.68870098792468,-7.922132477006177,,,,,,,51.61572869957266,84.69098640308482,,0.5,,exploratory; insufficient time blocks,False,exploratory; cluster-t assumes independent approximately normal block scores; bootstrap descriptive; no simultaneous CI correction,,1.0,False,False,,1.0
test_01340,results/residual_economy/predictions.parquet,residual_credit,structure_macro_prices_wages,targets_jun_sep,24192,2016,4,2,3,"1,2,3",867.2759279213132,843.3737934521972,23.902134469115936,-2.834109223536209,,,3.848583576445128,43.955685361786735,-125.12911102410489,172.93337996233674,18.1092300683202,30.142190746866877,0.5,0.25,0.5,exploratory; insufficient time blocks,False,exploratory; cluster-t assumes independent approximately normal block scores; bootstrap descriptive; no simultaneous CI correction,1.0,1.0,False,False,1.0,1.0
test_01341,results/residual_economy/predictions.parquet,residual_credit,structure_macro_prices_wages,targets_oct_nov,12096,2016,2,1,3,"1,2,3",727.4501394367803,707.832443374797,19.617696061983334,-2.771516938168342,,,,,,,10.685859203791846,30.228512824357654,,1.0,,exploratory; insufficient time blocks,False,exploratory; cluster-t assumes independent approximately normal block scores; bootstrap descriptive; no simultaneous CI correction,,1.0,False,False,,1.0
test_01342,results/residual_economy/predictions.parquet,residual_credit,structure_macro_prices_wages,targets_dec,6048,2016,1,1,3,"1,2,3",980.8885383864156,923.7665570518352,57.12198133458048,-6.183594859385585,,,,,,,42.7493698120767,71.50837095731592,,,,exploratory; insufficient time blocks,False,exploratory; cluster-t assumes independent approximately normal block scores; bootstrap descriptive; no simultaneous CI correction,,,False,False,,
test_01343,results/residual_economy/predictions.parquet,residual_credit,structure_macro_prices_wages,all_available,54432,2016,10,4,3,"1,2,3",1011.5047314899184,990.175185786028,21.329545703890176,-2.15411838329984,2.904801235426782,28.894168995592917,0.6872151910551298,41.2020045453085,-4.037279991455517,46.69637139923566,17.043604669467737,25.49548027693618,0.25,0.09375,0.125,exploratory; insufficient time blocks,False,exploratory; cluster-t assumes independent approximately normal block scores; bootstrap descriptive; no simultaneous CI correction,1.0,1.0,False,False,1.0,1.0
test_01344,results/residual_economy/predictions.parquet,residual_expectations,structure_macro_prices_wages,public_origins_jun_sep,24192,2016,6,2,3,"1,2,3",755.2496684542931,706.9075123895138,48.34215606477926,-6.838540433864027,14.584758077525526,52.6736032467624,5.87878045458521,99.19560730483047,-6.694098634539337,103.378410764098,38.48982046542117,58.01125406874199,0.5,0.09375,0.5,exploratory; insufficient time blocks,False,exploratory; cluster-t assumes independent approximately normal block scores; bootstrap descriptive; no simultaneous CI correction,1.0,1.0,False,False,1.0,1.0
test_01345,results/residual_economy/predictions.parquet,residual_expectations,structure_macro_prices_wages,later_origins,6048,2016,2,1,3,"1,2",977.4040923199722,854.4252596682737,122.97883265169844,-14.39316444125778,,,,,,,96.55318206547724,150.99807728881476,,0.5,,exploratory; insufficient time blocks,False,exploratory; cluster-t assumes independent approximately normal block scores; bootstrap descriptive; no simultaneous CI correction,,1.0,False,False,,1.0
test_01346,results/residual_economy/predictions.parquet,residual_expectations,structure_macro_prices_wages,targets_jun_sep,24192,2016,4,2,3,"1,2,3",869.7105950755783,843.3737934521972,26.33680162338112,-3.1227910836043664,,,5.4893775128346896,47.1842257339277,-157.95599616070172,210.62959940746413,20.328178444066022,32.82717427418326,0.5,0.25,0.5,exploratory; insufficient time blocks,False,exploratory; cluster-t assumes independent approximately normal block scores; bootstrap descriptive; no simultaneous CI correction,1.0,1.0,False,False,1.0,1.0
test_01347,results/residual_economy/predictions.parquet,residual_expectations,structure_macro_prices_wages,targets_oct_nov,12096,2016,2,1,3,"1,2,3",751.7766264820247,707.832443374797,43.94418310722767,-6.208274785726267,,,,,,,33.32280020895052,55.134351696802085,,1.0,,exploratory; insufficient time blocks,False,exploratory; cluster-t assumes independent approximately normal block scores; bootstrap descriptive; no simultaneous CI correction,,1.0,False,False,,1.0
test_01348,results/residual_economy/predictions.parquet,residual_expectations,structure_macro_prices_wages,targets_dec,6048,2016,1,1,3,"1,2,3",1046.8784412546709,923.7665570518352,123.11188420283575,-13.327164018119744,,,,,,,95.34014127611069,151.29067294690222,,,,exploratory; insufficient time blocks,False,exploratory; cluster-t assumes independent approximately normal block scores; bootstrap descriptive; no simultaneous CI correction,,,False,False,,
test_01349,results/residual_economy/predictions.parquet,residual_expectations,structure_macro_prices_wages,all_available,54432,2016,10,4,3,"1,2,3",1025.324903220563,990.175185786028,35.14971743453498,-3.5498483439202904,4.4876178700078535,50.00471695603389,4.461670777796844,68.57000848242419,-18.37039762831094,88.66983249738107,28.162094085859252,42.12118705643967,0.25,0.09375,0.125,exploratory; insufficient time blocks,False,exploratory; cluster-t assumes independent approximately normal block scores; bootstrap descriptive; no simultaneous CI correction,1.0,1.0,False,False,1.0,1.0
test_01350,results/residual_economy/predictions.parquet,residual_only,structure_macro_prices_wages,public_origins_jun_sep,24192,2016,6,2,3,"1,2,3",751.8502162970262,706.9075123895138,44.9427039075124,-6.357649780180646,16.766211748925738,57.16861931566141,5.421769030093435,89.4344423206241,-110.40228035872758,200.2876881737525,35.624155394299734,54.09527607785079,0.5,0.09375,0.5,exploratory; insufficient time blocks,False,exploratory; cluster-t assumes independent approximately normal block scores; bootstrap descriptive; no simultaneous CI correction,1.0,1.0,False,False,1.0,1.0
test_01351,results/residual_economy/predictions.parquet,residual_only,structure_macro_prices_wages,later_origins,6048,2016,2,1,3,"1,2",942.7333524322294,854.4252596682737,88.30809276395564,-10.335379457091522,,,,,,,68.00326617181479,109.74745971978292,,0.5,,exploratory; insufficient time blocks,False,exploratory; cluster-t assumes independent approximately normal block scores; bootstrap descriptive; no simultaneous CI correction,,1.0,False,False,,1.0
test_01352,results/residual_economy/predictions.parquet,residual_only,structure_macro_prices_wages,targets_jun_sep,24192,2016,4,2,3,"1,2,3",871.958103110028,843.3737934521972,28.58430965783077,-3.3892812273459554,,,8.689566468993968,48.47905284666745,-148.17543091657805,205.34405023223948,21.763354162618032,36.017611829714696,0.5,0.25,0.5,exploratory; insufficient time blocks,False,exploratory; cluster-t assumes independent approximately normal block scores; bootstrap descriptive; no simultaneous CI correction,1.0,1.0,False,False,1.0,1.0
test_01353,results/residual_economy/predictions.parquet,residual_only,structure_macro_prices_wages,targets_oct_nov,12096,2016,2,1,3,"1,2,3",735.4484302412349,707.832443374797,27.61598686643788,-3.901486449924594,,,,,,,18.27745975564297,38.47760649929912,,1.0,,exploratory; insufficient time blocks,False,exploratory; cluster-t assumes independent approximately normal block scores; bootstrap descriptive; no simultaneous CI correction,,1.0,False,False,,1.0
test_01354,results/residual_economy/predictions.parquet,residual_only,structure_macro_prices_wages,targets_dec,6048,2016,1,1,3,"1,2,3",1022.2762530816424,923.7665570518352,98.50969602980727,-10.663916687371444,,,,,,,75.39924576964967,121.82515009732448,,,,exploratory; insufficient time blocks,False,exploratory; cluster-t assumes independent approximately normal block scores; bootstrap descriptive; no simultaneous CI correction,,,False,False,,
test_01355,results/residual_economy/predictions.parquet,residual_only,structure_macro_prices_wages,all_available,54432,2016,10,4,3,"1,2,3",1019.9617311631398,990.175185786028,29.78654537711168,-3.008209638526369,4.790346213978781,40.39493675006769,4.15724989056941,55.80096395923808,-10.543025628225855,70.11611638244929,23.756463567832608,35.763432249433286,0.25,0.09375,0.125,exploratory; insufficient time blocks,False,exploratory; cluster-t assumes independent approximately normal block scores; bootstrap descriptive; no simultaneous CI correction,1.0,1.0,False,False,1.0,1.0
test_01356,results/residual_economy/predictions.parquet,residual_savings,structure_macro_prices_wages,public_origins_jun_sep,24192,2016,6,2,3,"1,2,3",717.2790033242538,706.9075123895138,10.371490934739995,-1.4671637736147285,-4.606635193951628,25.34961706343184,-2.697816905831078,25.202934339342043,-179.9436462245201,200.68662809400035,7.895747414797729,12.8924766807757,1.0,0.3125,0.5,exploratory; insufficient time blocks,False,exploratory; cluster-t assumes independent approximately normal block scores; bootstrap descriptive; no simultaneous CI correction,1.0,1.0,False,False,1.0,1.0
test_01357,results/residual_economy/predictions.parquet,residual_savings,structure_macro_prices_wages,later_origins,6048,2016,2,1,3,"1,2",862.9187197687631,854.4252596682737,8.493460100489415,-0.9940553611192344,,,,,,,6.75229428476422,10.267505680566758,,1.0,,exploratory; insufficient time blocks,False,exploratory; cluster-t assumes independent approximately normal block scores; bootstrap descriptive; no simultaneous CI correction,,1.0,False,False,,1.0
test_01358,results/residual_economy/predictions.parquet,residual_savings,structure_macro_prices_wages,targets_jun_sep,24192,2016,4,2,3,"1,2,3",856.048601983913,843.3737934521972,12.674808531715826,-1.502869620815914,,,3.2600072429818705,22.08960982044997,-73.74834221982454,99.0979592832564,9.640326540078023,15.879140078235856,0.5,0.25,0.5,exploratory; insufficient time blocks,False,exploratory; cluster-t assumes independent approximately normal block scores; bootstrap descriptive; no simultaneous CI correction,1.0,1.0,False,False,1.0,1.0
test_01359,results/residual_economy/predictions.parquet,residual_savings,structure_macro_prices_wages,targets_oct_nov,12096,2016,2,1,3,"1,2,3",710.6001493917614,707.832443374797,2.767706016964439,-0.3910114664663569,,,,,,,1.838992978623274,3.856986116310239,,1.0,,exploratory; insufficient time blocks,False,exploratory; cluster-t assumes independent approximately normal block scores; bootstrap descriptive; no simultaneous CI correction,,1.0,False,False,,1.0
test_01360,results/residual_economy/predictions.parquet,residual_savings,structure_macro_prices_wages,targets_dec,6048,2016,1,1,3,"1,2,3",917.5113347304924,923.7665570518352,-6.255222321342671,0.6771431887841848,,,,,,,-8.308844761640907,-4.174131679985038,,,,exploratory; insufficient time blocks,False,exploratory; cluster-t assumes independent approximately normal block scores; bootstrap descriptive; no simultaneous CI correction,,,False,False,,
test_01361,results/residual_economy/predictions.parquet,residual_savings,structure_macro_prices_wages,all_available,54432,2016,10,4,3,"1,2,3",995.7284551015224,990.175185786028,5.55326931549439,-0.5608370513835946,-0.0771225307943454,12.93559607784061,-0.7190243855100711,12.533437370257143,-4.045606768776237,15.15214539976508,4.326611001393655,6.819995063018026,0.5,0.1875,0.125,exploratory; insufficient time blocks,False,exploratory; cluster-t assumes independent approximately normal block scores; bootstrap descriptive; no simultaneous CI correction,1.0,1.0,False,False,1.0,1.0
test_01362,results/final_project/predictions.parquet,component_median,structure_macro_prices_wages,public_origins_jun_sep,24192,2016,6,2,3,"1,2,3",743.134861484474,706.9075123895138,36.22734909496012,-5.124765044935391,27.04395081919402,45.410747370726064,20.112874179731357,53.38185419727657,-80.45878957312055,152.91348776304062,18.938796609787445,54.28732106340254,0.5,0.03125,0.5,exploratory; insufficient time blocks,False,exploratory; cluster-t assumes independent approximately normal block scores; bootstrap descriptive; no simultaneous CI correction,1.0,1.0,False,False,1.0,1.0
test_01363,results/final_project/predictions.parquet,component_median,structure_macro_prices_wages,later_origins,6048,2016,2,1,3,"1,2",931.0748812186938,854.4252596682737,76.64962155042008,-8.970898353377205,,,,,,,26.97053111746153,132.03315497653287,,0.5,,exploratory; insufficient time blocks,False,exploratory; cluster-t assumes independent approximately normal block scores; bootstrap descriptive; no simultaneous CI correction,,1.0,False,False,,1.0
test_01364,results/final_project/predictions.parquet,component_median,structure_macro_prices_wages,targets_jun_sep,24192,2016,4,2,3,"1,2,3",898.4531745593782,843.3737934521972,55.07938110718101,-6.530838583651453,,,35.61649475598889,89.37497750740923,-82.83117842936545,192.98994064372792,31.41632160733789,84.81612611219748,0.5,0.125,0.5,exploratory; insufficient time blocks,False,exploratory; cluster-t assumes independent approximately normal block scores; bootstrap descriptive; no simultaneous CI correction,1.0,1.0,False,False,1.0,1.0
test_01365,results/final_project/predictions.parquet,component_median,structure_macro_prices_wages,targets_oct_nov,12096,2016,2,1,3,"1,2,3",752.1180573265328,707.832443374797,44.285613951735854,-6.256510896927995,,,,,,,20.18750618251447,71.23311344862933,,0.5,,exploratory; insufficient time blocks,False,exploratory; cluster-t assumes independent approximately normal block scores; bootstrap descriptive; no simultaneous CI correction,,1.0,False,False,,1.0
test_01366,results/final_project/predictions.parquet,component_median,structure_macro_prices_wages,targets_dec,6048,2016,1,1,3,"1,2,3",1002.6664454402356,923.7665570518352,78.89988838840065,-8.541106818177806,,,,,,,32.15803439644707,130.51597288512988,,,,exploratory; insufficient time blocks,False,exploratory; cluster-t assumes independent approximately normal block scores; bootstrap descriptive; no simultaneous CI correction,,,False,False,,
test_01367,results/final_project/predictions.parquet,component_median,structure_macro_prices_wages,targets_jan_may,12096,2016,3,1,3,"1,2,3",1707.2075509368992,1599.3250272320174,107.8825237048818,-6.745503375983315,,,-16.474179461883452,155.91902134662087,,,41.51349743204347,178.99268791218836,,0.5,,exploratory; insufficient time blocks,False,exploratory; cluster-t assumes independent approximately normal block scores; bootstrap descriptive; no simultaneous CI correction,,1.0,False,False,,1.0
test_01368,results/final_project/predictions.parquet,component_median,structure_macro_prices_wages,all_available,54432,2016,10,4,3,"1,2,3",1057.2367066894012,990.175185786028,67.0615209033731,-6.772692536234164,42.6201288936705,103.27304122721522,41.9998134176002,93.51640365766605,19.99521777034612,114.1278240364006,35.43103599811998,100.0935503521344,0.125,0.00390625,0.125,exploratory; insufficient time blocks,False,exploratory; cluster-t assumes independent approximately normal block scores; bootstrap descriptive; no simultaneous CI correction,1.0,1.0,False,False,1.0,1.0
test_01369,results/final_project/predictions.parquet,ridge_light,structure_macro_prices_wages,public_origins_jun_sep,24192,2016,6,2,3,"1,2,3",702.6773517913321,706.9075123895138,-4.230160598181783,0.598403684222119,-5.25800718807543,-3.282563040584934,-8.983359287481878,0.7721260761944352,-16.270529172749615,7.810207976386159,-10.74778830935048,1.78942337563458,0.5,0.21875,0.5,exploratory; insufficient time blocks,False,exploratory; cluster-t assumes independent approximately normal block scores; bootstrap descriptive; no simultaneous CI correction,1.0,1.0,False,False,1.0,1.0
test_01370,results/final_project/predictions.parquet,ridge_light,structure_macro_prices_wages,later_origins,6048,2016,2,1,3,"1,2",834.998885525324,854.4252596682737,-19.42637414294973,2.2736188944708773,,,,,,,-36.005081835900825,-3.699513141451744,,0.5,,exploratory; insufficient time blocks,False,exploratory; cluster-t assumes independent approximately normal block scores; bootstrap descriptive; no simultaneous CI correction,,1.0,False,False,,1.0
test_01371,results/final_project/predictions.parquet,ridge_light,structure_macro_prices_wages,targets_jun_sep,24192,2016,4,2,3,"1,2,3",837.14822227956,843.3737934521972,-6.225571172637274,0.7381746054918342,,,-11.49021407631703,-1.1275675395151612,-49.61070871517848,37.159566369904255,-13.690082765441607,0.1783386656413599,1.0,0.25,0.5,exploratory; insufficient time blocks,False,exploratory; cluster-t assumes independent approximately normal block scores; bootstrap descriptive; no simultaneous CI correction,1.0,1.0,False,False,1.0,1.0
test_01372,results/final_project/predictions.parquet,ridge_light,structure_macro_prices_wages,targets_oct_nov,12096,2016,2,1,3,"1,2,3",700.4208159566106,707.832443374797,-7.411627418186413,1.0470878366141745,,,,,,,-15.275380280834996,-0.1717238005317736,,0.5,,exploratory; insufficient time blocks,False,exploratory; cluster-t assumes independent approximately normal block scores; bootstrap descriptive; no simultaneous CI correction,,1.0,False,False,,1.0
test_01373,results/final_project/predictions.parquet,ridge_light,structure_macro_prices_wages,targets_dec,6048,2016,1,1,3,"1,2,3",908.8079214337012,923.7665570518352,-14.95863561813394,1.619309067203498,,,,,,,-30.40676783471216,-0.5543847987897105,,,,exploratory; insufficient time blocks,False,exploratory; cluster-t assumes independent approximately normal block scores; bootstrap descriptive; no simultaneous CI correction,,,False,False,,
test_01374,results/final_project/predictions.parquet,ridge_light,structure_macro_prices_wages,targets_jan_may,12096,2016,3,1,3,"1,2,3",1581.285340278096,1599.3250272320174,-18.039686953921542,1.1279562719745078,,,-37.691578261761286,12.58698027259756,,,-32.67744759699736,-3.973060320688846,,0.5,,exploratory; insufficient time blocks,False,exploratory; cluster-t assumes independent approximately normal block scores; bootstrap descriptive; no simultaneous CI correction,,1.0,False,False,,1.0
test_01375,results/final_project/predictions.parquet,ridge_light,structure_macro_prices_wages,all_available,54432,2016,10,4,3,"1,2,3",980.0903470023728,990.175185786028,-10.084838783655414,1.0184903569008137,-16.365512087967993,-5.038680751082215,-16.113742131974508,-4.729210334445937,-19.71722337502161,-0.4524541922891103,-18.24953638295469,-2.179774291137464,0.125,0.01171875,0.125,exploratory; insufficient time blocks,False,exploratory; cluster-t assumes independent approximately normal block scores; bootstrap descriptive; no simultaneous CI correction,1.0,1.0,False,False,1.0,1.0
test_01376,results/final_project/predictions.parquet,seasonal_blend,structure_macro_prices_wages,public_origins_jun_sep,24192,2016,6,2,3,"1,2,3",765.800069694446,706.9075123895138,58.89255730493221,-8.331013077773287,51.29351498188068,74.72424590119297,21.505433889735592,93.09792184155492,-37.66243025257469,155.44754486243937,28.11302912871828,86.1816391529032,0.5,0.0625,0.5,exploratory; insufficient time blocks,False,exploratory; cluster-t assumes independent approximately normal block scores; bootstrap descriptive; no simultaneous CI correction,1.0,1.0,False,False,1.0,1.0
test_01377,results/final_project/predictions.parquet,seasonal_blend,structure_macro_prices_wages,later_origins,6048,2016,2,1,3,"1,2",828.4692173604678,854.4252596682737,-25.956042307805888,3.0378364888092366,,,,,,,-69.36353706175157,16.393868302520968,,1.0,,exploratory; insufficient time blocks,False,exploratory; cluster-t assumes independent approximately normal block scores; bootstrap descriptive; no simultaneous CI correction,,1.0,False,False,,1.0
test_01378,results/final_project/predictions.parquet,seasonal_blend,structure_macro_prices_wages,targets_jun_sep,24192,2016,4,2,3,"1,2,3",871.0703717796662,843.3737934521972,27.69657832746896,-3.2840216926942976,,,-46.55283465268663,92.0030118243764,-497.75273608571496,553.1458927406529,-17.537420516475272,62.37783054380894,0.5,0.5,0.5,exploratory; insufficient time blocks,False,exploratory; cluster-t assumes independent approximately normal block scores; bootstrap descriptive; no simultaneous CI correction,1.0,1.0,False,False,1.0,1.0
test_01379,results/final_project/predictions.parquet,seasonal_blend,structure_macro_prices_wages,targets_oct_nov,12096,2016,2,1,3,"1,2,3",763.762343949016,707.832443374797,55.929900574219005,-7.901573472325873,,,,,,,24.05386602718267,81.78579906969952,,0.5,,exploratory; insufficient time blocks,False,exploratory; cluster-t assumes independent approximately normal block scores; bootstrap descriptive; no simultaneous CI correction,,1.0,False,False,,1.0
test_01380,results/final_project/predictions.parquet,seasonal_blend,structure_macro_prices_wages,targets_dec,6048,2016,1,1,3,"1,2,3",888.5377435593523,923.7665570518352,-35.2288134924828,3.813605637003593,,,,,,,-88.76982929161349,16.65679861223871,,,,exploratory; insufficient time blocks,False,exploratory; cluster-t assumes independent approximately normal block scores; bootstrap descriptive; no simultaneous CI correction,,,False,False,,
test_01381,results/final_project/predictions.parquet,seasonal_blend,structure_macro_prices_wages,targets_jan_may,12096,2016,3,1,3,"1,2,3",1453.5714543483568,1599.3250272320174,-145.75357288366058,9.113442883834509,,,-254.69714098347188,-31.773984257058515,,,-252.08514737133427,-46.06927356544558,,0.25,,exploratory; insufficient time blocks,False,exploratory; cluster-t assumes independent approximately normal block scores; bootstrap descriptive; no simultaneous CI correction,,1.0,False,False,,1.0
test_01382,results/final_project/predictions.parquet,seasonal_blend,structure_macro_prices_wages,all_available,54432,2016,10,4,3,"1,2,3",978.6096474747512,990.175185786028,-11.565538311276782,1.168029504000925,-100.356002971426,59.601448934254414,-75.36365391480562,43.6728668835641,-164.25576856884993,141.12469194629642,-42.60503360248127,18.426205767987543,0.75,0.7265625,0.125,exploratory; insufficient time blocks,False,exploratory; cluster-t assumes independent approximately normal block scores; bootstrap descriptive; no simultaneous CI correction,1.0,1.0,False,False,1.0,1.0
test_01383,results/tabpfn35_pilot/predictions.parquet,tabpfn35_pilot,ridge_same_training_sample,public_origins_jun_sep,192,64,3,1,3,"1,2,3",1159.4199092959093,1191.78873897447,-32.36882967856059,2.7159872064585757,,,-108.57364193585124,81.54310760863899,,,-211.7844719058149,169.31043387664133,,0.75,,exploratory; insufficient time blocks,False,exploratory; cluster-t assumes independent approximately normal block scores; bootstrap descriptive; no simultaneous CI correction,,1.0,False,False,,1.0
test_01384,results/tabpfn35_pilot/predictions.parquet,tabpfn35_pilot,ridge_same_training_sample,targets_jun_sep,256,64,4,2,3,"1,2,3",1158.117170319927,1371.8408769876755,-213.7237066677485,15.57933651438122,,,-320.9795550939152,-106.46785824158164,-881.7528319340349,454.30541859853815,-370.7293976640197,-45.85279104711511,0.5,0.125,0.5,exploratory; insufficient time blocks,False,exploratory; cluster-t assumes independent approximately normal block scores; bootstrap descriptive; no simultaneous CI correction,1.0,1.0,False,False,1.0,1.0
test_01385,results/tabpfn35_pilot/predictions.parquet,tabpfn35_pilot,ridge_same_training_sample,targets_oct_nov,128,64,2,1,3,"2,3",1317.8982154017572,1312.1646389516725,5.733576450084684,-0.4369555679129875,,,,,,,-187.4096560874478,207.9003688550517,,1.0,,exploratory; insufficient time blocks,False,exploratory; cluster-t assumes independent approximately normal block scores; bootstrap descriptive; no simultaneous CI correction,,1.0,False,False,,1.0
test_01386,results/tabpfn35_pilot/predictions.parquet,tabpfn35_pilot,ridge_same_training_sample,all_available,384,64,6,2,3,"1,2,3",1211.3775186805372,1351.948797642341,-140.57127896180418,10.397677723220433,-248.77372824504744,-32.36882967856062,-263.8552697998889,-30.96497388238089,-1515.4137525381052,1234.2711946144973,-248.2493480028021,-27.444668895835168,0.5,0.09375,0.5,exploratory; insufficient time blocks,False,exploratory; cluster-t assumes independent approximately normal block scores; bootstrap descriptive; no simultaneous CI correction,1.0,1.0,False,False,1.0,1.0
test_01387,results/tabpfn35_panel_pilot/predictions.parquet,tabpfn35_pilot,ridge_same_training_sample,public_origins_jun_sep,768,256,3,1,3,"1,2,3",962.6430526800164,990.2529032960412,-27.609850616024687,2.7881615417764225,,,-54.215741882686125,19.154183584718005,,,-95.53637338138952,39.87442975595681,,0.5,,exploratory; insufficient time blocks,False,exploratory; cluster-t assumes independent approximately normal block scores; bootstrap descriptive; no simultaneous CI correction,,1.0,False,False,,1.0
test_01388,results/tabpfn35_panel_pilot/predictions.parquet,tabpfn35_pilot,ridge_same_training_sample,targets_jun_sep,1024,256,4,2,3,"1,2,3",1034.692418829315,1126.3963171066353,-91.70389827732016,8.141352815577308,,,-132.4886634058834,-50.91913314875739,-370.8331986495013,187.42540209486052,-129.65115101919682,-53.212822757239095,0.5,0.125,0.5,exploratory; insufficient time blocks,False,exploratory; cluster-t assumes independent approximately normal block scores; bootstrap descriptive; no simultaneous CI correction,1.0,1.0,False,False,1.0,1.0
test_01389,results/tabpfn35_panel_pilot/predictions.parquet,tabpfn35_pilot,ridge_same_training_sample,targets_oct_nov,512,256,2,1,3,"2,3",1053.3263766374057,1070.8571557863895,-17.53077914898404,1.6370791430263372,,,,,,,-89.11543445374835,53.97261174251104,,1.0,,exploratory; insufficient time blocks,False,exploratory; cluster-t assumes independent approximately normal block scores; bootstrap descriptive; no simultaneous CI correction,,1.0,False,False,,1.0
test_01390,results/tabpfn35_panel_pilot/predictions.parquet,tabpfn35_pilot,ridge_same_training_sample,all_available,1536,256,6,2,3,"1,2,3",1040.9037380986786,1107.8832633332202,-66.9795252345416,6.0457204699549685,-106.34919985305856,-27.5613609042656,-110.22866343714342,-27.02459719432947,-567.218671344132,433.2596208750488,-104.92124548167408,-30.314612485953663,0.5,0.0625,0.5,exploratory; insufficient time blocks,False,exploratory; cluster-t assumes independent approximately normal block scores; bootstrap descriptive; no simultaneous CI correction,1.0,1.0,False,False,1.0,1.0
test_01391,results/prophet_smoke/predictions.parquet,prophet_monthly,seasonal_naive,targets_jun_sep,24,8,3,1,3,"1,2,3",1002.761501084532,4454.458333333333,-3451.696832248801,77.48858725244486,,,-4056.793627655518,-2543.1133690361635,,,,,,0.25,,exploratory; insufficient time blocks,False,exploratory; cluster-t assumes independent approximately normal block scores; bootstrap descriptive; no simultaneous CI correction,,1.0,False,False,,1.0
test_01392,results/prophet_smoke/predictions.parquet,prophet_monthly,seasonal_naive,all_available,24,8,3,1,3,"1,2,3",1002.761501084532,4454.458333333333,-3451.696832248801,77.48858725244486,,,-4056.793627655518,-2543.1133690361635,,,,,,0.25,,exploratory; insufficient time blocks,False,exploratory; cluster-t assumes independent approximately normal block scores; bootstrap descriptive; no simultaneous CI correction,,1.0,False,False,,1.0
test_01393,results/prophet_smoke/predictions.parquet,prophet_monthly,seasonal_naive,targets_oct_nov/h6,8,8,1,1,6,6,3000.8768538944773,3637.125,-636.2481461055227,17.49316138723642,,,,,,,,,,,,exploratory; insufficient time blocks,False,exploratory; cluster-t assumes independent approximately normal block scores; bootstrap descriptive; no simultaneous CI correction,,,False,False,,
test_01394,results/prophet_smoke/predictions.parquet,prophet_monthly,seasonal_naive,all_available/h6,8,8,1,1,6,6,3000.8768538944773,3637.125,-636.2481461055227,17.49316138723642,,,,,,,,,,,,exploratory; insufficient time blocks,False,exploratory; cluster-t assumes independent approximately normal block scores; bootstrap descriptive; no simultaneous CI correction,,,False,False,,
test_01395,results/chronos_cross/predictions.parquet,chronos2_small_cross,ridge_seasonal_ensemble,public_origins_jun_sep,24192,2016,6,2,3,"1,2,3",1649.8475422531208,818.089793804466,831.7577484486548,-101.67071570232248,312.7984305385669,1085.6342799660208,267.41700522350817,2167.077592848119,-2394.0494387862536,4057.564935683564,748.0191818831487,920.1238088453704,0.5,0.03125,0.5,exploratory; insufficient time blocks,False,exploratory; cluster-t assumes independent approximately normal block scores; bootstrap descriptive; no simultaneous CI correction,1.0,1.0,False,False,1.0,1.0
test_01396,results/chronos_cross/predictions.parquet,chronos2_small_cross,ridge_seasonal_ensemble,later_origins,6048,2016,2,1,3,"1,2",4056.508957312851,899.3242339958058,3157.1847233170456,-351.0618978084572,,,,,,,2773.877000060522,3562.6498728784986,,1.0,,exploratory; insufficient time blocks,False,exploratory; cluster-t assumes independent approximately normal block scores; bootstrap descriptive; no simultaneous CI correction,,1.0,False,False,,1.0
test_01397,results/chronos_cross/predictions.parquet,chronos2_small_cross,ridge_seasonal_ensemble,targets_jun_sep,24192,2016,4,2,3,"1,2,3",1863.7130732056955,950.6647588420032,913.0483143636924,-96.04314306084817,,,664.1689851086524,1108.945303918583,-1361.2167111563406,3187.3133398837253,760.8017501587889,1088.866735053576,0.5,0.125,0.5,exploratory; insufficient time blocks,False,exploratory; cluster-t assumes independent approximately normal block scores; bootstrap descriptive; no simultaneous CI correction,1.0,1.0,False,False,1.0,1.0
test_01398,results/chronos_cross/predictions.parquet,chronos2_small_cross,ridge_seasonal_ensemble,targets_oct_nov,12096,2016,2,1,3,"1,2,3",891.9483979240297,792.1686357592141,99.77976216481557,-12.595772877221613,,,,,,,61.30366728025512,142.6804399021212,,0.5,,exploratory; insufficient time blocks,False,exploratory; cluster-t assumes independent approximately normal block scores; bootstrap descriptive; no simultaneous CI correction,,1.0,False,False,,1.0
test_01399,results/chronos_cross/predictions.parquet,chronos2_small_cross,ridge_seasonal_ensemble,targets_dec,6048,2016,1,1,3,"1,2,3",6028.197446792845,899.3036878733885,5128.893758919457,-570.3183282888466,,,,,,,4489.563441112143,5827.682473394614,,,,exploratory; insufficient time blocks,False,exploratory; cluster-t assumes independent approximately normal block scores; bootstrap descriptive; no simultaneous CI correction,,,False,False,,
test_01400,results/chronos_cross/predictions.parquet,chronos2_small_cross,ridge_seasonal_ensemble,targets_jan_may,12096,2016,3,1,3,"1,2,3",2442.6391951142164,1268.157895192844,1174.4812999213725,-92.61317572310452,,,392.51362511398446,2702.366207347566,,,986.5376754733936,1370.0492373773009,,0.25,,exploratory; insufficient time blocks,False,exploratory; cluster-t assumes independent approximately normal block scores; bootstrap descriptive; no simultaneous CI correction,,1.0,False,False,,1.0
test_01401,results/chronos_cross/predictions.parquet,chronos2_small_cross,ridge_seasonal_ensemble,all_available,54432,2016,10,4,3,"1,2,3",2239.13610285468,980.2906427939464,1258.845460060733,-128.41553362917674,516.1454777736075,1430.5470815251433,541.9441661442818,2324.385151887224,-766.2661794604894,3283.957099581956,1129.3375262765817,1392.873117662907,0.125,0.001953125,0.125,exploratory; insufficient time blocks,False,exploratory; cluster-t assumes independent approximately normal block scores; bootstrap descriptive; no simultaneous CI correction,1.0,1.0,False,False,1.0,1.0
test_01402,results/chronos_cross/predictions.parquet,chronos2_small_cross,ridge_seasonal_ensemble,public_origins_jun_sep/h6,2016,2016,1,1,6,6,6846.785087464347,1795.5694689602276,5051.215618504119,-281.3155216672937,,,,,,,4484.930904625841,5667.5827443596845,,,,exploratory; insufficient time blocks,False,exploratory; cluster-t assumes independent approximately normal block scores; bootstrap descriptive; no simultaneous CI correction,,,False,False,,
test_01403,results/chronos_cross/predictions.parquet,chronos2_small_cross,ridge_seasonal_ensemble,targets_jun_sep/h6,4032,2016,2,1,6,6,3530.262101430741,1549.1696666992411,1981.0924347315004,-127.88092081305344,,,,,,,1725.0281283391762,2265.6183683044637,,0.5,,exploratory; insufficient time blocks,False,exploratory; cluster-t assumes independent approximately normal block scores; bootstrap descriptive; no simultaneous CI correction,,1.0,False,False,,1.0
test_01404,results/chronos_cross/predictions.parquet,chronos2_small_cross,ridge_seasonal_ensemble,targets_oct_nov/h6,4032,2016,2,1,6,6,2244.950958978562,1608.4929346401325,636.4580243384296,-39.56859309928048,,,,,,,407.7822396207931,854.5629829150694,,0.5,,exploratory; insufficient time blocks,False,exploratory; cluster-t assumes independent approximately normal block scores; bootstrap descriptive; no simultaneous CI correction,,1.0,False,False,,1.0
test_01405,results/chronos_cross/predictions.parquet,chronos2_small_cross,ridge_seasonal_ensemble,targets_dec/h6,2016,2016,1,1,6,6,6846.785087464347,1795.5694689602276,5051.215618504119,-281.3155216672937,,,,,,,4484.930904625841,5667.5827443596845,,,,exploratory; insufficient time blocks,False,exploratory; cluster-t assumes independent approximately normal block scores; bootstrap descriptive; no simultaneous CI correction,,,False,False,,
test_01406,results/chronos_cross/predictions.parquet,chronos2_small_cross,ridge_seasonal_ensemble,all_available/h6,10080,2016,5,1,6,6,3679.442241656591,1622.1789343277949,2057.263307328796,-126.8209852682678,,,540.5673848443922,3823.166344995072,,,1836.743471347412,2295.873946767887,,0.0625,,exploratory; insufficient time blocks,False,exploratory; cluster-t assumes independent approximately normal block scores; bootstrap descriptive; no simultaneous CI correction,,1.0,False,False,,1.0
test_01407,results/chronos_multivariate/predictions.parquet,chronos2_small_multivariate,ridge_seasonal_ensemble,public_origins_jun_sep,24192,2016,6,2,3,"1,2,3",1652.1497624715169,818.089793804466,834.0599686670508,-101.9521298252991,307.2618047218584,1074.1967452502574,269.0329501993161,2151.9658828627203,-2217.1670793460235,3885.287016680126,749.0170750650007,922.8009964979984,0.5,0.03125,0.5,exploratory; insufficient time blocks,False,exploratory; cluster-t assumes independent approximately normal block scores; bootstrap descriptive; no simultaneous CI correction,1.0,1.0,False,False,1.0,1.0
test_01408,results/chronos_multivariate/predictions.parquet,chronos2_small_multivariate,ridge_seasonal_ensemble,later_origins,6048,2016,2,1,3,"1,2",4051.229988542184,899.3242339958058,3151.905754546377,-350.4749049786061,,,,,,,2764.057411247889,3561.176583649553,,1.0,,exploratory; insufficient time blocks,False,exploratory; cluster-t assumes independent approximately normal block scores; bootstrap descriptive; no simultaneous CI correction,,1.0,False,False,,1.0
test_01409,results/chronos_multivariate/predictions.parquet,chronos2_small_multivariate,ridge_seasonal_ensemble,targets_jun_sep,24192,2016,4,2,3,"1,2,3",1876.7675593542676,950.6647588420032,926.102800512264,-97.41633860924246,,,665.0402156629807,1110.4570399053632,-1487.287573905612,3339.4931749301404,771.3899818284966,1107.4675059880474,0.5,0.125,0.5,exploratory; insufficient time blocks,False,exploratory; cluster-t assumes independent approximately normal block scores; bootstrap descriptive; no simultaneous CI correction,1.0,1.0,False,False,1.0,1.0
test_01410,results/chronos_multivariate/predictions.parquet,chronos2_small_multivariate,ridge_seasonal_ensemble,targets_oct_nov,12096,2016,2,1,3,"1,2,3",890.61108035133,792.1686357592141,98.44244459211586,-12.42695559358629,,,,,,,61.56334844656789,139.21605489824466,,0.5,,exploratory; insufficient time blocks,False,exploratory; cluster-t assumes independent approximately normal block scores; bootstrap descriptive; no simultaneous CI correction,,1.0,False,False,,1.0
test_01411,results/chronos_multivariate/predictions.parquet,chronos2_small_multivariate,ridge_seasonal_ensemble,targets_dec,6048,2016,1,1,3,"1,2,3",6002.718043736049,899.3036878733885,5103.414355862661,-567.4850914857099,,,,,,,4457.387897516084,5811.718124882219,,,,exploratory; insufficient time blocks,False,exploratory; cluster-t assumes independent approximately normal block scores; bootstrap descriptive; no simultaneous CI correction,,,False,False,,
test_01412,results/chronos_multivariate/predictions.parquet,chronos2_small_multivariate,ridge_seasonal_ensemble,targets_jan_may,12096,2016,3,1,3,"1,2,3",2411.7868930877203,1268.157895192844,1143.6289978948762,-90.18033182066566,,,372.7612844641829,2670.457295536585,,,951.465165120752,1344.6944867101463,,0.25,,exploratory; insufficient time blocks,False,exploratory; cluster-t assumes independent approximately normal block scores; bootstrap descriptive; no simultaneous CI correction,,1.0,False,False,,1.0
test_01413,results/chronos_multivariate/predictions.parquet,chronos2_small_multivariate,ridge_seasonal_ensemble,all_available,54432,2016,10,4,3,"1,2,3",2234.95380311458,980.2906427939464,1254.663160320633,-127.98889487965448,519.063481465427,1416.878582498293,539.2576437955763,2312.54477642562,-760.3650780258183,3269.691398667085,1122.023917675708,1390.7338635593003,0.125,0.001953125,0.125,exploratory; insufficient time blocks,False,exploratory; cluster-t assumes independent approximately normal block scores; bootstrap descriptive; no simultaneous CI correction,1.0,1.0,False,False,1.0,1.0
test_01414,results/chronos_multivariate/predictions.parquet,chronos2_small_multivariate,ridge_seasonal_ensemble,public_origins_jun_sep/h6,2016,2016,1,1,6,6,6786.915050203838,1795.5694689602276,4991.3455812436105,-277.9812013697238,,,,,,,4401.97933215507,5631.801868453037,,,,exploratory; insufficient time blocks,False,exploratory; cluster-t assumes independent approximately normal block scores; bootstrap descriptive; no simultaneous CI correction,,,False,False,,
test_01415,results/chronos_multivariate/predictions.parquet,chronos2_small_multivariate,ridge_seasonal_ensemble,targets_jun_sep/h6,4032,2016,2,1,6,6,3497.657751900809,1549.1696666992411,1948.488085201568,-125.77628694170988,,,,,,,1687.1615389910314,2239.9303457357864,,0.5,,exploratory; insufficient time blocks,False,exploratory; cluster-t assumes independent approximately normal block scores; bootstrap descriptive; no simultaneous CI correction,,1.0,False,False,,1.0
test_01416,results/chronos_multivariate/predictions.parquet,chronos2_small_multivariate,ridge_seasonal_ensemble,targets_oct_nov/h6,4032,2016,2,1,6,6,2227.511751205202,1608.4929346401325,619.0188165650695,-38.484397614314815,,,,,,,393.2589320335944,834.9458036363969,,0.5,,exploratory; insufficient time blocks,False,exploratory; cluster-t assumes independent approximately normal block scores; bootstrap descriptive; no simultaneous CI correction,,1.0,False,False,,1.0
test_01417,results/chronos_multivariate/predictions.parquet,chronos2_small_multivariate,ridge_seasonal_ensemble,targets_dec/h6,2016,2016,1,1,6,6,6786.915050203838,1795.5694689602276,4991.3455812436105,-277.9812013697238,,,,,,,4401.97933215507,5631.801868453037,,,,exploratory; insufficient time blocks,False,exploratory; cluster-t assumes independent approximately normal block scores; bootstrap descriptive; no simultaneous CI correction,,,False,False,,
test_01418,results/chronos_multivariate/predictions.parquet,chronos2_small_multivariate,ridge_seasonal_ensemble,all_available/h6,10080,2016,5,1,6,6,3647.450811283172,1622.1789343277949,2025.2718769553771,-124.8488581683264,,,522.0283692348933,3774.3772872311706,,,1795.8266387827632,2275.149205710424,,0.0625,,exploratory; insufficient time blocks,False,exploratory; cluster-t assumes independent approximately normal block scores; bootstrap descriptive; no simultaneous CI correction,,1.0,False,False,,1.0
test_01419,results/chronos_residual/predictions.parquet,chronos2_small_residual,ridge_seasonal_ensemble,public_origins_jun_sep,24192,2016,6,2,3,"1,2,3",951.3328594582744,818.089793804466,133.24306565380846,-16.287095458576918,90.74826252621298,175.73786878140385,51.86127665349648,234.30194563483715,-406.70460311979406,673.1907344274109,96.0339117517304,170.44933762457174,0.5,0.03125,0.5,exploratory; insufficient time blocks,False,exploratory; cluster-t assumes independent approximately normal block scores; bootstrap descriptive; no simultaneous CI correction,1.0,1.0,False,False,1.0,1.0
test_01420,results/chronos_residual/predictions.parquet,chronos2_small_residual,ridge_seasonal_ensemble,later_origins,6048,2016,2,1,3,"1,2",1082.7167114001804,899.3242339958058,183.39247740437463,-20.392253480098027,,,,,,,122.3687891634358,246.4719087412364,,1.0,,exploratory; insufficient time blocks,False,exploratory; cluster-t assumes independent approximately normal block scores; bootstrap descriptive; no simultaneous CI correction,,1.0,False,False,,1.0
test_01421,results/chronos_residual/predictions.parquet,chronos2_small_residual,ridge_seasonal_ensemble,targets_jun_sep,24192,2016,4,2,3,"1,2,3",1191.558303217349,950.6647588420032,240.89354437534573,-25.339483991052337,,,107.75192831433932,449.9556696657506,-775.6541126768726,1257.4412014275642,201.88947670203507,288.370411574379,0.5,0.125,0.5,exploratory; insufficient time blocks,False,exploratory; cluster-t assumes independent approximately normal block scores; bootstrap descriptive; no simultaneous CI correction,1.0,1.0,False,False,1.0,1.0
test_01422,results/chronos_residual/predictions.parquet,chronos2_small_residual,ridge_seasonal_ensemble,targets_oct_nov,12096,2016,2,1,3,"1,2,3",947.586383026559,792.1686357592141,155.4177472673449,-19.61927552438284,,,,,,,89.08981442350421,230.86456038159253,,1.0,,exploratory; insufficient time blocks,False,exploratory; cluster-t assumes independent approximately normal block scores; bootstrap descriptive; no simultaneous CI correction,,1.0,False,False,,1.0
test_01423,results/chronos_residual/predictions.parquet,chronos2_small_residual,ridge_seasonal_ensemble,targets_dec,6048,2016,1,1,3,"1,2,3",1123.336408305881,899.3036878733885,224.0327204324924,-24.91179825607849,,,,,,,142.33405099980644,307.1357842558377,,,,exploratory; insufficient time blocks,False,exploratory; cluster-t assumes independent approximately normal block scores; bootstrap descriptive; no simultaneous CI correction,,,False,False,,
test_01424,results/chronos_residual/predictions.parquet,chronos2_small_residual,ridge_seasonal_ensemble,targets_jan_may,12096,2016,3,1,3,"1,2,3",1522.615903869828,1268.157895192844,254.45800867698404,-20.065167724109745,,,111.58690736688528,306.6838032922184,,,60.112596646668976,463.5513034057788,,0.25,,exploratory; insufficient time blocks,False,exploratory; cluster-t assumes independent approximately normal block scores; bootstrap descriptive; no simultaneous CI correction,,1.0,False,False,,1.0
test_01425,results/chronos_residual/predictions.parquet,chronos2_small_residual,ridge_seasonal_ensemble,all_available,54432,2016,10,4,3,"1,2,3",1203.3304661075613,980.2906427939464,223.0398233136148,-22.75241786231116,163.95466543788007,310.43277313245073,130.31286605318533,327.3133672829122,77.81116255411231,368.2684840731173,156.68686501492925,291.8259851740686,0.125,0.00390625,0.125,exploratory; insufficient time blocks,False,exploratory; cluster-t assumes independent approximately normal block scores; bootstrap descriptive; no simultaneous CI correction,1.0,1.0,False,False,1.0,1.0
test_01426,results/chronos_residual/predictions.parquet,chronos2_small_residual,ridge_seasonal_ensemble,public_origins_jun_sep/h6,2016,2016,1,1,6,6,2054.7381190421256,1795.5694689602276,259.168650081898,-14.43378574664541,,,,,,,35.484272297021306,496.92167055302826,,,,exploratory; insufficient time blocks,False,exploratory; cluster-t assumes independent approximately normal block scores; bootstrap descriptive; no simultaneous CI correction,,,False,False,,
test_01427,results/chronos_residual/predictions.parquet,chronos2_small_residual,ridge_seasonal_ensemble,targets_jun_sep/h6,4032,2016,2,1,6,6,1651.3363465474777,1549.1696666992411,102.16667984823653,-6.594931597513093,,,,,,,-29.645312110481992,231.42387680220463,,1.0,,exploratory; insufficient time blocks,False,exploratory; cluster-t assumes independent approximately normal block scores; bootstrap descriptive; no simultaneous CI correction,,1.0,False,False,,1.0
test_01428,results/chronos_residual/predictions.parquet,chronos2_small_residual,ridge_seasonal_ensemble,targets_oct_nov/h6,4032,2016,2,1,6,6,1986.8451315976167,1608.4929346401325,378.3521969574847,-23.522154733128083,,,,,,,47.95661592012448,690.8821988641424,,1.0,,exploratory; insufficient time blocks,False,exploratory; cluster-t assumes independent approximately normal block scores; bootstrap descriptive; no simultaneous CI correction,,1.0,False,False,,1.0
test_01429,results/chronos_residual/predictions.parquet,chronos2_small_residual,ridge_seasonal_ensemble,targets_dec/h6,2016,2016,1,1,6,6,2054.7381190421256,1795.5694689602276,259.168650081898,-14.43378574664541,,,,,,,35.484272297021306,496.92167055302826,,,,exploratory; insufficient time blocks,False,exploratory; cluster-t assumes independent approximately normal block scores; bootstrap descriptive; no simultaneous CI correction,,,False,False,,
test_01430,results/chronos_residual/predictions.parquet,chronos2_small_residual,ridge_seasonal_ensemble,all_available/h6,10080,2016,5,1,6,6,1866.2202150664632,1622.1789343277949,244.04128073866832,-15.04404203348844,,,-61.216325411813735,550.4077003477253,,,79.03789170093754,410.9886072526008,,0.3125,,exploratory; insufficient time blocks,False,exploratory; cluster-t assumes independent approximately normal block scores; bootstrap descriptive; no simultaneous CI correction,,1.0,False,False,,1.0
test_01431,results/chronos_univariate/predictions.parquet,chronos2_small_univariate,ridge_seasonal_ensemble,public_origins_jun_sep,24192,2016,6,2,3,"1,2,3",1666.1230442915014,818.089793804466,848.0332504870354,-103.66016749131164,294.28974719767683,1081.6773430944568,275.719940960365,2181.1832242212145,-2120.696425640765,3816.762926614836,767.4319549628343,933.315163511685,0.5,0.03125,0.5,exploratory; insufficient time blocks,False,exploratory; cluster-t assumes independent approximately normal block scores; bootstrap descriptive; no simultaneous CI correction,1.0,1.0,False,False,1.0,1.0
test_01432,results/chronos_univariate/predictions.parquet,chronos2_small_univariate,ridge_seasonal_ensemble,later_origins,6048,2016,2,1,3,"1,2",4108.94053512654,899.3242339958058,3209.616301130733,-356.8920062200506,,,,,,,2835.885385495048,3598.206405269219,,1.0,,exploratory; insufficient time blocks,False,exploratory; cluster-t assumes independent approximately normal block scores; bootstrap descriptive; no simultaneous CI correction,,1.0,False,False,,1.0
test_01433,results/chronos_univariate/predictions.parquet,chronos2_small_univariate,ridge_seasonal_ensemble,targets_jun_sep,24192,2016,4,2,3,"1,2,3",1927.503065401915,950.6647588420032,976.8383065599116,-102.7531837563633,,,646.6186980335086,1193.1298561062251,-2084.401255252419,4038.077868372242,816.0924793514292,1166.210573672843,0.5,0.125,0.5,exploratory; insufficient time blocks,False,exploratory; cluster-t assumes independent approximately normal block scores; bootstrap descriptive; no simultaneous CI correction,1.0,1.0,False,False,1.0,1.0
test_01434,results/chronos_univariate/predictions.parquet,chronos2_small_univariate,ridge_seasonal_ensemble,targets_oct_nov,12096,2016,2,1,3,"1,2,3",902.397202991304,792.1686357592141,110.22856723208986,-13.91478559693882,,,,,,,74.28949555442533,149.6029218304368,,0.5,,exploratory; insufficient time blocks,False,exploratory; cluster-t assumes independent approximately normal block scores; bootstrap descriptive; no simultaneous CI correction,,1.0,False,False,,1.0
test_01435,results/chronos_univariate/predictions.parquet,chronos2_small_univariate,ridge_seasonal_ensemble,targets_dec,6048,2016,1,1,3,"1,2,3",6051.817540728856,899.3036878733885,5152.513852855468,-572.9448152314129,,,,,,,4536.096990485822,5825.355973977418,,,,exploratory; insufficient time blocks,False,exploratory; cluster-t assumes independent approximately normal block scores; bootstrap descriptive; no simultaneous CI correction,,,False,False,,
test_01436,results/chronos_univariate/predictions.parquet,chronos2_small_univariate,ridge_seasonal_ensemble,targets_jan_may,12096,2016,3,1,3,"1,2,3",2458.2682721980664,1268.157895192844,1190.1103770052223,-93.8455993150795,,,448.6995224567269,2671.865168781098,,,985.8498394809895,1402.1757024448066,,0.25,,exploratory; insufficient time blocks,False,exploratory; cluster-t assumes independent approximately normal block scores; bootstrap descriptive; no simultaneous CI correction,,1.0,False,False,,1.0
test_01437,results/chronos_univariate/predictions.parquet,chronos2_small_univariate,ridge_seasonal_ensemble,all_available,54432,2016,10,4,3,"1,2,3",2275.9067503016954,980.2906427939464,1295.616107507749,-132.1665280630535,533.824499425264,1459.9943723392555,564.7720078989036,2360.413636671121,-754.2006969041083,3345.432911919605,1160.8390906845,1434.2355970209371,0.125,0.001953125,0.125,exploratory; insufficient time blocks,False,exploratory; cluster-t assumes independent approximately normal block scores; bootstrap descriptive; no simultaneous CI correction,1.0,1.0,False,False,1.0,1.0
test_01438,results/chronos_univariate/predictions.parquet,chronos2_small_univariate,ridge_seasonal_ensemble,public_origins_jun_sep/h6,2016,2016,1,1,6,6,6750.718485029917,1795.5694689602276,4955.149016069689,-275.96531917749195,,,,,,,4382.254632720107,5581.128108171608,,,,exploratory; insufficient time blocks,False,exploratory; cluster-t assumes independent approximately normal block scores; bootstrap descriptive; no simultaneous CI correction,,,False,False,,
test_01439,results/chronos_univariate/predictions.parquet,chronos2_small_univariate,ridge_seasonal_ensemble,targets_jun_sep/h6,4032,2016,2,1,6,6,3508.9774564712766,1549.1696666992411,1959.8077897720357,-126.50698189487056,,,,,,,1685.4775229625209,2267.261994571217,,0.5,,exploratory; insufficient time blocks,False,exploratory; cluster-t assumes independent approximately normal block scores; bootstrap descriptive; no simultaneous CI correction,,1.0,False,False,,1.0
test_01440,results/chronos_univariate/predictions.parquet,chronos2_small_univariate,ridge_seasonal_ensemble,targets_oct_nov/h6,4032,2016,2,1,6,6,2248.1075671968006,1608.4929346401325,639.6146325566681,-39.764839420930926,,,,,,,394.0875832729342,871.9799311363655,,0.5,,exploratory; insufficient time blocks,False,exploratory; cluster-t assumes independent approximately normal block scores; bootstrap descriptive; no simultaneous CI correction,,1.0,False,False,,1.0
test_01441,results/chronos_univariate/predictions.parquet,chronos2_small_univariate,ridge_seasonal_ensemble,targets_dec/h6,2016,2016,1,1,6,6,6750.718485029917,1795.5694689602276,4955.149016069689,-275.96531917749195,,,,,,,4382.254632720107,5581.128108171608,,,,exploratory; insufficient time blocks,False,exploratory; cluster-t assumes independent approximately normal block scores; bootstrap descriptive; no simultaneous CI correction,,,False,False,,
test_01442,results/chronos_univariate/predictions.parquet,chronos2_small_univariate,ridge_seasonal_ensemble,all_available/h6,10080,2016,5,1,6,6,3652.9777064732143,1622.1789343277949,2030.7987721454197,-125.18956627845436,,,552.6487165152441,3758.599239736131,,,1796.432588696618,2283.4474089753976,,0.0625,,exploratory; insufficient time blocks,False,exploratory; cluster-t assumes independent approximately normal block scores; bootstrap descriptive; no simultaneous CI correction,,1.0,False,False,,1.0
test_01443,results/chronos_smoke/predictions.parquet,chronos2_small_multivariate,ridge_seasonal_ensemble,targets_jun_sep,24,8,3,1,3,"1,2,3",2023.0040690104167,705.9513949319945,1317.052674078422,-186.5642144110072,,,718.4021029401965,2405.1757152548557,,,,,,0.25,,exploratory; insufficient time blocks,False,exploratory; cluster-t assumes independent approximately normal block scores; bootstrap descriptive; no simultaneous CI correction,,1.0,False,False,,1.0
test_01444,results/chronos_smoke/predictions.parquet,chronos2_small_multivariate,ridge_seasonal_ensemble,all_available,24,8,3,1,3,"1,2,3",2023.0040690104167,705.9513949319945,1317.052674078422,-186.5642144110072,,,718.4021029401965,2405.1757152548557,,,,,,0.25,,exploratory; insufficient time blocks,False,exploratory; cluster-t assumes independent approximately normal block scores; bootstrap descriptive; no simultaneous CI correction,,1.0,False,False,,1.0
test_01445,results/chronos_smoke/predictions.parquet,chronos2_small_multivariate,ridge_seasonal_ensemble,targets_oct_nov/h6,8,8,1,1,6,6,2715.485107421875,1431.5293232104837,1283.9557842113911,-89.69119691742465,,,,,,,,,,,,exploratory; insufficient time blocks,False,exploratory; cluster-t assumes independent approximately normal block scores; bootstrap descriptive; no simultaneous CI correction,,,False,False,,
test_01446,results/chronos_smoke/predictions.parquet,chronos2_small_multivariate,ridge_seasonal_ensemble,all_available/h6,8,8,1,1,6,6,2715.485107421875,1431.5293232104837,1283.9557842113911,-89.69119691742465,,,,,,,,,,,,exploratory; insufficient time blocks,False,exploratory; cluster-t assumes independent approximately normal block scores; bootstrap descriptive; no simultaneous CI correction,,,False,False,,
test_01447,results/combined_sources/predictions.parquet,regional_prices,anchor,public_origins_jun_sep,24192,2016,6,2,3,"1,2,3",719.19759408906,719.4868084357182,-0.2892143466582411,0.0401973105368033,-0.2917496768538055,-0.043410669110247,-0.7744886384217592,0.1145149621028501,-0.3214287711969463,-0.2569999221196373,-0.3875790690789354,-0.1885722115425323,0.5,0.1875,0.5,exploratory; insufficient time blocks,False,exploratory; cluster-t assumes independent approximately normal block scores; bootstrap descriptive; no simultaneous CI correction,1.0,1.0,False,False,1.0,1.0
test_01448,results/combined_sources/predictions.parquet,regional_prices,anchor,later_origins,6048,2016,2,1,3,"1,2",853.1993887316041,853.5098243065104,-0.3104355749062506,0.0363716463555043,,,,,,,-0.5583923918394694,-0.1256188974401081,,0.5,,exploratory; insufficient time blocks,False,exploratory; cluster-t assumes independent approximately normal block scores; bootstrap descriptive; no simultaneous CI correction,,1.0,False,False,,1.0
test_01449,results/combined_sources/predictions.parquet,regional_prices,anchor,targets_jun_sep,24192,2016,4,2,3,"1,2,3",851.4306798062644,851.5168569694629,-0.0861771631984993,0.0101204295009734,,,-0.3005261638893464,0.1869309779661785,-1.906004566942368,1.73365024054499,-0.1757411171707944,-0.0030435267233375,1.0,0.625,0.5,exploratory; insufficient time blocks,False,exploratory; cluster-t assumes independent approximately normal block scores; bootstrap descriptive; no simultaneous CI correction,1.0,1.0,False,False,1.0,1.0
test_01450,results/combined_sources/predictions.parquet,regional_prices,anchor,targets_oct_nov,12096,2016,2,1,3,"1,2,3",710.6465902134278,710.7308372159143,-0.0842470024865633,0.0118535735436184,,,,,,,-0.2090407644297627,0.022600533145588,,1.0,,exploratory; insufficient time blocks,False,exploratory; cluster-t assumes independent approximately normal block scores; bootstrap descriptive; no simultaneous CI correction,,1.0,False,False,,1.0
test_01451,results/combined_sources/predictions.parquet,regional_prices,anchor,targets_dec,6048,2016,1,1,3,"1,2,3",931.6038410049416,932.3191406078004,-0.7152996028587495,0.0767226126444673,,,,,,,-1.0507121050429662,-0.4340140467262928,,,,exploratory; insufficient time blocks,False,exploratory; cluster-t assumes independent approximately normal block scores; bootstrap descriptive; no simultaneous CI correction,,,False,False,,
test_01452,results/combined_sources/predictions.parquet,regional_prices,anchor,targets_jan_may,12096,2016,3,1,3,"1,2,3",1582.539234367293,1582.2554163674506,0.2838179998423129,-0.0179375590632455,,,0.1270029598697943,0.3175560043737993,,,0.2283857927149828,0.3389972009849556,,0.25,,exploratory; insufficient time blocks,False,exploratory; cluster-t assumes independent approximately normal block scores; bootstrap descriptive; no simultaneous CI correction,,1.0,False,False,,1.0
test_01453,results/combined_sources/predictions.parquet,regional_prices,anchor,all_available,54432,2016,10,4,3,"1,2,3",991.5220232657156,991.5954528502648,-0.0734295845489896,0.007405195771917,-0.211735745247019,0.2470604104262797,-0.3274446970932399,0.1778448366620635,-0.4991359897818619,0.3522768206835587,-0.1334966177860957,-0.0142308183156045,0.75,0.603515625,0.125,exploratory; insufficient time blocks,False,exploratory; cluster-t assumes independent approximately normal block scores; bootstrap descriptive; no simultaneous CI correction,1.0,1.0,False,False,1.0,1.0
test_01454,results/combined_sources/predictions.parquet,regional_prices_wages,anchor,public_origins_jun_sep,24192,2016,6,2,3,"1,2,3",719.8457824296023,719.4868084357182,0.3589739938840921,-0.0498930612313185,-0.674199145801408,1.0670188369783444,-0.591061145704356,2.1414567560676705,-8.637588745046799,9.355536732814926,-0.2144469690056649,0.9364371868623864,1.0,0.65625,0.5,exploratory; insufficient time blocks,False,exploratory; cluster-t assumes independent approximately normal block scores; bootstrap descriptive; no simultaneous CI correction,1.0,1.0,False,False,1.0,1.0
test_01455,results/combined_sources/predictions.parquet,regional_prices_wages,anchor,later_origins,6048,2016,2,1,3,"1,2",856.0012616091633,853.5098243065104,2.491437302652912,-0.2919049355614907,,,,,,,1.1175477037536252,3.9985549339017727,,0.5,,exploratory; insufficient time blocks,False,exploratory; cluster-t assumes independent approximately normal block scores; bootstrap descriptive; no simultaneous CI correction,,1.0,False,False,,1.0
test_01456,results/combined_sources/predictions.parquet,regional_prices_wages,anchor,targets_jun_sep,24192,2016,4,2,3,"1,2,3",851.2536512680431,851.5168569694629,-0.2632057014197926,0.0309102161942557,,,-2.008918433726452,1.321998319223329,-3.562432919904129,3.0360215170644285,-0.6416483258255733,0.0574716517362559,0.5,0.75,0.5,exploratory; insufficient time blocks,False,exploratory; cluster-t assumes independent approximately normal block scores; bootstrap descriptive; no simultaneous CI correction,1.0,1.0,False,False,1.0,1.0
test_01457,results/combined_sources/predictions.parquet,regional_prices_wages,anchor,targets_oct_nov,12096,2016,2,1,3,"1,2,3",710.616318104653,710.7308372159143,-0.1145191112613019,0.0161128665402922,,,,,,,-0.7185001160958363,0.5026923850991675,,1.0,,exploratory; insufficient time blocks,False,exploratory; cluster-t assumes independent approximately normal block scores; bootstrap descriptive; no simultaneous CI correction,,1.0,False,False,,1.0
test_01458,results/combined_sources/predictions.parquet,regional_prices_wages,anchor,targets_dec,6048,2016,1,1,3,"1,2,3",934.3414744345556,932.3191406078004,2.022333826755016,-0.2169143310129415,,,,,,,0.4206360766175514,3.716639534584416,,,,exploratory; insufficient time blocks,False,exploratory; cluster-t assumes independent approximately normal block scores; bootstrap descriptive; no simultaneous CI correction,,,False,False,,
test_01459,results/combined_sources/predictions.parquet,regional_prices_wages,anchor,targets_jan_may,12096,2016,3,1,3,"1,2,3",1590.342366355202,1582.2554163674506,8.086949987751495,-0.5111026894960836,,,1.2876749044231257,18.932930532611945,,,5.880882795033244,11.417727419173843,,0.25,,exploratory; insufficient time blocks,False,exploratory; cluster-t assumes independent approximately normal block scores; bootstrap descriptive; no simultaneous CI correction,,1.0,False,False,,1.0
test_01460,results/combined_sources/predictions.parquet,regional_prices_wages,anchor,all_available,54432,2016,10,4,3,"1,2,3",993.4748276029376,991.5954528502648,1.879374752673016,-0.189530392386421,-0.2614698162398721,4.664614505085892,-0.2770096172502759,5.442397643029373,-4.356976771625878,8.115726276971706,1.2368356941019392,2.5942835794677985,0.5,0.201171875,0.125,exploratory; insufficient time blocks,False,exploratory; cluster-t assumes independent approximately normal block scores; bootstrap descriptive; no simultaneous CI correction,1.0,1.0,False,False,1.0,1.0
test_01461,results/combined_sources/predictions.parquet,regional_wages,anchor,public_origins_jun_sep,24192,2016,6,2,3,"1,2,3",720.1613471664543,719.4868084357182,0.674538730736117,-0.0937527586089694,-0.4872376973193055,1.4097402664086047,-0.3564003548310374,2.5648728180516054,-8.667082504058735,10.016159965530834,0.0770786581410066,1.2779415445928533,1.0,0.4375,0.5,exploratory; insufficient time blocks,False,exploratory; cluster-t assumes independent approximately normal block scores; bootstrap descriptive; no simultaneous CI correction,1.0,1.0,False,False,1.0,1.0
test_01462,results/combined_sources/predictions.parquet,regional_wages,anchor,later_origins,6048,2016,2,1,3,"1,2",856.3511631390072,853.5098243065104,2.841338832496831,-0.3329005421590151,,,,,,,1.5572665549429252,4.260407627762136,,0.5,,exploratory; insufficient time blocks,False,exploratory; cluster-t assumes independent approximately normal block scores; bootstrap descriptive; no simultaneous CI correction,,1.0,False,False,,1.0
test_01463,results/combined_sources/predictions.parquet,regional_wages,anchor,targets_jun_sep,24192,2016,4,2,3,"1,2,3",851.3572659447772,851.5168569694629,-0.1595910246857101,0.0187419689204618,,,-2.2056225170686443,1.4897040944987134,-1.456831318718802,1.137649269347032,-0.594885339195055,0.2482452311397924,0.5,0.875,0.5,exploratory; insufficient time blocks,False,exploratory; cluster-t assumes independent approximately normal block scores; bootstrap descriptive; no simultaneous CI correction,1.0,1.0,False,False,1.0,1.0
test_01464,results/combined_sources/predictions.parquet,regional_wages,anchor,targets_oct_nov,12096,2016,2,1,3,"1,2,3",710.7071336534556,710.7308372159143,-0.0237035624587633,0.003335096947758,,,,,,,-0.6198042729532701,0.6173579773368946,,1.0,,exploratory; insufficient time blocks,False,exploratory; cluster-t assumes independent approximately normal block scores; bootstrap descriptive; no simultaneous CI correction,,1.0,False,False,,1.0
test_01465,results/combined_sources/predictions.parquet,regional_wages,anchor,targets_dec,6048,2016,1,1,3,"1,2,3",935.0865609553416,932.3191406078004,2.767420347541133,-0.2968318708695595,,,,,,,1.29897727887183,4.401498974741058,,,,exploratory; insufficient time blocks,False,exploratory; cluster-t assumes independent approximately normal block scores; bootstrap descriptive; no simultaneous CI correction,,,False,False,,
test_01466,results/combined_sources/predictions.parquet,regional_wages,anchor,targets_jan_may,12096,2016,3,1,3,"1,2,3",1590.1300418226228,1582.2554163674506,7.874625455172236,-0.4976835834287006,,,1.0212589705118105,18.744357636386628,,,5.685966869965833,11.188389097909043,,0.25,,exploratory; insufficient time blocks,False,exploratory; cluster-t assumes independent approximately normal block scores; bootstrap descriptive; no simultaneous CI correction,,1.0,False,False,,1.0
test_01467,results/combined_sources/predictions.parquet,regional_wages,anchor,all_available,54432,2016,10,4,3,"1,2,3",993.5766639651788,991.5954528502648,1.981211114914004,-0.1998003428937844,-0.1755724312794661,4.558565981143376,-0.2386408681123232,5.5221560968458565,-4.055640021190527,8.018062251018305,1.2948119596837595,2.7516808079475377,0.5,0.185546875,0.125,exploratory; insufficient time blocks,False,exploratory; cluster-t assumes independent approximately normal block scores; bootstrap descriptive; no simultaneous CI correction,1.0,1.0,False,False,1.0,1.0
test_01468,results/combined_sources/predictions.parquet,structure_macro,anchor,public_origins_jun_sep,24192,2016,6,2,3,"1,2,3",707.7773339319757,719.4868084357182,-11.709474503742513,1.627475912894195,-16.447687977402374,-4.687949795268752,-25.33125437188464,3.047293944396316,-71.91418498498624,48.49523597750128,-15.16548092215262,-8.456640378654384,0.5,0.1875,0.5,exploratory; insufficient time blocks,False,exploratory; cluster-t assumes independent approximately normal block scores; bootstrap descriptive; no simultaneous CI correction,1.0,1.0,False,False,1.0,1.0
test_01469,results/combined_sources/predictions.parquet,structure_macro,anchor,later_origins,6048,2016,2,1,3,"1,2",853.1157003083807,853.5098243065104,-0.3941239981296576,0.0461768554860969,,,,,,,-2.250020610269356,1.236362524243451,,1.0,,exploratory; insufficient time blocks,False,exploratory; cluster-t assumes independent approximately normal block scores; bootstrap descriptive; no simultaneous CI correction,,1.0,False,False,,1.0
test_01470,results/combined_sources/predictions.parquet,structure_macro,anchor,targets_jun_sep,24192,2016,4,2,3,"1,2,3",844.3333161991665,851.5168569694629,-7.183540770296418,0.8436169773388331,,,-16.962168431838634,1.6971296628730306,-94.47460139601812,80.10751985542501,-9.76251583789874,-4.569520304020626,0.5,0.25,0.5,exploratory; insufficient time blocks,False,exploratory; cluster-t assumes independent approximately normal block scores; bootstrap descriptive; no simultaneous CI correction,1.0,1.0,False,False,1.0,1.0
test_01471,results/combined_sources/predictions.parquet,structure_macro,anchor,targets_oct_nov,12096,2016,2,1,3,"1,2,3",708.2224156941929,710.7308372159143,-2.5084215217214023,0.3529355123449306,,,,,,,-7.6320697648107965,1.8101656409511129,,1.0,,exploratory; insufficient time blocks,False,exploratory; cluster-t assumes independent approximately normal block scores; bootstrap descriptive; no simultaneous CI correction,,1.0,False,False,,1.0
test_01472,results/combined_sources/predictions.parquet,structure_macro,anchor,targets_dec,6048,2016,1,1,3,"1,2,3",922.9993375929488,932.3191406078004,-9.319803014851686,0.9996365631596804,,,,,,,-11.620409068782733,-6.960877410280597,,,,exploratory; insufficient time blocks,False,exploratory; cluster-t assumes independent approximately normal block scores; bootstrap descriptive; no simultaneous CI correction,,,False,False,,
test_01473,results/combined_sources/predictions.parquet,structure_macro,anchor,targets_jan_may,12096,2016,3,1,3,"1,2,3",1597.5934167193936,1582.2554163674506,15.338000351943036,-0.9693757526933352,,,3.30332908800042,27.40739650467781,,,12.72603183287954,18.373720259667856,,0.25,,exploratory; insufficient time blocks,False,exploratory; cluster-t assumes independent approximately normal block scores; bootstrap descriptive; no simultaneous CI correction,,1.0,False,False,,1.0
test_01474,results/combined_sources/predictions.parquet,structure_macro,anchor,all_available,54432,2016,10,4,3,"1,2,3",990.2182519129764,991.5954528502648,-1.377200937288194,0.1388873792562819,-8.196298458595873,8.202628227669752,-9.84956978019761,8.014522887067129,-18.06212694661965,15.307725072043036,-3.1003114173417066,0.1604827911302724,0.75,0.76953125,0.125,exploratory; insufficient time blocks,False,exploratory; cluster-t assumes independent approximately normal block scores; bootstrap descriptive; no simultaneous CI correction,1.0,1.0,False,False,1.0,1.0
test_01475,results/combined_sources/predictions.parquet,structure_macro_blend,anchor,public_origins_jun_sep,24192,2016,6,2,3,"1,2,3",712.3579750218944,719.4868084357182,-7.128833413823827,0.9908219761976004,-9.39699401622899,-2.732746522019639,-15.511212292164585,1.446830697784366,-35.948546403092465,21.69087957544472,-9.129743801021396,-5.235634056607998,0.5,0.1875,0.5,exploratory; insufficient time blocks,False,exploratory; cluster-t assumes independent approximately normal block scores; bootstrap descriptive; no simultaneous CI correction,1.0,1.0,False,False,1.0,1.0
test_01476,results/combined_sources/predictions.parquet,structure_macro_blend,anchor,later_origins,6048,2016,2,1,3,"1,2",849.1026311562068,853.5098243065104,-4.407193150303556,0.5163611507207274,,,,,,,-5.372227332734693,-3.4468833947166178,,0.5,,exploratory; insufficient time blocks,False,exploratory; cluster-t assumes independent approximately normal block scores; bootstrap descriptive; no simultaneous CI correction,,1.0,False,False,,1.0
test_01477,results/combined_sources/predictions.parquet,structure_macro_blend,anchor,targets_jun_sep,24192,2016,4,2,3,"1,2,3",847.3838852416375,851.5168569694629,-4.132971727825407,0.4853658144284539,,,-9.704925687438289,0.9559533470794372,-53.97816168956615,45.71221823391501,-5.538580365589073,-2.70746476887442,0.5,0.25,0.5,exploratory; insufficient time blocks,False,exploratory; cluster-t assumes independent approximately normal block scores; bootstrap descriptive; no simultaneous CI correction,1.0,1.0,False,False,1.0,1.0
test_01478,results/combined_sources/predictions.parquet,structure_macro_blend,anchor,targets_oct_nov,12096,2016,2,1,3,"1,2,3",708.3011948191247,710.7308372159143,-2.429642396789632,0.341851270490396,,,,,,,-5.418867678020858,0.0590329245887796,,1.0,,exploratory; insufficient time blocks,False,exploratory; cluster-t assumes independent approximately normal block scores; bootstrap descriptive; no simultaneous CI correction,,1.0,False,False,,1.0
test_01479,results/combined_sources/predictions.parquet,structure_macro_blend,anchor,targets_dec,6048,2016,1,1,3,"1,2,3",923.0498866282388,932.3191406078004,-9.269253979561654,0.9942147035100892,,,,,,,-11.305289800793515,-7.1928894505298535,,,,exploratory; insufficient time blocks,False,exploratory; cluster-t assumes independent approximately normal block scores; bootstrap descriptive; no simultaneous CI correction,,,False,False,,
test_01480,results/combined_sources/predictions.parquet,structure_macro_blend,anchor,targets_jan_may,12096,2016,3,1,3,"1,2,3",1590.1668342923451,1582.2554163674506,7.911417924894522,-0.500008901410974,,,1.8478631977680076,14.033073719199775,,,6.578866668901091,9.454138063912849,,0.25,,exploratory; insufficient time blocks,False,exploratory; cluster-t assumes independent approximately normal block scores; bootstrap descriptive; no simultaneous CI correction,,1.0,False,False,,1.0
test_01481,results/combined_sources/predictions.parquet,structure_macro_blend,anchor,all_available,54432,2016,10,4,3,"1,2,3",989.9468317575254,991.5954528502648,-1.6486210927392904,0.166259444615287,-5.264860695439595,4.324384055791263,-6.780547118471159,3.853880410883183,-11.35596804309169,8.058725857612945,-2.632382694456087,-0.726026217012261,0.625,0.568359375,0.125,exploratory; insufficient time blocks,False,exploratory; cluster-t assumes independent approximately normal block scores; bootstrap descriptive; no simultaneous CI correction,1.0,1.0,False,False,1.0,1.0
test_01482,results/combined_sources/predictions.parquet,structure_macro_prices,anchor,public_origins_jun_sep,24192,2016,6,2,3,"1,2,3",707.7718902966642,719.4868084357182,-11.71491813905402,1.6282325126327424,-16.483406186109743,-4.674505194076891,-25.36943332651265,3.0884864643445065,-72.30430354817216,48.87446727006393,-15.177908106663814,-8.456989695161404,0.5,0.1875,0.5,exploratory; insufficient time blocks,False,exploratory; cluster-t assumes independent approximately normal block scores; bootstrap descriptive; no simultaneous CI correction,1.0,1.0,False,False,1.0,1.0
test_01483,results/combined_sources/predictions.parquet,structure_macro_prices,anchor,later_origins,6048,2016,2,1,3,"1,2",853.3311937629626,853.5098243065104,-0.178630543547797,0.0209289381868494,,,,,,,-2.01236887970433,1.444231310511178,,1.0,,exploratory; insufficient time blocks,False,exploratory; cluster-t assumes independent approximately normal block scores; bootstrap descriptive; no simultaneous CI correction,,1.0,False,False,,1.0
test_01484,results/combined_sources/predictions.parquet,structure_macro_prices,anchor,targets_jun_sep,24192,2016,4,2,3,"1,2,3",844.3621960241045,851.5168569694629,-7.154660945358387,0.8402254032670274,,,-16.9825790212619,1.8441716732496185,-94.76184953779072,80.4525276470736,-9.76620509555841,-4.513617283366301,0.5,0.25,0.5,exploratory; insufficient time blocks,False,exploratory; cluster-t assumes independent approximately normal block scores; bootstrap descriptive; no simultaneous CI correction,1.0,1.0,False,False,1.0,1.0
test_01485,results/combined_sources/predictions.parquet,structure_macro_prices,anchor,targets_oct_nov,12096,2016,2,1,3,"1,2,3",708.2943377167614,710.7308372159143,-2.4364994991528874,0.3428160664446727,,,,,,,-7.562290381685247,1.8919268353185124,,1.0,,exploratory; insufficient time blocks,False,exploratory; cluster-t assumes independent approximately normal block scores; bootstrap descriptive; no simultaneous CI correction,,1.0,False,False,,1.0
test_01486,results/combined_sources/predictions.parquet,structure_macro_prices,anchor,targets_dec,6048,2016,1,1,3,"1,2,3",923.1206488785618,932.3191406078004,-9.19849172923864,0.9866247863625248,,,,,,,-11.488368055171208,-6.834128390989202,,,,exploratory; insufficient time blocks,False,exploratory; cluster-t assumes independent approximately normal block scores; bootstrap descriptive; no simultaneous CI correction,,,False,False,,
test_01487,results/combined_sources/predictions.parquet,structure_macro_prices,anchor,targets_jan_may,12096,2016,3,1,3,"1,2,3",1597.7206917582898,1582.2554163674506,15.465275390839224,-0.97741965240634,,,3.466791043317607,27.496866997813207,,,12.841482858276075,18.51216723974565,,0.25,,exploratory; insufficient time blocks,False,exploratory; cluster-t assumes independent approximately normal block scores; bootstrap descriptive; no simultaneous CI correction,,1.0,False,False,,1.0
test_01488,results/combined_sources/predictions.parquet,structure_macro_prices,anchor,all_available,54432,2016,10,4,3,"1,2,3",990.2888324361204,991.5954528502648,-1.3066204141443905,0.1317695044272955,-8.176335239864253,8.358589062561375,-9.799256536493123,8.093917727166138,-18.04756247589953,15.43432164761059,-3.025967681439329,0.2307058745705773,0.75,0.78515625,0.125,exploratory; insufficient time blocks,False,exploratory; cluster-t assumes independent approximately normal block scores; bootstrap descriptive; no simultaneous CI correction,1.0,1.0,False,False,1.0,1.0
test_01489,results/combined_sources/predictions.parquet,structure_macro_prices_wages,anchor,public_origins_jun_sep,24192,2016,6,2,3,"1,2,3",706.9075123895138,719.4868084357182,-12.579296046204377,1.748370630109789,-17.526188792427224,-5.874946730198933,-26.37322177027337,2.429526804618275,-75.43552808888187,50.276935996472986,-16.26125393355406,-9.087195612552808,0.5,0.1875,0.5,exploratory; insufficient time blocks,False,exploratory; cluster-t assumes independent approximately normal block scores; bootstrap descriptive; no simultaneous CI correction,1.0,1.0,False,False,1.0,1.0
test_01490,results/combined_sources/predictions.parquet,structure_macro_prices_wages,anchor,later_origins,6048,2016,2,1,3,"1,2",854.4252596682737,853.5098243065104,0.9154353617633432,-0.1072553983203589,,,,,,,-1.7713283782616347,3.705907548986915,,1.0,,exploratory; insufficient time blocks,False,exploratory; cluster-t assumes independent approximately normal block scores; bootstrap descriptive; no simultaneous CI correction,,1.0,False,False,,1.0
test_01491,results/combined_sources/predictions.parquet,structure_macro_prices_wages,anchor,targets_jun_sep,24192,2016,4,2,3,"1,2,3",843.3737934521972,851.5168569694629,-8.14306351726566,0.9563009176643564,,,-18.484704900373284,0.4358121129027294,-102.62641707294344,86.34029003841175,-10.93074155800262,-5.329778158415122,0.5,0.25,0.5,exploratory; insufficient time blocks,False,exploratory; cluster-t assumes independent approximately normal block scores; bootstrap descriptive; no simultaneous CI correction,1.0,1.0,False,False,1.0,1.0
test_01492,results/combined_sources/predictions.parquet,structure_macro_prices_wages,anchor,targets_oct_nov,12096,2016,2,1,3,"1,2,3",707.832443374797,710.7308372159143,-2.898393841117354,0.4078047116220518,,,,,,,-8.307462386664023,1.569805682261468,,1.0,,exploratory; insufficient time blocks,False,exploratory; cluster-t assumes independent approximately normal block scores; bootstrap descriptive; no simultaneous CI correction,,1.0,False,False,,1.0
test_01493,results/combined_sources/predictions.parquet,structure_macro_prices_wages,anchor,targets_dec,6048,2016,1,1,3,"1,2,3",923.7665570518352,932.3191406078004,-8.552583555965384,0.9173450574435013,,,,,,,-11.6367361098163,-5.236189741136529,,,,exploratory; insufficient time blocks,False,exploratory; cluster-t assumes independent approximately normal block scores; bootstrap descriptive; no simultaneous CI correction,,,False,False,,
test_01494,results/combined_sources/predictions.parquet,structure_macro_prices_wages,anchor,targets_jan_may,12096,2016,3,1,3,"1,2,3",1599.3250272320174,1582.2554163674506,17.069610864566812,-1.078815132373211,,,2.381865309444585,32.77658318687648,,,13.775033271133267,21.38625274903685,,0.25,,exploratory; insufficient time blocks,False,exploratory; cluster-t assumes independent approximately normal block scores; bootstrap descriptive; no simultaneous CI correction,,1.0,False,False,,1.0
test_01495,results/combined_sources/predictions.parquet,structure_macro_prices_wages,anchor,all_available,54432,2016,10,4,3,"1,2,3",990.175185786028,991.5954528502648,-1.420267064236555,0.1432304938626036,-9.019596123284431,8.853896730327241,-10.378985806692066,8.627995600228958,-19.90349435525725,17.06296022678405,-3.2906453000217644,0.2233573128896868,0.75,0.779296875,0.125,exploratory; insufficient time blocks,False,exploratory; cluster-t assumes independent approximately normal block scores; bootstrap descriptive; no simultaneous CI correction,1.0,1.0,False,False,1.0,1.0
test_01496,results/combined_sources/predictions.parquet,structure_macro_wages,anchor,public_origins_jun_sep,24192,2016,6,2,3,"1,2,3",706.9272321721791,719.4868084357182,-12.559576263539157,1.7456298178483252,-17.468612091648033,-5.870513653613489,-26.32312390498888,2.400423491125404,-74.9347905539725,49.81563802689445,-16.242789611634986,-9.06855117382586,0.5,0.1875,0.5,exploratory; insufficient time blocks,False,exploratory; cluster-t assumes independent approximately normal block scores; bootstrap descriptive; no simultaneous CI correction,1.0,1.0,False,False,1.0,1.0
test_01497,results/combined_sources/predictions.parquet,structure_macro_wages,anchor,later_origins,6048,2016,2,1,3,"1,2",854.2001503950928,853.5098243065104,0.6903260885824238,-0.080880860292771,,,,,,,-2.0132785011761545,3.496403001926029,,1.0,,exploratory; insufficient time blocks,False,exploratory; cluster-t assumes independent approximately normal block scores; bootstrap descriptive; no simultaneous CI correction,,1.0,False,False,,1.0
test_01498,results/combined_sources/predictions.parquet,structure_macro_wages,anchor,targets_jun_sep,24192,2016,4,2,3,"1,2,3",843.3507951204031,851.5168569694629,-8.166061849059815,0.9590017839602988,,,-18.441587761103158,0.2750271971093372,-102.19367959145292,85.86155589333285,-10.917403094290728,-5.380033340174156,0.5,0.25,0.5,exploratory; insufficient time blocks,False,exploratory; cluster-t assumes independent approximately normal block scores; bootstrap descriptive; no simultaneous CI correction,1.0,1.0,False,False,1.0,1.0
test_01499,results/combined_sources/predictions.parquet,structure_macro_wages,anchor,targets_oct_nov,12096,2016,2,1,3,"1,2,3",707.7670850303632,710.7308372159143,-2.963752185551129,0.4170006464276666,,,,,,,-8.367000783782233,1.4752078100000885,,1.0,,exploratory; insufficient time blocks,False,exploratory; cluster-t assumes independent approximately normal block scores; bootstrap descriptive; no simultaneous CI correction,,1.0,False,False,,1.0
test_01500,results/combined_sources/predictions.parquet,structure_macro_wages,anchor,targets_dec,6048,2016,1,1,3,"1,2,3",923.6358901966248,932.3191406078004,-8.683250411175663,0.931360307106304,,,,,,,-11.775628553307692,-5.36539251040224,,,,exploratory; insufficient time blocks,False,exploratory; cluster-t assumes independent approximately normal block scores; bootstrap descriptive; no simultaneous CI correction,,,False,False,,
test_01501,results/combined_sources/predictions.parquet,structure_macro_wages,anchor,targets_jan_may,12096,2016,3,1,3,"1,2,3",1599.2112211503918,1582.2554163674506,16.955804782941186,-1.0716224831682613,,,2.2285634097504543,32.65806684085243,,,13.66866408413178,21.25615918570989,,0.25,,exploratory; insufficient time blocks,False,exploratory; cluster-t assumes independent approximately normal block scores; bootstrap descriptive; no simultaneous CI correction,,1.0,False,False,,1.0
test_01502,results/combined_sources/predictions.parquet,structure_macro_wages,anchor,all_available,54432,2016,10,4,3,"1,2,3",990.1106314488608,991.5954528502648,-1.4848214014037922,0.149740642429913,-9.04519158558807,8.721106317207115,-10.422708420452324,8.558467445019186,-19.912233612517625,16.942590809709714,-3.354311710447064,0.1488034377321124,0.75,0.775390625,0.125,exploratory; insufficient time blocks,False,exploratory; cluster-t assumes independent approximately normal block scores; bootstrap descriptive; no simultaneous CI correction,1.0,1.0,False,False,1.0,1.0
test_01503,results/combined_sources/predictions.parquet,anchor,composition,public_origins_jun_sep,24192,2016,6,2,3,"1,2,3",719.4868084357182,708.2537311145638,11.233077321154385,-1.5860244468429594,4.743209292820124,16.039802182279193,-2.6133229029791414,24.0898049978751,-49.84215287599455,72.30830751830348,8.120250039537927,14.540550093933527,0.5,0.1875,0.5,exploratory; insufficient time blocks,False,exploratory; cluster-t assumes independent approximately normal block scores; bootstrap descriptive; no simultaneous CI correction,1.0,1.0,False,False,1.0,1.0
test_01504,results/combined_sources/predictions.parquet,anchor,composition,later_origins,6048,2016,2,1,3,"1,2",853.5098243065104,853.8019013153976,-0.2920770088871904,0.0342089902162558,,,,,,,-1.9907926114778576,1.6293765551750925,,1.0,,exploratory; insufficient time blocks,False,exploratory; cluster-t assumes independent approximately normal block scores; bootstrap descriptive; no simultaneous CI correction,,1.0,False,False,,1.0
test_01505,results/combined_sources/predictions.parquet,anchor,composition,targets_jun_sep,24192,2016,4,2,3,"1,2,3",851.5168569694629,844.4491125303321,7.06774443913082,-0.8369651094727097,,,-1.413369541983806,16.495749669304388,-77.18707031401983,91.3225591922815,4.536333652500878,9.5608402787529,0.5,0.25,0.5,exploratory; insufficient time blocks,False,exploratory; cluster-t assumes independent approximately normal block scores; bootstrap descriptive; no simultaneous CI correction,1.0,1.0,False,False,1.0,1.0
test_01506,results/combined_sources/predictions.parquet,anchor,composition,targets_oct_nov,12096,2016,2,1,3,"1,2,3",710.7308372159143,708.293363076375,2.4374741395392903,-0.344133415136414,,,,,,,-1.64600470789805,7.278911842177524,,1.0,,exploratory; insufficient time blocks,False,exploratory; cluster-t assumes independent approximately normal block scores; bootstrap descriptive; no simultaneous CI correction,,1.0,False,False,,1.0
test_01507,results/combined_sources/predictions.parquet,anchor,composition,targets_dec,6048,2016,1,1,3,"1,2,3",932.3191406078004,924.6334609757066,7.685679632093866,-0.831213659949496,,,,,,,5.588170602307828,9.721274416253909,,,,exploratory; insufficient time blocks,False,exploratory; cluster-t assumes independent approximately normal block scores; bootstrap descriptive; no simultaneous CI correction,,,False,False,,
test_01508,results/combined_sources/predictions.parquet,anchor,composition,targets_jan_may,12096,2016,3,1,3,"1,2,3",1582.2554163674506,1597.2318879411291,-14.97647157367851,0.93765167642524,,,-27.171419966926308,-3.0019475403046383,,,-17.969613592662917,-12.406321426211592,,0.25,,exploratory; insufficient time blocks,False,exploratory; cluster-t assumes independent approximately normal block scores; bootstrap descriptive; no simultaneous CI correction,,1.0,False,False,,1.0
test_01509,results/combined_sources/predictions.parquet,anchor,composition,all_available,54432,2016,10,4,3,"1,2,3",991.5954528502648,990.3867125702272,1.2087402800375455,-0.1220473038153604,-7.843892894793432,7.920394568732309,-7.785468516351155,9.281184839877016,-14.99056814860374,17.40804870867903,-0.257760697771314,2.8705225308032647,0.75,0.787109375,0.125,exploratory; insufficient time blocks,False,exploratory; cluster-t assumes independent approximately normal block scores; bootstrap descriptive; no simultaneous CI correction,1.0,1.0,False,False,1.0,1.0
test_01510,results/combined_sources/predictions.parquet,macro_interactions,composition,public_origins_jun_sep,24192,2016,6,2,3,"1,2,3",717.0719623869182,708.2537311145638,8.81823127235441,-1.2450666879618617,3.805911945676347,13.83055059903237,-2.084594276524748,17.79025080718016,-54.86932429679192,72.50578684150064,6.332822422188488,11.44493774859974,0.5,0.21875,0.5,exploratory; insufficient time blocks,False,exploratory; cluster-t assumes independent approximately normal block scores; bootstrap descriptive; no simultaneous CI correction,1.0,1.0,False,False,1.0,1.0
test_01511,results/combined_sources/predictions.parquet,macro_interactions,composition,later_origins,6048,2016,2,1,3,"1,2",844.5786424074738,853.8019013153976,-9.223258907923764,1.0802574805366545,,,,,,,-12.474962901622208,-5.926630014473428,,1.0,,exploratory; insufficient time blocks,False,exploratory; cluster-t assumes independent approximately normal block scores; bootstrap descriptive; no simultaneous CI correction,,1.0,False,False,,1.0
test_01512,results/combined_sources/predictions.parquet,macro_interactions,composition,targets_jun_sep,24192,2016,4,2,3,"1,2,3",850.6252685168478,844.4491125303321,6.17615598651571,-0.7313828500582226,,,-0.7603364764920781,14.014983950665536,-64.0341486707525,76.38646064378361,3.951133994338994,8.373026570095416,0.5,0.25,0.5,exploratory; insufficient time blocks,False,exploratory; cluster-t assumes independent approximately normal block scores; bootstrap descriptive; no simultaneous CI correction,1.0,1.0,False,False,1.0,1.0
test_01513,results/combined_sources/predictions.parquet,macro_interactions,composition,targets_oct_nov,12096,2016,2,1,3,"1,2,3",708.8498591128302,708.293363076375,0.5564960364552007,-0.0785685798378988,,,,,,,-2.650109722021747,4.294699837951595,,1.0,,exploratory; insufficient time blocks,False,exploratory; cluster-t assumes independent approximately normal block scores; bootstrap descriptive; no simultaneous CI correction,,1.0,False,False,,1.0
test_01514,results/combined_sources/predictions.parquet,macro_interactions,composition,targets_dec,6048,2016,1,1,3,"1,2,3",921.9090338862256,924.6334609757066,-2.7244270894810825,0.2946494156296451,,,,,,,-4.704510700045036,-0.4833338674319572,,,,exploratory; insufficient time blocks,False,exploratory; cluster-t assumes independent approximately normal block scores; bootstrap descriptive; no simultaneous CI correction,,,False,False,,
test_01515,results/combined_sources/predictions.parquet,macro_interactions,composition,targets_jan_may,12096,2016,3,1,3,"1,2,3",1583.1522278895093,1597.2318879411291,-14.07966005161984,0.8815038165666017,,,-26.47495574649265,-2.257388577188433,,,-16.981335945825766,-11.593481035779268,,0.25,,exploratory; insufficient time blocks,False,exploratory; cluster-t assumes independent approximately normal block scores; bootstrap descriptive; no simultaneous CI correction,,1.0,False,False,,1.0
test_01516,results/combined_sources/predictions.parquet,macro_interactions,composition,all_available,54432,2016,10,4,3,"1,2,3",989.8238091064773,990.3867125702272,-0.5629034637498762,0.056836734237785,-7.625073732554127,6.318905130936281,-8.12348145302748,6.105192730012069,-14.828373630053674,13.702566702554009,-1.777106834927415,0.8630957795578388,0.875,0.880859375,0.125,exploratory; insufficient time blocks,False,exploratory; cluster-t assumes independent approximately normal block scores; bootstrap descriptive; no simultaneous CI correction,1.0,1.0,False,False,1.0,1.0
test_01517,results/combined_sources/predictions.parquet,regional_prices,composition,public_origins_jun_sep,24192,2016,6,2,3,"1,2,3",719.19759408906,708.2537311145638,10.943862974496142,-1.545189597134069,4.699798623709876,15.74805250542539,-2.451378095834285,23.33820737011053,-50.09915279811418,71.98687874710652,7.899608646066042,14.182771559846762,0.5,0.1875,0.5,exploratory; insufficient time blocks,False,exploratory; cluster-t assumes independent approximately normal block scores; bootstrap descriptive; no simultaneous CI correction,1.0,1.0,False,False,1.0,1.0
test_01518,results/combined_sources/predictions.parquet,regional_prices,composition,later_origins,6048,2016,2,1,3,"1,2",853.1993887316041,853.8019013153976,-0.6025125837934411,0.0705681941988169,,,,,,,-2.361814633791945,1.393574524023799,,1.0,,exploratory; insufficient time blocks,False,exploratory; cluster-t assumes independent approximately normal block scores; bootstrap descriptive; no simultaneous CI correction,,1.0,False,False,,1.0
test_01519,results/combined_sources/predictions.parquet,regional_prices,composition,targets_jun_sep,24192,2016,4,2,3,"1,2,3",851.4306798062644,844.4491125303321,6.981567275932321,-0.8267599755078844,,,-1.2264385640176274,16.195223505415044,-75.45342007347483,89.41655462533913,4.5258478854494415,9.387213501482009,0.5,0.25,0.5,exploratory; insufficient time blocks,False,exploratory; cluster-t assumes independent approximately normal block scores; bootstrap descriptive; no simultaneous CI correction,1.0,1.0,False,False,1.0,1.0
test_01520,results/combined_sources/predictions.parquet,regional_prices,composition,targets_oct_nov,12096,2016,2,1,3,"1,2,3",710.6465902134278,708.293363076375,2.353227137052727,-0.3322390494853443,,,,,,,-1.637317216412858,7.099470658578079,,1.0,,exploratory; insufficient time blocks,False,exploratory; cluster-t assumes independent approximately normal block scores; bootstrap descriptive; no simultaneous CI correction,,1.0,False,False,,1.0
test_01521,results/combined_sources/predictions.parquet,regional_prices,composition,targets_dec,6048,2016,1,1,3,"1,2,3",931.6038410049416,924.6334609757066,6.970380029235116,-0.7538533184684577,,,,,,,4.9955799321759935,8.95563347859604,,,,exploratory; insufficient time blocks,False,exploratory; cluster-t assumes independent approximately normal block scores; bootstrap descriptive; no simultaneous CI correction,,,False,False,,
test_01522,results/combined_sources/predictions.parquet,regional_prices,composition,targets_jan_may,12096,2016,3,1,3,"1,2,3",1582.539234367293,1597.2318879411291,-14.692653573836196,0.9198823091852608,,,-27.04441700705651,-2.6843915359308395,,,-17.648230865872854,-12.137900374308863,,0.25,,exploratory; insufficient time blocks,False,exploratory; cluster-t assumes independent approximately normal block scores; bootstrap descriptive; no simultaneous CI correction,,1.0,False,False,,1.0
test_01523,results/combined_sources/predictions.parquet,regional_prices,composition,all_available,54432,2016,10,4,3,"1,2,3",991.5220232657156,990.3867125702272,1.135310695488556,-0.1146330702016615,-7.651170771957739,7.737994684048126,-7.67589657730478,9.041310876113316,-14.725005499325864,16.995626890302848,-0.3047522030777101,2.7803170394883656,0.75,0.791015625,0.125,exploratory; insufficient time blocks,False,exploratory; cluster-t assumes independent approximately normal block scores; bootstrap descriptive; no simultaneous CI correction,1.0,1.0,False,False,1.0,1.0
test_01524,results/combined_sources/predictions.parquet,regional_prices_wages,composition,public_origins_jun_sep,24192,2016,6,2,3,"1,2,3",719.8457824296023,708.2537311145638,11.592051315038477,-1.636708824222685,4.633177933324422,17.10682101925754,-2.374642053796763,24.66826758426893,-58.47974162104135,81.6638442511184,8.50887807230487,14.77509727482364,0.5,0.1875,0.5,exploratory; insufficient time blocks,False,exploratory; cluster-t assumes independent approximately normal block scores; bootstrap descriptive; no simultaneous CI correction,1.0,1.0,False,False,1.0,1.0
test_01525,results/combined_sources/predictions.parquet,regional_prices_wages,composition,later_origins,6048,2016,2,1,3,"1,2",856.0012616091633,853.8019013153976,2.199360293765721,-0.2575960876143879,,,,,,,0.4565993420747822,4.176388283041631,,1.0,,exploratory; insufficient time blocks,False,exploratory; cluster-t assumes independent approximately normal block scores; bootstrap descriptive; no simultaneous CI correction,,1.0,False,False,,1.0
test_01526,results/combined_sources/predictions.parquet,regional_prices_wages,composition,targets_jun_sep,24192,2016,4,2,3,"1,2,3",851.2536512680431,844.4491125303321,6.804538737711027,-0.8057961855536455,,,-3.4222879757102582,16.39305267954796,-74.15104879695542,87.76012627237739,4.048584599162757,9.486244557932377,0.5,0.375,0.5,exploratory; insufficient time blocks,False,exploratory; cluster-t assumes independent approximately normal block scores; bootstrap descriptive; no simultaneous CI correction,1.0,1.0,False,False,1.0,1.0
test_01527,results/combined_sources/predictions.parquet,regional_prices_wages,composition,targets_oct_nov,12096,2016,2,1,3,"1,2,3",710.616318104653,708.293363076375,2.3229550282779883,-0.3279650988382203,,,,,,,-1.7578994299090571,7.056279361219509,,1.0,,exploratory; insufficient time blocks,False,exploratory; cluster-t assumes independent approximately normal block scores; bootstrap descriptive; no simultaneous CI correction,,1.0,False,False,,1.0
test_01528,results/combined_sources/predictions.parquet,regional_prices_wages,composition,targets_dec,6048,2016,1,1,3,"1,2,3",934.3414744345556,924.6334609757066,9.708013458848882,-1.0499310125122052,,,,,,,7.1882698729729,12.508577106660336,,,,exploratory; insufficient time blocks,False,exploratory; cluster-t assumes independent approximately normal block scores; bootstrap descriptive; no simultaneous CI correction,,,False,False,,
test_01529,results/combined_sources/predictions.parquet,regional_prices_wages,composition,targets_jan_may,12096,2016,3,1,3,"1,2,3",1590.342366355202,1597.2318879411291,-6.889521585927014,0.431341349865471,,,-20.37860581890988,-1.7142726358815126,,,-8.649184175028202,-5.440313768014633,,0.25,,exploratory; insufficient time blocks,False,exploratory; cluster-t assumes independent approximately normal block scores; bootstrap descriptive; no simultaneous CI correction,,1.0,False,False,,1.0
test_01530,results/combined_sources/predictions.parquet,regional_prices_wages,composition,all_available,54432,2016,10,4,3,"1,2,3",993.4748276029376,990.3867125702272,3.088115032710561,-0.3118090129355998,-3.963589399781347,8.188597509113587,-4.619228347860328,10.451773207067951,-7.460495716079603,13.63672578150072,1.5052354949405755,4.657045570438134,0.5,0.45703125,0.125,exploratory; insufficient time blocks,False,exploratory; cluster-t assumes independent approximately normal block scores; bootstrap descriptive; no simultaneous CI correction,1.0,1.0,False,False,1.0,1.0
test_01531,results/combined_sources/predictions.parquet,regional_wages,composition,public_origins_jun_sep,24192,2016,6,2,3,"1,2,3",720.1613471664543,708.2537311145638,11.9076160518905,-1.681264147123057,4.710157927406645,17.4495424486878,-2.4086962146051154,25.50811684455393,-58.50923538005328,82.32446748383431,8.744534904640958,15.160823324077162,0.5,0.1875,0.5,exploratory; insufficient time blocks,False,exploratory; cluster-t assumes independent approximately normal block scores; bootstrap descriptive; no simultaneous CI correction,1.0,1.0,False,False,1.0,1.0
test_01532,results/combined_sources/predictions.parquet,regional_wages,composition,later_origins,6048,2016,2,1,3,"1,2",856.3511631390072,853.8019013153976,2.5492618236096405,-0.2985776700288623,,,,,,,0.9659011718228222,4.405874408653499,,1.0,,exploratory; insufficient time blocks,False,exploratory; cluster-t assumes independent approximately normal block scores; bootstrap descriptive; no simultaneous CI correction,,1.0,False,False,,1.0
test_01533,results/combined_sources/predictions.parquet,regional_wages,composition,targets_jun_sep,24192,2016,4,2,3,"1,2,3",851.3572659447772,844.4491125303321,6.90815341444511,-0.8180662768115554,,,-3.61899205905245,16.732895017816666,-76.04942104467281,89.86572787356272,4.075073397785596,9.699516737601634,0.5,0.375,0.5,exploratory; insufficient time blocks,False,exploratory; cluster-t assumes independent approximately normal block scores; bootstrap descriptive; no simultaneous CI correction,1.0,1.0,False,False,1.0,1.0
test_01534,results/combined_sources/predictions.parquet,regional_wages,composition,targets_oct_nov,12096,2016,2,1,3,"1,2,3",710.7071336534556,708.293363076375,2.413770577080527,-0.3407868410056315,,,,,,,-1.7600103517953758,7.260578296635529,,1.0,,exploratory; insufficient time blocks,False,exploratory; cluster-t assumes independent approximately normal block scores; bootstrap descriptive; no simultaneous CI correction,,1.0,False,False,,1.0
test_01535,results/combined_sources/predictions.parquet,regional_wages,composition,targets_dec,6048,2016,1,1,3,"1,2,3",935.0865609553416,924.6334609757066,10.453099979635,-1.130512837876807,,,,,,,7.899052227861705,13.28238448867948,,,,exploratory; insufficient time blocks,False,exploratory; cluster-t assumes independent approximately normal block scores; bootstrap descriptive; no simultaneous CI correction,,,False,False,,
test_01536,results/combined_sources/predictions.parquet,regional_wages,composition,targets_jan_may,12096,2016,3,1,3,"1,2,3",1590.1300418226228,1597.2318879411291,-7.101846118506273,0.4446346314598518,,,-20.476159420200727,-1.980688569792828,,,-8.855222241191056,-5.663047489131141,,0.25,,exploratory; insufficient time blocks,False,exploratory; cluster-t assumes independent approximately normal block scores; bootstrap descriptive; no simultaneous CI correction,,1.0,False,False,,1.0
test_01537,results/combined_sources/predictions.parquet,regional_wages,composition,all_available,54432,2016,10,4,3,"1,2,3",993.5766639651788,990.3867125702272,3.189951394951549,-0.3220914976406606,-4.19606587625453,8.44600729745259,-4.726597841361575,10.813858066020218,-7.703683468348504,14.083586258251568,1.5553588552345237,4.794573573867715,0.5,0.45703125,0.125,exploratory; insufficient time blocks,False,exploratory; cluster-t assumes independent approximately normal block scores; bootstrap descriptive; no simultaneous CI correction,1.0,1.0,False,False,1.0,1.0
test_01538,results/combined_sources/predictions.parquet,structure_macro,composition,public_origins_jun_sep,24192,2016,6,2,3,"1,2,3",707.7773339319757,708.2537311145638,-0.4763971825881299,0.067263631896218,-0.5449085700528534,0.0552594975513728,-1.539710542866792,0.3416283961820633,-1.3469168984932751,0.3941225333172443,-0.6386145076677893,-0.3301336344467993,0.5,0.28125,0.5,exploratory; insufficient time blocks,False,exploratory; cluster-t assumes independent approximately normal block scores; bootstrap descriptive; no simultaneous CI correction,1.0,1.0,False,False,1.0,1.0
test_01539,results/combined_sources/predictions.parquet,structure_macro,composition,later_origins,6048,2016,2,1,3,"1,2",853.1157003083807,853.8019013153976,-0.686201007016848,0.0803700490663773,,,,,,,-0.8320084154074621,-0.5487842710853402,,0.5,,exploratory; insufficient time blocks,False,exploratory; cluster-t assumes independent approximately normal block scores; bootstrap descriptive; no simultaneous CI correction,,1.0,False,False,,1.0
test_01540,results/combined_sources/predictions.parquet,structure_macro,composition,targets_jun_sep,24192,2016,4,2,3,"1,2,3",844.3333161991665,844.4491125303321,-0.1157963311655976,0.0137126476240376,,,-0.4664187625342404,0.2837601208892245,-3.152042203736614,2.9204495414051523,-0.203888173690508,-0.0244436121237512,1.0,0.625,0.5,exploratory; insufficient time blocks,False,exploratory; cluster-t assumes independent approximately normal block scores; bootstrap descriptive; no simultaneous CI correction,1.0,1.0,False,False,1.0,1.0
test_01541,results/combined_sources/predictions.parquet,structure_macro,composition,targets_oct_nov,12096,2016,2,1,3,"1,2,3",708.2224156941929,708.293363076375,-0.070947382182112,0.0100166662403783,,,,,,,-0.3502004571912375,0.1690063831297996,,1.0,,exploratory; insufficient time blocks,False,exploratory; cluster-t assumes independent approximately normal block scores; bootstrap descriptive; no simultaneous CI correction,,1.0,False,False,,1.0
test_01542,results/combined_sources/predictions.parquet,structure_macro,composition,targets_dec,6048,2016,1,1,3,"1,2,3",922.9993375929488,924.6334609757066,-1.6341233827578208,0.1767320188730175,,,,,,,-2.0103382762040445,-1.262753078712302,,,,exploratory; insufficient time blocks,False,exploratory; cluster-t assumes independent approximately normal block scores; bootstrap descriptive; no simultaneous CI correction,,,False,False,,
test_01543,results/combined_sources/predictions.parquet,structure_macro,composition,targets_jan_may,12096,2016,3,1,3,"1,2,3",1597.5934167193936,1597.2318879411291,0.3615287782645282,-0.0226347082721061,,,0.2359765377514997,0.514525744374769,,,0.3185674565429023,0.40612817278159,,0.25,,exploratory; insufficient time blocks,False,exploratory; cluster-t assumes independent approximately normal block scores; bootstrap descriptive; no simultaneous CI correction,,1.0,False,False,,1.0
test_01544,results/combined_sources/predictions.parquet,structure_macro,composition,all_available,54432,2016,10,4,3,"1,2,3",990.2182519129764,990.3867125702272,-0.1684606572506481,0.0170095837426436,-0.359586253031621,0.32953714582203,-0.668826814468547,0.3136313328693092,-0.9569399088839522,0.6200185943826279,-0.2448272884042485,-0.0924170769526829,0.625,0.560546875,0.125,exploratory; insufficient time blocks,False,exploratory; cluster-t assumes independent approximately normal block scores; bootstrap descriptive; no simultaneous CI correction,1.0,1.0,False,False,1.0,1.0
test_01545,results/combined_sources/predictions.parquet,structure_macro_blend,composition,public_origins_jun_sep,24192,2016,6,2,3,"1,2,3",712.3579750218944,708.2537311145638,4.104243907330556,-0.5794877918781726,1.5656796486109723,6.642808166050205,-1.324487570189253,8.582983661685853,-28.151273300549835,36.359761115211015,2.879309282997568,5.406852965071478,0.5,0.21875,0.5,exploratory; insufficient time blocks,False,exploratory; cluster-t assumes independent approximately normal block scores; bootstrap descriptive; no simultaneous CI correction,1.0,1.0,False,False,1.0,1.0
test_01546,results/combined_sources/predictions.parquet,structure_macro_blend,composition,later_origins,6048,2016,2,1,3,"1,2",849.1026311562068,853.8019013153976,-4.699270159190746,0.5503934990014526,,,,,,,-6.326558935190446,-3.049982563365049,,1.0,,exploratory; insufficient time blocks,False,exploratory; cluster-t assumes independent approximately normal block scores; bootstrap descriptive; no simultaneous CI correction,,1.0,False,False,,1.0
test_01547,results/combined_sources/predictions.parquet,structure_macro_blend,composition,targets_jun_sep,24192,2016,4,2,3,"1,2,3",847.3838852416375,844.4491125303321,2.9347727113054134,-0.3475369525241816,,,-0.4574161949043687,6.790823981866099,-31.474852080104817,37.34439750271535,1.827059749762604,4.026729707315998,0.5,0.25,0.5,exploratory; insufficient time blocks,False,exploratory; cluster-t assumes independent approximately normal block scores; bootstrap descriptive; no simultaneous CI correction,1.0,1.0,False,False,1.0,1.0
test_01548,results/combined_sources/predictions.parquet,structure_macro_blend,composition,targets_oct_nov,12096,2016,2,1,3,"1,2,3",708.3011948191247,708.293363076375,0.0078317427496585,-0.0011057201941922,,,,,,,-1.6072264079687657,1.8861622852717936,,1.0,,exploratory; insufficient time blocks,False,exploratory; cluster-t assumes independent approximately normal block scores; bootstrap descriptive; no simultaneous CI correction,,1.0,False,False,,1.0
test_01549,results/combined_sources/predictions.parquet,structure_macro_blend,composition,targets_dec,6048,2016,1,1,3,"1,2,3",923.0498866282388,924.6334609757066,-1.5835743474677884,0.1712650919853953,,,,,,,-2.622135065264909,-0.4251991160676228,,,,exploratory; insufficient time blocks,False,exploratory; cluster-t assumes independent approximately normal block scores; bootstrap descriptive; no simultaneous CI correction,,,False,False,,
test_01550,results/combined_sources/predictions.parquet,structure_macro_blend,composition,targets_jan_may,12096,2016,3,1,3,"1,2,3",1590.1668342923451,1597.2318879411291,-7.065053648783987,0.4423311168606215,,,-13.312649449263098,-1.1540843425366316,,,-8.514747566033048,-5.822200395773569,,0.25,,exploratory; insufficient time blocks,False,exploratory; cluster-t assumes independent approximately normal block scores; bootstrap descriptive; no simultaneous CI correction,,1.0,False,False,,1.0
test_01551,results/combined_sources/predictions.parquet,structure_macro_blend,composition,all_available,54432,2016,10,4,3,"1,2,3",989.9468317575254,990.3867125702272,-0.4398808127017446,0.0444150559694179,-3.9227275526930474,2.94130007998948,-4.175541004176514,2.848068943505161,-7.427397910487603,6.547636285084144,-1.0497995315019708,0.2716968162079298,0.875,0.814453125,0.125,exploratory; insufficient time blocks,False,exploratory; cluster-t assumes independent approximately normal block scores; bootstrap descriptive; no simultaneous CI correction,1.0,1.0,False,False,1.0,1.0
test_01552,results/combined_sources/predictions.parquet,structure_macro_prices,composition,public_origins_jun_sep,24192,2016,6,2,3,"1,2,3",707.7718902966642,708.2537311145638,-0.4818408178996378,0.0680322314915835,-0.5200776319687638,0.0687040987432331,-1.5829306511854335,0.3887682235943015,-0.9676856059306288,0.0040039701313173,-0.6463634931839474,-0.3325934730638283,0.5,0.3125,0.5,exploratory; insufficient time blocks,False,exploratory; cluster-t assumes independent approximately normal block scores; bootstrap descriptive; no simultaneous CI correction,1.0,1.0,False,False,1.0,1.0
test_01553,results/combined_sources/predictions.parquet,structure_macro_prices,composition,later_origins,6048,2016,2,1,3,"1,2",853.3311937629626,853.8019013153976,-0.4707075524349875,0.0551307688246885,,,,,,,-0.6139385349617115,-0.3375076917271981,,0.5,,exploratory; insufficient time blocks,False,exploratory; cluster-t assumes independent approximately normal block scores; bootstrap descriptive; no simultaneous CI correction,,1.0,False,False,,1.0
test_01554,results/combined_sources/predictions.parquet,structure_macro_prices,composition,targets_jun_sep,24192,2016,4,2,3,"1,2,3",844.3621960241045,844.4491125303321,-0.0869165062275669,0.010292687260589,,,-0.486829351957507,0.4308021312658123,-3.439290345509186,3.265457333053749,-0.2132621943100746,0.0362707719122329,1.0,0.75,0.5,exploratory; insufficient time blocks,False,exploratory; cluster-t assumes independent approximately normal block scores; bootstrap descriptive; no simultaneous CI correction,1.0,1.0,False,False,1.0,1.0
test_01555,results/combined_sources/predictions.parquet,structure_macro_prices,composition,targets_oct_nov,12096,2016,2,1,3,"1,2,3",708.2943377167614,708.293363076375,0.0009746403864028,-0.0001376040546489,,,,,,,-0.2963636549991395,0.2763310743652512,,1.0,,exploratory; insufficient time blocks,False,exploratory; cluster-t assumes independent approximately normal block scores; bootstrap descriptive; no simultaneous CI correction,,1.0,False,False,,1.0
test_01556,results/combined_sources/predictions.parquet,structure_macro_prices,composition,targets_dec,6048,2016,1,1,3,"1,2,3",923.1206488785618,924.6334609757066,-1.5128120971447745,0.1636120864097217,,,,,,,-1.897767662272705,-1.1346838532165242,,,,exploratory; insufficient time blocks,False,exploratory; cluster-t assumes independent approximately normal block scores; bootstrap descriptive; no simultaneous CI correction,,,False,False,,
test_01557,results/combined_sources/predictions.parquet,structure_macro_prices,composition,targets_jan_may,12096,2016,3,1,3,"1,2,3",1597.7206917582898,1597.2318879411291,0.4888038171607149,-0.0306031842246021,,,0.2261252525305237,0.6560835706982446,,,0.4203576958695227,0.5574327638757899,,0.25,,exploratory; insufficient time blocks,False,exploratory; cluster-t assumes independent approximately normal block scores; bootstrap descriptive; no simultaneous CI correction,,1.0,False,False,,1.0
test_01558,results/combined_sources/predictions.parquet,structure_macro_prices,composition,all_available,54432,2016,10,4,3,"1,2,3",990.2888324361204,990.3867125702272,-0.0978801341068447,0.0098830217393394,-0.325108394706478,0.4586570584640793,-0.6126669955498794,0.4097058081848693,-0.8932764923449045,0.6975162241312506,-0.1776012766610524,-0.0200282684626093,0.75,0.744140625,0.125,exploratory; insufficient time blocks,False,exploratory; cluster-t assumes independent approximately normal block scores; bootstrap descriptive; no simultaneous CI correction,1.0,1.0,False,False,1.0,1.0
test_01559,results/combined_sources/predictions.parquet,structure_macro_prices_wages,composition,public_origins_jun_sep,24192,2016,6,2,3,"1,2,3",706.9075123895138,708.2537311145638,-1.3462187250499935,0.1900757688817929,-1.5639942315049933,-1.1317374373788078,-2.396780595174823,-0.1616308491121635,-3.12722057057839,0.4347831204784231,-1.886686009495513,-0.8324714948240994,0.5,0.125,0.5,exploratory; insufficient time blocks,False,exploratory; cluster-t assumes independent approximately normal block scores; bootstrap descriptive; no simultaneous CI correction,1.0,1.0,False,False,1.0,1.0
test_01560,results/combined_sources/predictions.parquet,structure_macro_prices_wages,composition,later_origins,6048,2016,2,1,3,"1,2",854.4252596682737,853.8019013153976,0.6233583528761528,-0.0730097171153852,,,,,,,-1.4453771539262985,2.562450564243984,,0.5,,exploratory; insufficient time blocks,False,exploratory; cluster-t assumes independent approximately normal block scores; bootstrap descriptive; no simultaneous CI correction,,1.0,False,False,,1.0
test_01561,results/combined_sources/predictions.parquet,structure_macro_prices_wages,composition,targets_jun_sep,24192,2016,4,2,3,"1,2,3",843.3737934521972,844.4491125303321,-1.0753190781348394,0.1273397132140647,,,-2.1687560594543727,-0.199147478554608,-11.30385788066194,9.15321972439191,-1.4067812163337845,-0.7610698341675219,0.5,0.25,0.5,exploratory; insufficient time blocks,False,exploratory; cluster-t assumes independent approximately normal block scores; bootstrap descriptive; no simultaneous CI correction,1.0,1.0,False,False,1.0,1.0
test_01562,results/combined_sources/predictions.parquet,structure_macro_prices_wages,composition,targets_oct_nov,12096,2016,2,1,3,"1,2,3",707.832443374797,708.293363076375,-0.4609197015780637,0.0650746887668299,,,,,,,-1.2971102065816686,0.1917513048195864,,1.0,,exploratory; insufficient time blocks,False,exploratory; cluster-t assumes independent approximately normal block scores; bootstrap descriptive; no simultaneous CI correction,,1.0,False,False,,1.0
test_01563,results/combined_sources/predictions.parquet,structure_macro_prices_wages,composition,targets_dec,6048,2016,1,1,3,"1,2,3",923.7665570518352,924.6334609757066,-0.8669039238715186,0.0937564949203471,,,,,,,-2.7294695801354565,0.9727138798547224,,,,exploratory; insufficient time blocks,False,exploratory; cluster-t assumes independent approximately normal block scores; bootstrap descriptive; no simultaneous CI correction,,,False,False,,
test_01564,results/combined_sources/predictions.parquet,structure_macro_prices_wages,composition,targets_jan_may,12096,2016,3,1,3,"1,2,3",1599.3250272320174,1597.2318879411291,2.093139290888302,-0.1310479277737442,,,-0.6200822308600537,5.935799759761519,,,0.9531339566897,3.6895893274617215,,0.5,,exploratory; insufficient time blocks,False,exploratory; cluster-t assumes independent approximately normal block scores; bootstrap descriptive; no simultaneous CI correction,,1.0,False,False,,1.0
test_01565,results/combined_sources/predictions.parquet,structure_macro_prices_wages,composition,all_available,54432,2016,10,4,3,"1,2,3",990.175185786028,990.3867125702272,-0.2115267841990089,0.0213579990032438,-1.0928715107058282,0.8685918520789561,-1.1477540834046318,1.145008369851168,-2.5022336047481715,2.079180036350257,-0.5102149035209123,0.0541760470272615,0.75,0.7265625,0.125,exploratory; insufficient time blocks,False,exploratory; cluster-t assumes independent approximately normal block scores; bootstrap descriptive; no simultaneous CI correction,1.0,1.0,False,False,1.0,1.0
test_01566,results/combined_sources/predictions.parquet,structure_macro_wages,composition,public_origins_jun_sep,24192,2016,6,2,3,"1,2,3",706.9272321721791,708.2537311145638,-1.3264989423847735,0.1872914866678204,-1.5726010514202453,-1.1273043607933644,-2.346102716370643,-0.1844332978324874,-2.626483035669012,-0.0265148491001236,-1.865189882450618,-0.8185357964663386,0.5,0.125,0.5,exploratory; insufficient time blocks,False,exploratory; cluster-t assumes independent approximately normal block scores; bootstrap descriptive; no simultaneous CI correction,1.0,1.0,False,False,1.0,1.0
test_01567,results/combined_sources/predictions.parquet,structure_macro_wages,composition,later_origins,6048,2016,2,1,3,"1,2",854.2001503950928,853.8019013153976,0.3982490796952334,-0.0466442015509308,,,,,,,-1.678769390842605,2.34218339295056,,1.0,,exploratory; insufficient time blocks,False,exploratory; cluster-t assumes independent approximately normal block scores; bootstrap descriptive; no simultaneous CI correction,,1.0,False,False,,1.0
test_01568,results/combined_sources/predictions.parquet,structure_macro_wages,composition,targets_jun_sep,24192,2016,4,2,3,"1,2,3",843.3507951204031,844.4491125303321,-1.0983174099289954,0.1300631848185576,,,-2.1144327467478057,-0.2107717931144041,-10.871120399171437,8.674485579313012,-1.3881974140656663,-0.8170482458576641,0.5,0.25,0.5,exploratory; insufficient time blocks,False,exploratory; cluster-t assumes independent approximately normal block scores; bootstrap descriptive; no simultaneous CI correction,1.0,1.0,False,False,1.0,1.0
test_01569,results/combined_sources/predictions.parquet,structure_macro_wages,composition,targets_oct_nov,12096,2016,2,1,3,"1,2,3",707.7670850303632,708.293363076375,-0.5262780460118393,0.0743022698569449,,,,,,,-1.3561285904668423,0.1362758083397847,,1.0,,exploratory; insufficient time blocks,False,exploratory; cluster-t assumes independent approximately normal block scores; bootstrap descriptive; no simultaneous CI correction,,1.0,False,False,,1.0
test_01570,results/combined_sources/predictions.parquet,structure_macro_wages,composition,targets_dec,6048,2016,1,1,3,"1,2,3",923.6358901966248,924.6334609757066,-0.9975707790817978,0.107888241252823,,,,,,,-2.849090527848663,0.8284332425039899,,,,exploratory; insufficient time blocks,False,exploratory; cluster-t assumes independent approximately normal block scores; bootstrap descriptive; no simultaneous CI correction,,,False,False,,
test_01571,results/combined_sources/predictions.parquet,structure_macro_wages,composition,targets_jan_may,12096,2016,3,1,3,"1,2,3",1599.2112211503918,1597.2318879411291,1.979333209262677,-0.1239227205646442,,,-0.7733841305541845,5.817283413737471,,,0.8542228646313841,3.5605006346663965,,0.5,,exploratory; insufficient time blocks,False,exploratory; cluster-t assumes independent approximately normal block scores; bootstrap descriptive; no simultaneous CI correction,,1.0,False,False,,1.0
test_01572,results/combined_sources/predictions.parquet,structure_macro_wages,composition,all_available,54432,2016,10,4,3,"1,2,3",990.1106314488608,990.3867125702272,-0.2760811213662464,0.0278760930313541,-1.1006410271225169,0.7831640423135462,-1.2066662074513872,1.0761376609713582,-2.509301496548882,1.957139253816254,-0.5715591574100906,-0.013618315910727,0.75,0.66796875,0.125,exploratory; insufficient time blocks,False,exploratory; cluster-t assumes independent approximately normal block scores; bootstrap descriptive; no simultaneous CI correction,1.0,1.0,False,False,1.0,1.0
test_01573,results/combined_sources/predictions.parquet,anchor,macro_interactions,public_origins_jun_sep,24192,2016,6,2,3,"1,2,3",719.4868084357182,717.0719623869182,2.4148460487999728,-0.336764812385311,0.1678266709635668,2.620440514353379,-1.0837301701235935,6.8153603045140985,-0.1974793231971592,5.027171420797366,1.7634199508346733,3.1130661801082145,0.5,0.21875,0.5,exploratory; insufficient time blocks,False,exploratory; cluster-t assumes independent approximately normal block scores; bootstrap descriptive; no simultaneous CI correction,1.0,1.0,False,False,1.0,1.0
test_01574,results/combined_sources/predictions.parquet,anchor,macro_interactions,later_origins,6048,2016,2,1,3,"1,2",853.5098243065104,844.5786424074738,8.931181899036574,-1.0574719097298286,,,,,,,6.984594329450211,10.975616117803858,,0.5,,exploratory; insufficient time blocks,False,exploratory; cluster-t assumes independent approximately normal block scores; bootstrap descriptive; no simultaneous CI correction,,1.0,False,False,,1.0
test_01575,results/combined_sources/predictions.parquet,anchor,macro_interactions,targets_jun_sep,24192,2016,4,2,3,"1,2,3",851.5168569694629,850.6252685168478,0.8915884526151103,-0.1048156556846337,,,-0.6530330654917283,2.480765718638854,-13.15292164326733,14.936098548497895,0.5840742751589151,1.193995297170629,0.5,0.5,0.5,exploratory; insufficient time blocks,False,exploratory; cluster-t assumes independent approximately normal block scores; bootstrap descriptive; no simultaneous CI correction,1.0,1.0,False,False,1.0,1.0
test_01576,results/combined_sources/predictions.parquet,anchor,macro_interactions,targets_oct_nov,12096,2016,2,1,3,"1,2,3",710.7308372159143,708.8498591128302,1.8809781030840893,-0.2653563485839231,,,,,,,0.9239791985239486,3.0179489090942475,,1.0,,exploratory; insufficient time blocks,False,exploratory; cluster-t assumes independent approximately normal block scores; bootstrap descriptive; no simultaneous CI correction,,1.0,False,False,,1.0
test_01577,results/combined_sources/predictions.parquet,anchor,macro_interactions,targets_dec,6048,2016,1,1,3,"1,2,3",932.3191406078004,921.9090338862256,10.410106721574948,-1.1291902279872523,,,,,,,7.939002513160338,12.908516714257631,,,,exploratory; insufficient time blocks,False,exploratory; cluster-t assumes independent approximately normal block scores; bootstrap descriptive; no simultaneous CI correction,,,False,False,,
test_01578,results/combined_sources/predictions.parquet,anchor,macro_interactions,targets_jan_may,12096,2016,3,1,3,"1,2,3",1582.2554163674506,1583.1522278895093,-0.8968115220586697,0.0566472071516586,,,-1.2253640112845972,-0.6964642204336496,,,-1.0023974957431507,-0.79621633054945,,0.25,,exploratory; insufficient time blocks,False,exploratory; cluster-t assumes independent approximately normal block scores; bootstrap descriptive; no simultaneous CI correction,,1.0,False,False,,1.0
test_01579,results/combined_sources/predictions.parquet,anchor,macro_interactions,all_available,54432,2016,10,4,3,"1,2,3",991.5954528502648,989.8238091064773,1.771643743787422,-0.178985767718267,-0.8112157678617067,2.956770601513974,-0.790050955485644,4.616061266171442,-2.8664973688858923,6.409784856460845,1.3183244427052865,2.200838134827304,0.375,0.32421875,0.125,exploratory; insufficient time blocks,False,exploratory; cluster-t assumes independent approximately normal block scores; bootstrap descriptive; no simultaneous CI correction,1.0,1.0,False,False,1.0,1.0
test_01580,results/combined_sources/predictions.parquet,composition,macro_interactions,public_origins_jun_sep,24192,2016,6,2,3,"1,2,3",708.2537311145638,717.0719623869182,-8.81823127235441,1.2297554129715451,-13.83055059903237,-3.805911945676347,-17.79025080718016,2.084594276524748,-72.50578684150064,54.86932429679192,-11.44493774859974,-6.332822422188489,0.5,0.21875,0.5,exploratory; insufficient time blocks,False,exploratory; cluster-t assumes independent approximately normal block scores; bootstrap descriptive; no simultaneous CI correction,1.0,1.0,False,False,1.0,1.0
test_01581,results/combined_sources/predictions.parquet,composition,macro_interactions,later_origins,6048,2016,2,1,3,"1,2",853.8019013153976,844.5786424074738,9.223258907923764,-1.0920544807565626,,,,,,,5.926630014473428,12.474962901622206,,1.0,,exploratory; insufficient time blocks,False,exploratory; cluster-t assumes independent approximately normal block scores; bootstrap descriptive; no simultaneous CI correction,,1.0,False,False,,1.0
test_01582,results/combined_sources/predictions.parquet,composition,macro_interactions,targets_jun_sep,24192,2016,4,2,3,"1,2,3",844.4491125303321,850.6252685168478,-6.17615598651571,0.7260724804571665,,,-14.014983950665536,0.7603364764920781,-76.38646064378361,64.0341486707525,-8.373026570095416,-3.951133994338994,0.5,0.25,0.5,exploratory; insufficient time blocks,False,exploratory; cluster-t assumes independent approximately normal block scores; bootstrap descriptive; no simultaneous CI correction,1.0,1.0,False,False,1.0,1.0
test_01583,results/combined_sources/predictions.parquet,composition,macro_interactions,targets_oct_nov,12096,2016,2,1,3,"1,2,3",708.293363076375,708.8498591128302,-0.5564960364552007,0.0785068980830002,,,,,,,-4.294699837951598,2.650109722021746,,1.0,,exploratory; insufficient time blocks,False,exploratory; cluster-t assumes independent approximately normal block scores; bootstrap descriptive; no simultaneous CI correction,,1.0,False,False,,1.0
test_01584,results/combined_sources/predictions.parquet,composition,macro_interactions,targets_dec,6048,2016,1,1,3,"1,2,3",924.6334609757066,921.9090338862256,2.7244270894810825,-0.2955201640661338,,,,,,,0.483333867431956,4.704510700045036,,,,exploratory; insufficient time blocks,False,exploratory; cluster-t assumes independent approximately normal block scores; bootstrap descriptive; no simultaneous CI correction,,,False,False,,
test_01585,results/combined_sources/predictions.parquet,composition,macro_interactions,targets_jan_may,12096,2016,3,1,3,"1,2,3",1597.2318879411291,1583.1522278895093,14.07966005161984,-0.8893434126918641,,,2.257388577188433,26.47495574649265,,,11.593481035779268,16.981335945825762,,0.25,,exploratory; insufficient time blocks,False,exploratory; cluster-t assumes independent approximately normal block scores; bootstrap descriptive; no simultaneous CI correction,,1.0,False,False,,1.0
test_01586,results/combined_sources/predictions.parquet,composition,macro_interactions,all_available,54432,2016,10,4,3,"1,2,3",990.3867125702272,989.8238091064773,0.5629034637498762,-0.0568690567524349,-6.318905130936281,7.625073732554127,-6.105192730012073,8.123481453027479,-13.702566702554009,14.828373630053674,-0.8630957795578388,1.7771068349274148,0.875,0.880859375,0.125,exploratory; insufficient time blocks,False,exploratory; cluster-t assumes independent approximately normal block scores; bootstrap descriptive; no simultaneous CI correction,1.0,1.0,False,False,1.0,1.0
test_01587,results/combined_sources/predictions.parquet,regional_prices,macro_interactions,public_origins_jun_sep,24192,2016,6,2,3,"1,2,3",719.19759408906,717.0719623869182,2.125631702141732,-0.2964321314510944,0.1244160018533195,2.333761497890601,-0.979831264406746,5.959363049549043,-0.5189080943941091,4.770171498677732,1.5427087845655347,2.7593582573274547,0.5,0.21875,0.5,exploratory; insufficient time blocks,False,exploratory; cluster-t assumes independent approximately normal block scores; bootstrap descriptive; no simultaneous CI correction,1.0,1.0,False,False,1.0,1.0
test_01588,results/combined_sources/predictions.parquet,regional_prices,macro_interactions,later_origins,6048,2016,2,1,3,"1,2",853.1993887316041,844.5786424074738,8.620746324130323,-1.0207156434310083,,,,,,,6.806003970210399,10.483337395864115,,0.5,,exploratory; insufficient time blocks,False,exploratory; cluster-t assumes independent approximately normal block scores; bootstrap descriptive; no simultaneous CI correction,,1.0,False,False,,1.0
test_01589,results/combined_sources/predictions.parquet,regional_prices,macro_interactions,targets_jun_sep,24192,2016,4,2,3,"1,2,3",851.4306798062644,850.6252685168478,0.805411289416611,-0.0946846183891207,,,-0.4661020875255498,2.1802395547495075,-11.419271402722336,13.030093981555527,0.573304997594897,1.027265624369525,0.5,0.5,0.5,exploratory; insufficient time blocks,False,exploratory; cluster-t assumes independent approximately normal block scores; bootstrap descriptive; no simultaneous CI correction,1.0,1.0,False,False,1.0,1.0
test_01590,results/combined_sources/predictions.parquet,regional_prices,macro_interactions,targets_oct_nov,12096,2016,2,1,3,"1,2,3",710.6465902134278,708.8498591128302,1.7967311005975262,-0.2534713208303726,,,,,,,0.92681342306177,2.833591227977181,,1.0,,exploratory; insufficient time blocks,False,exploratory; cluster-t assumes independent approximately normal block scores; bootstrap descriptive; no simultaneous CI correction,,1.0,False,False,,1.0
test_01591,results/combined_sources/predictions.parquet,regional_prices,macro_interactions,targets_dec,6048,2016,1,1,3,"1,2,3",931.6038410049416,921.9090338862256,9.6948071187162,-1.0516012710981475,,,,,,,7.471677796590362,11.96041628214119,,,,exploratory; insufficient time blocks,False,exploratory; cluster-t assumes independent approximately normal block scores; bootstrap descriptive; no simultaneous CI correction,,,False,False,,
test_01592,results/combined_sources/predictions.parquet,regional_prices,macro_interactions,targets_jan_may,12096,2016,3,1,3,"1,2,3",1582.539234367293,1583.1522278895093,-0.6129935222163567,0.0387198092146536,,,-0.9137454982537896,-0.427002958742406,,,-0.6989703879220719,-0.5342622570341377,,0.25,,exploratory; insufficient time blocks,False,exploratory; cluster-t assumes independent approximately normal block scores; bootstrap descriptive; no simultaneous CI correction,,1.0,False,False,,1.0
test_01593,results/combined_sources/predictions.parquet,regional_prices,macro_interactions,all_available,54432,2016,10,4,3,"1,2,3",991.5220232657156,989.8238091064773,1.6982141592384323,-0.1715673176998465,-0.5580894740665256,2.75835101291914,-0.6264209400211919,4.301560833149027,-2.545152692048311,5.941581010524961,1.2919905936665834,2.081180398191202,0.375,0.314453125,0.125,exploratory; insufficient time blocks,False,exploratory; cluster-t assumes independent approximately normal block scores; bootstrap descriptive; no simultaneous CI correction,1.0,1.0,False,False,1.0,1.0
test_01594,results/combined_sources/predictions.parquet,regional_prices_wages,macro_interactions,public_origins_jun_sep,24192,2016,6,2,3,"1,2,3",719.8457824296023,717.0719623869182,2.773820042684065,-0.3868258958906784,0.0577953114678654,3.276270420225172,-0.8097079881415341,7.354808351770399,-3.610417324249432,9.158057409617763,1.946484535054896,3.649388870629772,0.5,0.15625,0.5,exploratory; insufficient time blocks,False,exploratory; cluster-t assumes independent approximately normal block scores; bootstrap descriptive; no simultaneous CI correction,1.0,1.0,False,False,1.0,1.0
test_01595,results/combined_sources/predictions.parquet,regional_prices_wages,macro_interactions,later_origins,6048,2016,2,1,3,"1,2",856.0012616091633,844.5786424074738,11.422619201689486,-1.3524636579879972,,,,,,,8.999580028024345,13.914764356801724,,0.5,,exploratory; insufficient time blocks,False,exploratory; cluster-t assumes independent approximately normal block scores; bootstrap descriptive; no simultaneous CI correction,,1.0,False,False,,1.0
test_01596,results/combined_sources/predictions.parquet,regional_prices_wages,macro_interactions,targets_jun_sep,24192,2016,4,2,3,"1,2,3",851.2536512680431,850.6252685168478,0.6283827511953177,-0.0738730407446004,,,-2.5282617606419637,2.4364105010744863,-10.116900126202898,11.373665628593765,0.0306694301172916,1.1999354149166508,0.5,0.75,0.5,exploratory; insufficient time blocks,False,exploratory; cluster-t assumes independent approximately normal block scores; bootstrap descriptive; no simultaneous CI correction,1.0,1.0,False,False,1.0,1.0
test_01597,results/combined_sources/predictions.parquet,regional_prices_wages,macro_interactions,targets_oct_nov,12096,2016,2,1,3,"1,2,3",710.616318104653,708.8498591128302,1.7664589918227875,-0.2492007255293273,,,,,,,0.7258363005521562,2.978788300381926,,1.0,,exploratory; insufficient time blocks,False,exploratory; cluster-t assumes independent approximately normal block scores; bootstrap descriptive; no simultaneous CI correction,,1.0,False,False,,1.0
test_01598,results/combined_sources/predictions.parquet,regional_prices_wages,macro_interactions,targets_dec,6048,2016,1,1,3,"1,2,3",934.3414744345556,921.9090338862256,12.432440548329964,-1.3485539344290962,,,,,,,9.619854189281124,15.599382892882334,,,,exploratory; insufficient time blocks,False,exploratory; cluster-t assumes independent approximately normal block scores; bootstrap descriptive; no simultaneous CI correction,,,False,False,,
test_01599,results/combined_sources/predictions.parquet,regional_prices_wages,macro_interactions,targets_jan_may,12096,2016,3,1,3,"1,2,3",1590.342366355202,1583.1522278895093,7.190138465692826,-0.4541659569451484,,,0.5431159413069204,17.70756652132735,,,5.04116912019989,10.458279526333865,,0.25,,exploratory; insufficient time blocks,False,exploratory; cluster-t assumes independent approximately normal block scores; bootstrap descriptive; no simultaneous CI correction,,1.0,False,False,,1.0
test_01600,results/combined_sources/predictions.parquet,regional_prices_wages,macro_interactions,all_available,54432,2016,10,4,3,"1,2,3",993.4748276029376,989.8238091064773,3.6510184964604377,-0.3688553925325604,0.0280553263700961,5.124023883726296,0.0198775973128796,7.87208948911128,-3.045613625051804,10.347650617972588,2.6826560637872,4.668879021382298,0.125,0.109375,0.125,exploratory; insufficient time blocks,False,exploratory; cluster-t assumes independent approximately normal block scores; bootstrap descriptive; no simultaneous CI correction,1.0,1.0,False,False,1.0,1.0
test_01601,results/combined_sources/predictions.parquet,regional_wages,macro_interactions,public_origins_jun_sep,24192,2016,6,2,3,"1,2,3",720.1613471664543,717.0719623869182,3.08938477953609,-0.4308332972959159,0.1347753055500888,3.618991849655432,-0.9074642456519288,8.178037076169637,-3.63991108326137,9.818680642333677,2.181465855088111,4.029186454547234,0.5,0.15625,0.5,exploratory; insufficient time blocks,False,exploratory; cluster-t assumes independent approximately normal block scores; bootstrap descriptive; no simultaneous CI correction,1.0,1.0,False,False,1.0,1.0
test_01602,results/combined_sources/predictions.parquet,regional_wages,macro_interactions,later_origins,6048,2016,2,1,3,"1,2",856.3511631390072,844.5786424074738,11.772520731533405,-1.3938927816095137,,,,,,,9.22974109577432,14.344565523641116,,0.5,,exploratory; insufficient time blocks,False,exploratory; cluster-t assumes independent approximately normal block scores; bootstrap descriptive; no simultaneous CI correction,,1.0,False,False,,1.0
test_01603,results/combined_sources/predictions.parquet,regional_wages,macro_interactions,targets_jun_sep,24192,2016,4,2,3,"1,2,3",851.3572659447772,850.6252685168478,0.7319974279294001,-0.0860540422465597,,,-2.69889366196842,2.6973609248945336,-12.015272373920292,13.47926722977909,0.0553316223176464,1.3905072280540751,0.5,0.625,0.5,exploratory; insufficient time blocks,False,exploratory; cluster-t assumes independent approximately normal block scores; bootstrap descriptive; no simultaneous CI correction,1.0,1.0,False,False,1.0,1.0
test_01604,results/combined_sources/predictions.parquet,regional_wages,macro_interactions,targets_oct_nov,12096,2016,2,1,3,"1,2,3",710.7071336534556,708.8498591128302,1.8572745406253264,-0.2620124017446827,,,,,,,0.7379343352139852,3.1687599925001124,,1.0,,exploratory; insufficient time blocks,False,exploratory; cluster-t assumes independent approximately normal block scores; bootstrap descriptive; no simultaneous CI correction,,1.0,False,False,,1.0
test_01605,results/combined_sources/predictions.parquet,regional_wages,macro_interactions,targets_dec,6048,2016,1,1,3,"1,2,3",935.0865609553416,921.9090338862256,13.17752706911608,-1.429373895336223,,,,,,,10.154052470339993,16.458277197225335,,,,exploratory; insufficient time blocks,False,exploratory; cluster-t assumes independent approximately normal block scores; bootstrap descriptive; no simultaneous CI correction,,,False,False,,
test_01606,results/combined_sources/predictions.parquet,regional_wages,macro_interactions,targets_jan_may,12096,2016,3,1,3,"1,2,3",1590.1300418226228,1583.1522278895093,6.977813933113566,-0.4407544524265773,,,0.2767000073956051,17.51899362510203,,,4.846828764962293,10.22517048217021,,0.25,,exploratory; insufficient time blocks,False,exploratory; cluster-t assumes independent approximately normal block scores; bootstrap descriptive; no simultaneous CI correction,,1.0,False,False,,1.0
test_01607,results/combined_sources/predictions.parquet,regional_wages,macro_interactions,all_available,54432,2016,10,4,3,"1,2,3",993.5766639651788,989.8238091064773,3.7528548587014257,-0.3791437247896836,-0.0256179753924912,5.072390617381608,-0.06293081887685,8.10033972673282,-3.030993904089137,10.536703621491869,2.7248138607432963,4.837312043032687,0.125,0.111328125,0.125,exploratory; insufficient time blocks,False,exploratory; cluster-t assumes independent approximately normal block scores; bootstrap descriptive; no simultaneous CI correction,1.0,1.0,False,False,1.0,1.0
test_01608,results/combined_sources/predictions.parquet,structure_macro,macro_interactions,public_origins_jun_sep,24192,2016,6,2,3,"1,2,3",707.7773339319757,717.0719623869182,-9.29462845494254,1.2961918667135583,-14.238436394155547,-4.350820515729201,-19.02220577768056,2.257168030156437,-72.11166430818338,53.52240739829863,-12.065074849703178,-6.67874996165752,0.5,0.21875,0.5,exploratory; insufficient time blocks,False,exploratory; cluster-t assumes independent approximately normal block scores; bootstrap descriptive; no simultaneous CI correction,1.0,1.0,False,False,1.0,1.0
test_01609,results/combined_sources/predictions.parquet,structure_macro,macro_interactions,later_origins,6048,2016,2,1,3,"1,2",853.1157003083807,844.5786424074738,8.537057900906916,-1.0108067469681696,,,,,,,5.359499545711313,11.651764085607274,,1.0,,exploratory; insufficient time blocks,False,exploratory; cluster-t assumes independent approximately normal block scores; bootstrap descriptive; no simultaneous CI correction,,1.0,False,False,,1.0
test_01610,results/combined_sources/predictions.parquet,structure_macro,macro_interactions,targets_jun_sep,24192,2016,4,2,3,"1,2,3",844.3333161991665,850.6252685168478,-6.291952317681307,0.739685564320464,,,-14.481402713199776,1.0440965973813023,-79.53850284752022,66.95459821215766,-8.573082129115887,-3.984000304261816,0.5,0.25,0.5,exploratory; insufficient time blocks,False,exploratory; cluster-t assumes independent approximately normal block scores; bootstrap descriptive; no simultaneous CI correction,1.0,1.0,False,False,1.0,1.0
test_01611,results/combined_sources/predictions.parquet,structure_macro,macro_interactions,targets_oct_nov,12096,2016,2,1,3,"1,2,3",708.2224156941929,708.8498591128302,-0.6274434186373128,0.088515700549422,,,,,,,-4.645342262235542,2.815362010570289,,1.0,,exploratory; insufficient time blocks,False,exploratory; cluster-t assumes independent approximately normal block scores; bootstrap descriptive; no simultaneous CI correction,,1.0,False,False,,1.0
test_01612,results/combined_sources/predictions.parquet,structure_macro,macro_interactions,targets_dec,6048,2016,1,1,3,"1,2,3",922.9993375929488,921.9090338862256,1.0903037067232615,-0.1182658664409853,,,,,,,-0.9994796716096976,2.8906485196837863,,,,exploratory; insufficient time blocks,False,exploratory; cluster-t assumes independent approximately normal block scores; bootstrap descriptive; no simultaneous CI correction,,,False,False,,
test_01613,results/combined_sources/predictions.parquet,structure_macro,macro_interactions,targets_jan_may,12096,2016,3,1,3,"1,2,3",1597.5934167193936,1583.1522278895093,14.441188829884368,-0.9121794212509704,,,2.558770124884214,26.710932284244155,,,11.917898070442622,17.38882481722852,,0.25,,exploratory; insufficient time blocks,False,exploratory; cluster-t assumes independent approximately normal block scores; bootstrap descriptive; no simultaneous CI correction,,1.0,False,False,,1.0
test_01614,results/combined_sources/predictions.parquet,structure_macro,macro_interactions,all_available,54432,2016,10,4,3,"1,2,3",990.2182519129764,989.8238091064773,0.394442806499228,-0.0398497998199593,-6.576019986890379,7.865318305431609,-6.5281220353725145,8.17200942178526,-14.173245081100267,14.96213069409861,-1.0826548509337974,1.6524927911226877,0.875,0.921875,0.125,exploratory; insufficient time blocks,False,exploratory; cluster-t assumes independent approximately normal block scores; bootstrap descriptive; no simultaneous CI correction,1.0,1.0,False,False,1.0,1.0
test_01615,results/combined_sources/predictions.parquet,structure_macro_blend,macro_interactions,public_origins_jun_sep,24192,2016,6,2,3,"1,2,3",712.3579750218944,717.0719623869182,-4.713987365023854,0.6573939035815037,-7.187742432982165,-2.2402322970653743,-9.207267145494312,0.7601067063354958,-36.14602572628963,26.71805099624209,-6.041813429083139,-3.449788666375979,0.5,0.15625,0.5,exploratory; insufficient time blocks,False,exploratory; cluster-t assumes independent approximately normal block scores; bootstrap descriptive; no simultaneous CI correction,1.0,1.0,False,False,1.0,1.0
test_01616,results/combined_sources/predictions.parquet,structure_macro_blend,macro_interactions,later_origins,6048,2016,2,1,3,"1,2",849.1026311562068,844.5786424074738,4.523988748733018,-0.5356503848874719,,,,,,,2.8739113361184843,6.153057113586378,,1.0,,exploratory; insufficient time blocks,False,exploratory; cluster-t assumes independent approximately normal block scores; bootstrap descriptive; no simultaneous CI correction,,1.0,False,False,,1.0
test_01617,results/combined_sources/predictions.parquet,structure_macro_blend,macro_interactions,targets_jun_sep,24192,2016,4,2,3,"1,2,3",847.3838852416375,850.6252685168478,-3.241383275210296,0.3810588981046824,,,-7.224159968799436,0.3029202815877089,-39.042063141068255,32.55929659064768,-4.346208020158882,-2.118984771956695,0.5,0.25,0.5,exploratory; insufficient time blocks,False,exploratory; cluster-t assumes independent approximately normal block scores; bootstrap descriptive; no simultaneous CI correction,1.0,1.0,False,False,1.0,1.0
test_01618,results/combined_sources/predictions.parquet,structure_macro_blend,macro_interactions,targets_oct_nov,12096,2016,2,1,3,"1,2,3",708.3011948191247,708.8498591128302,-0.5486642937055421,0.077402045955434,,,,,,,-2.4263346458016515,1.0374103628382922,,1.0,,exploratory; insufficient time blocks,False,exploratory; cluster-t assumes independent approximately normal block scores; bootstrap descriptive; no simultaneous CI correction,,1.0,False,False,,1.0
test_01619,results/combined_sources/predictions.parquet,structure_macro_blend,macro_interactions,targets_dec,6048,2016,1,1,3,"1,2,3",923.0498866282388,921.9090338862256,1.140852742013294,-0.1237489491999151,,,,,,,0.0519054587086855,2.091297275402596,,,,exploratory; insufficient time blocks,False,exploratory; cluster-t assumes independent approximately normal block scores; bootstrap descriptive; no simultaneous CI correction,,,False,False,,
test_01620,results/combined_sources/predictions.parquet,structure_macro_blend,macro_interactions,targets_jan_may,12096,2016,3,1,3,"1,2,3",1590.1668342923451,1583.1522278895093,7.014606402835852,-0.4430784531811563,,,1.1033042346518018,13.162306297229556,,,5.770592797217628,8.464673300114354,,0.25,,exploratory; insufficient time blocks,False,exploratory; cluster-t assumes independent approximately normal block scores; bootstrap descriptive; no simultaneous CI correction,,1.0,False,False,,1.0
test_01621,results/combined_sources/predictions.parquet,structure_macro_blend,macro_interactions,all_available,54432,2016,10,4,3,"1,2,3",989.9468317575254,989.8238091064773,0.1230226510481315,-0.0124287423596311,-3.3835246992569368,3.7410408509400326,-3.2525253720856138,3.920952214590605,-7.156575636237684,7.402620938333892,-0.5898924459947118,0.7228971646805852,1.0,0.947265625,0.125,exploratory; insufficient time blocks,False,exploratory; cluster-t assumes independent approximately normal block scores; bootstrap descriptive; no simultaneous CI correction,1.0,1.0,False,False,1.0,1.0
test_01622,results/combined_sources/predictions.parquet,structure_macro_prices,macro_interactions,public_origins_jun_sep,24192,2016,6,2,3,"1,2,3",707.7718902966642,717.0719623869182,-9.300072090254048,1.2969510144137957,-14.274154602862916,-4.325989577645111,-19.06111532794976,2.3113980342549283,-72.5017828713693,53.90163869086128,-12.079958222663151,-6.688435021126231,0.5,0.21875,0.5,exploratory; insufficient time blocks,False,exploratory; cluster-t assumes independent approximately normal block scores; bootstrap descriptive; no simultaneous CI correction,1.0,1.0,False,False,1.0,1.0
test_01623,results/combined_sources/predictions.parquet,structure_macro_prices,macro_interactions,later_origins,6048,2016,2,1,3,"1,2",853.3311937629626,844.5786424074738,8.752551355488777,-1.0363216539006486,,,,,,,5.565903942209027,11.86495638984519,,1.0,,exploratory; insufficient time blocks,False,exploratory; cluster-t assumes independent approximately normal block scores; bootstrap descriptive; no simultaneous CI correction,,1.0,False,False,,1.0
test_01624,results/combined_sources/predictions.parquet,structure_macro_prices,macro_interactions,targets_jun_sep,24192,2016,4,2,3,"1,2,3",844.3621960241045,850.6252685168478,-6.263072492743277,0.7362904353480569,,,-14.501813302623042,1.1911386077578905,-79.8257509892928,67.29960600380628,-8.577589879678325,-3.931863205224424,0.5,0.25,0.5,exploratory; insufficient time blocks,False,exploratory; cluster-t assumes independent approximately normal block scores; bootstrap descriptive; no simultaneous CI correction,1.0,1.0,False,False,1.0,1.0
test_01625,results/combined_sources/predictions.parquet,structure_macro_prices,macro_interactions,targets_oct_nov,12096,2016,2,1,3,"1,2,3",708.2943377167614,708.8498591128302,-0.5555213960687979,0.0783694020570262,,,,,,,-4.583726496884295,2.9095234007149764,,1.0,,exploratory; insufficient time blocks,False,exploratory; cluster-t assumes independent approximately normal block scores; bootstrap descriptive; no simultaneous CI correction,,1.0,False,False,,1.0
test_01626,results/combined_sources/predictions.parquet,structure_macro_prices,macro_interactions,targets_dec,6048,2016,1,1,3,"1,2,3",923.1206488785618,921.9090338862256,1.2116149923363082,-0.1314245709502219,,,,,,,-0.8640214097552555,3.005160869383941,,,,exploratory; insufficient time blocks,False,exploratory; cluster-t assumes independent approximately normal block scores; bootstrap descriptive; no simultaneous CI correction,,,False,False,,
test_01627,results/combined_sources/predictions.parquet,structure_macro_prices,macro_interactions,targets_jan_may,12096,2016,3,1,3,"1,2,3",1597.7206917582898,1583.1522278895093,14.568463868780556,-0.9202187643194416,,,2.722232080201401,26.701080999023183,,,12.035701466134263,17.53232071426935,,0.25,,exploratory; insufficient time blocks,False,exploratory; cluster-t assumes independent approximately normal block scores; bootstrap descriptive; no simultaneous CI correction,,1.0,False,False,,1.0
test_01628,results/combined_sources/predictions.parquet,structure_macro_prices,macro_interactions,all_available,54432,2016,10,4,3,"1,2,3",990.2888324361204,989.8238091064773,0.4650233296430315,-0.0469804146318537,-6.549382377380911,8.00110894519742,-6.492977180247698,8.285317345580186,-14.16748370354295,15.097530362828964,-1.012109114123882,1.7250128148192712,0.875,0.904296875,0.125,exploratory; insufficient time blocks,False,exploratory; cluster-t assumes independent approximately normal block scores; bootstrap descriptive; no simultaneous CI correction,1.0,1.0,False,False,1.0,1.0
test_01629,results/combined_sources/predictions.parquet,structure_macro_prices_wages,macro_interactions,public_origins_jun_sep,24192,2016,6,2,3,"1,2,3",706.9075123895138,717.0719623869182,-10.164449997404404,1.417493714796767,-15.316937209180397,-5.011962785628289,-20.15325175350884,1.6713963125720095,-75.63300741207904,55.30410741727035,-13.189284562517136,-7.277683774148737,0.5,0.1875,0.5,exploratory; insufficient time blocks,False,exploratory; cluster-t assumes independent approximately normal block scores; bootstrap descriptive; no simultaneous CI correction,1.0,1.0,False,False,1.0,1.0
test_01630,results/combined_sources/predictions.parquet,structure_macro_prices_wages,macro_interactions,later_origins,6048,2016,2,1,3,"1,2",854.4252596682737,844.5786424074738,9.846617260799915,-1.1658615037590945,,,,,,,6.553597700387146,13.27478571784834,,1.0,,exploratory; insufficient time blocks,False,exploratory; cluster-t assumes independent approximately normal block scores; bootstrap descriptive; no simultaneous CI correction,,1.0,False,False,,1.0
test_01631,results/combined_sources/predictions.parquet,structure_macro_prices_wages,macro_interactions,targets_jun_sep,24192,2016,4,2,3,"1,2,3",843.3737934521972,850.6252685168478,-7.251475064650549,0.8524876150568909,,,-16.003939181734427,-0.2172209525889993,-87.69031852444556,73.18736839514443,-9.747831575261992,-4.739872175571083,0.5,0.25,0.5,exploratory; insufficient time blocks,False,exploratory; cluster-t assumes independent approximately normal block scores; bootstrap descriptive; no simultaneous CI correction,1.0,1.0,False,False,1.0,1.0
test_01632,results/combined_sources/predictions.parquet,structure_macro_prices_wages,macro_interactions,targets_oct_nov,12096,2016,2,1,3,"1,2,3",707.832443374797,708.8498591128302,-1.0174157380332645,0.1435304987302422,,,,,,,-5.356200008681647,2.577543934291743,,1.0,,exploratory; insufficient time blocks,False,exploratory; cluster-t assumes independent approximately normal block scores; bootstrap descriptive; no simultaneous CI correction,,1.0,False,False,,1.0
test_01633,results/combined_sources/predictions.parquet,structure_macro_prices_wages,macro_interactions,targets_dec,6048,2016,1,1,3,"1,2,3",923.7665570518352,921.9090338862256,1.857523165609564,-0.2014865997981753,,,,,,,-0.6000286203881466,4.179750465839007,,,,exploratory; insufficient time blocks,False,exploratory; cluster-t assumes independent approximately normal block scores; bootstrap descriptive; no simultaneous CI correction,,,False,False,,
test_01634,results/combined_sources/predictions.parquet,structure_macro_prices_wages,macro_interactions,targets_jan_may,12096,2016,3,1,3,"1,2,3",1599.3250272320174,1583.1522278895093,16.172799342508142,-1.0215568065787333,,,1.6373063463283797,31.55121917559188,,,12.972318071860078,20.391627057281998,,0.25,,exploratory; insufficient time blocks,False,exploratory; cluster-t assumes independent approximately normal block scores; bootstrap descriptive; no simultaneous CI correction,,1.0,False,False,,1.0
test_01635,results/combined_sources/predictions.parquet,structure_macro_prices_wages,macro_interactions,all_available,54432,2016,10,4,3,"1,2,3",990.175185786028,989.8238091064773,0.3513766795508672,-0.0354989116566167,-7.350635850031536,8.310917816899181,-7.182246125958284,9.044339373155976,-16.16157248844136,16.86432584754311,-1.299434266499828,1.7383870007657665,0.875,0.931640625,0.125,exploratory; insufficient time blocks,False,exploratory; cluster-t assumes independent approximately normal block scores; bootstrap descriptive; no simultaneous CI correction,1.0,1.0,False,False,1.0,1.0
test_01636,results/combined_sources/predictions.parquet,structure_macro_wages,macro_interactions,public_origins_jun_sep,24192,2016,6,2,3,"1,2,3",706.9272321721791,717.0719623869182,-10.144730214739184,1.4147436724440332,-15.259360508401205,-5.030099921076648,-20.09872185402052,1.6261322459987952,-75.13226987716965,54.84280944769179,-13.17972410518268,-7.272775443542889,0.5,0.1875,0.5,exploratory; insufficient time blocks,False,exploratory; cluster-t assumes independent approximately normal block scores; bootstrap descriptive; no simultaneous CI correction,1.0,1.0,False,False,1.0,1.0
test_01637,results/combined_sources/predictions.parquet,structure_macro_wages,macro_interactions,later_origins,6048,2016,2,1,3,"1,2",854.2001503950928,844.5786424074738,9.621507987618998,-1.1392080624005436,,,,,,,6.340025178575224,13.066075404890658,,1.0,,exploratory; insufficient time blocks,False,exploratory; cluster-t assumes independent approximately normal block scores; bootstrap descriptive; no simultaneous CI correction,,1.0,False,False,,1.0
test_01638,results/combined_sources/predictions.parquet,structure_macro_wages,macro_interactions,targets_jun_sep,24192,2016,4,2,3,"1,2,3",843.3507951204031,850.6252685168478,-7.274473396444705,0.8551913122835504,,,-15.960822042464295,-0.378005868382391,-87.25758104295505,72.70863425006553,-9.728982478580011,-4.794800275090095,0.5,0.25,0.5,exploratory; insufficient time blocks,False,exploratory; cluster-t assumes independent approximately normal block scores; bootstrap descriptive; no simultaneous CI correction,1.0,1.0,False,False,1.0,1.0
test_01639,results/combined_sources/predictions.parquet,structure_macro_wages,macro_interactions,targets_oct_nov,12096,2016,2,1,3,"1,2,3",707.7670850303632,708.8498591128302,-1.08277408246704,0.1527508355326753,,,,,,,-5.395284523356982,2.4848639718327026,,1.0,,exploratory; insufficient time blocks,False,exploratory; cluster-t assumes independent approximately normal block scores; bootstrap descriptive; no simultaneous CI correction,,1.0,False,False,,1.0
test_01640,results/combined_sources/predictions.parquet,structure_macro_wages,macro_interactions,targets_dec,6048,2016,1,1,3,"1,2,3",923.6358901966248,921.9090338862256,1.7268563103992849,-0.1873130913057523,,,,,,,-0.7398795047851314,4.049804660815912,,,,exploratory; insufficient time blocks,False,exploratory; cluster-t assumes independent approximately normal block scores; bootstrap descriptive; no simultaneous CI correction,,,False,False,,
test_01641,results/combined_sources/predictions.parquet,structure_macro_wages,macro_interactions,targets_jan_may,12096,2016,3,1,3,"1,2,3",1599.2112211503918,1583.1522278895093,16.058993260882517,-1.0143682318086786,,,1.4840044466342486,31.43270282956784,,,12.858751091807688,20.259506763734485,,0.25,,exploratory; insufficient time blocks,False,exploratory; cluster-t assumes independent approximately normal block scores; bootstrap descriptive; no simultaneous CI correction,,1.0,False,False,,1.0
test_01642,results/combined_sources/predictions.parquet,structure_macro_wages,macro_interactions,all_available,54432,2016,10,4,3,"1,2,3",990.1106314488608,989.8238091064773,0.2868223423836298,-0.0289771108499144,-7.375863789991071,8.191582466777078,-7.216877012190894,8.929624114517662,-16.162319175407987,16.735963860175026,-1.3636883984991817,1.672767375268565,0.875,0.943359375,0.125,exploratory; insufficient time blocks,False,exploratory; cluster-t assumes independent approximately normal block scores; bootstrap descriptive; no simultaneous CI correction,1.0,1.0,False,False,1.0,1.0
test_01643,results/new_model_calibration/corrected_point_predictions.parquet,bolt_ridge_seasonal_ema/log_bias_half,bolt_ridge_seasonal_ema/original,public_origins_jun_sep,24192,2016,6,2,3,"1,2,3",928.3889890766242,719.4868084357182,208.90218064090595,-29.0348868376188,106.28705309114513,311.5173081906666,108.53902610447986,300.7890813207577,-1094.9466390614473,1512.7510003432592,165.02178036007535,255.0793861337469,0.5,0.03125,0.5,exploratory; insufficient time blocks,False,exploratory; cluster-t assumes independent approximately normal block scores; bootstrap descriptive; no simultaneous CI correction,1.0,1.0,False,False,1.0,1.0
test_01644,results/new_model_calibration/corrected_point_predictions.parquet,bolt_ridge_seasonal_ema/log_bias_half,bolt_ridge_seasonal_ema/original,later_origins,6048,2016,2,1,3,"1,2",810.7514019990434,853.5098243065104,-42.75842230746696,5.009716477746324,,,,,,,-54.51829805472277,-31.52255851443351,,0.5,,exploratory; insufficient time blocks,False,exploratory; cluster-t assumes independent approximately normal block scores; bootstrap descriptive; no simultaneous CI correction,,1.0,False,False,,1.0
test_01645,results/new_model_calibration/corrected_point_predictions.parquet,bolt_ridge_seasonal_ema/log_bias_half,bolt_ridge_seasonal_ema/original,targets_jun_sep,12096,2016,3,1,3,"1,2,3",1000.3554296955438,688.8381215048771,311.51730819066665,-45.22358714847361,,,268.93011126227634,331.9163046899783,,,242.02516723924205,387.0466109416848,,0.25,,exploratory; insufficient time blocks,False,exploratory; cluster-t assumes independent approximately normal block scores; bootstrap descriptive; no simultaneous CI correction,,1.0,False,False,,1.0
test_01646,results/new_model_calibration/corrected_point_predictions.parquet,bolt_ridge_seasonal_ema/log_bias_half,bolt_ridge_seasonal_ema/original,targets_oct_nov,12096,2016,2,1,3,"1,2,3",800.2452977403423,710.7308372159143,89.51446052442793,-12.594706158392585,,,,,,,69.16859253886733,108.9442838387595,,0.5,,exploratory; insufficient time blocks,False,exploratory; cluster-t assumes independent approximately normal block scores; bootstrap descriptive; no simultaneous CI correction,,1.0,False,False,,1.0
test_01647,results/new_model_calibration/corrected_point_predictions.parquet,bolt_ridge_seasonal_ema/log_bias_half,bolt_ridge_seasonal_ema/original,targets_dec,6048,2016,1,1,3,"1,2,3",923.1059034337678,932.3191406078004,-9.213237174032656,0.9882063740562416,,,,,,,-13.924774630872108,-4.761143205728596,,,,exploratory; insufficient time blocks,False,exploratory; cluster-t assumes independent approximately normal block scores; bootstrap descriptive; no simultaneous CI correction,,,False,False,,
test_01648,results/new_model_calibration/corrected_point_predictions.parquet,bolt_ridge_seasonal_ema/log_bias_half,bolt_ridge_seasonal_ema/original,all_available,30240,2016,6,2,3,"1,2,3",904.861471661108,746.2914116098767,158.57006005123128,-21.247740170179483,56.605227958274426,311.5173081906666,59.56395686905128,274.4346200840909,-1396.1331789356068,1713.2732990380691,125.19328592559744,193.2979426881288,0.5,0.0625,0.5,exploratory; insufficient time blocks,False,exploratory; cluster-t assumes independent approximately normal block scores; bootstrap descriptive; no simultaneous CI correction,1.0,1.0,False,False,1.0,1.0
test_01649,results/new_model_calibration/corrected_point_predictions.parquet,bolt_ridge_seasonal_ema/ridge_correction_half,bolt_ridge_seasonal_ema/original,public_origins_jun_sep,24192,2016,6,2,3,"1,2,3",885.6702368128629,719.4868084357182,166.18342837714465,-23.097494829468044,70.61045758497927,261.7563991693099,70.18289802139154,257.3844641147049,-1048.1863057771525,1380.553162531441,137.51510256066086,194.0926725311386,0.5,0.03125,0.5,exploratory; insufficient time blocks,False,exploratory; cluster-t assumes independent approximately normal block scores; bootstrap descriptive; no simultaneous CI correction,1.0,1.0,False,False,1.0,1.0
test_01650,results/new_model_calibration/corrected_point_predictions.parquet,bolt_ridge_seasonal_ema/ridge_correction_half,bolt_ridge_seasonal_ema/original,later_origins,6048,2016,2,1,3,"1,2",806.7499119854931,853.5098243065104,-46.75991232101728,5.47854412326307,,,,,,,-64.39365442720246,-30.403807452909017,,0.5,,exploratory; insufficient time blocks,False,exploratory; cluster-t assumes independent approximately normal block scores; bootstrap descriptive; no simultaneous CI correction,,1.0,False,False,,1.0
test_01651,results/new_model_calibration/corrected_point_predictions.parquet,bolt_ridge_seasonal_ema/ridge_correction_half,bolt_ridge_seasonal_ema/original,targets_jun_sep,12096,2016,3,1,3,"1,2,3",950.5945206741868,688.8381215048771,261.7563991693098,-37.99969702569031,,,236.11358950471012,285.1565254240992,,,219.3129704864025,304.4860729130962,,0.25,,exploratory; insufficient time blocks,False,exploratory; cluster-t assumes independent approximately normal block scores; bootstrap descriptive; no simultaneous CI correction,,1.0,False,False,,1.0
test_01652,results/new_model_calibration/corrected_point_predictions.parquet,bolt_ridge_seasonal_ema/ridge_correction_half,bolt_ridge_seasonal_ema/original,targets_oct_nov,12096,2016,2,1,3,"1,2,3",748.2016626620523,710.7308372159143,37.47082544613795,-5.272154166395712,,,,,,,23.223119686023274,53.10561255461704,,0.5,,exploratory; insufficient time blocks,False,exploratory; cluster-t assumes independent approximately normal block scores; bootstrap descriptive; no simultaneous CI correction,,1.0,False,False,,1.0
test_01653,results/new_model_calibration/corrected_point_predictions.parquet,bolt_ridge_seasonal_ema/ridge_correction_half,bolt_ridge_seasonal_ema/original,targets_dec,6048,2016,1,1,3,"1,2,3",951.8384925644656,932.3191406078004,19.51935195666522,-2.0936341544956485,,,,,,,13.939643483472398,25.29703814075861,,,,exploratory; insufficient time blocks,False,exploratory; cluster-t assumes independent approximately normal block scores; bootstrap descriptive; no simultaneous CI correction,,,False,False,,
test_01654,results/new_model_calibration/corrected_point_predictions.parquet,bolt_ridge_seasonal_ema/ridge_correction_half,bolt_ridge_seasonal_ema/original,all_available,30240,2016,6,2,3,"1,2,3",869.8861718473887,746.2914116098767,123.594760237512,-16.561192895265563,31.48700094964705,261.7563991693099,39.18773705705391,223.0888214191081,-1280.8132965532309,1528.002817028255,103.2661480511843,143.1221867499192,0.5,0.03125,0.5,exploratory; insufficient time blocks,False,exploratory; cluster-t assumes independent approximately normal block scores; bootstrap descriptive; no simultaneous CI correction,1.0,1.0,False,False,1.0,1.0
test_01655,results/new_model_calibration/corrected_point_predictions.parquet,bolt_ridge_seasonal_ema/ridge_correction_quarter,bolt_ridge_seasonal_ema/original,public_origins_jun_sep,24192,2016,6,2,3,"1,2,3",788.2745780956665,719.4868084357182,68.78776965994825,-9.560671419327909,26.439991634036545,111.13554768585988,24.82009753038924,110.712484085065,-469.2917680702656,606.8673073901621,54.3649215354452,82.69584574091677,0.5,0.0625,0.5,exploratory; insufficient time blocks,False,exploratory; cluster-t assumes independent approximately normal block scores; bootstrap descriptive; no simultaneous CI correction,1.0,1.0,False,False,1.0,1.0
test_01656,results/new_model_calibration/corrected_point_predictions.parquet,bolt_ridge_seasonal_ema/ridge_correction_quarter,bolt_ridge_seasonal_ema/original,later_origins,6048,2016,2,1,3,"1,2",829.1420472334542,853.5098243065104,-24.36777707305623,2.855008387613513,,,,,,,-33.587710706708485,-15.860548854145838,,0.5,,exploratory; insufficient time blocks,False,exploratory; cluster-t assumes independent approximately normal block scores; bootstrap descriptive; no simultaneous CI correction,,1.0,False,False,,1.0
test_01657,results/new_model_calibration/corrected_point_predictions.parquet,bolt_ridge_seasonal_ema/ridge_correction_quarter,bolt_ridge_seasonal_ema/original,targets_jun_sep,12096,2016,3,1,3,"1,2,3",799.9736691907372,688.8381215048771,111.13554768586005,-16.13376847423407,,,94.94991137841046,124.49954765883513,,,88.72197418022785,133.50972125085826,,0.25,,exploratory; insufficient time blocks,False,exploratory; cluster-t assumes independent approximately normal block scores; bootstrap descriptive; no simultaneous CI correction,,1.0,False,False,,1.0
test_01658,results/new_model_calibration/corrected_point_predictions.parquet,bolt_ridge_seasonal_ema/ridge_correction_quarter,bolt_ridge_seasonal_ema/original,targets_oct_nov,12096,2016,2,1,3,"1,2,3",721.6519805584006,710.7308372159143,10.921143342486287,-1.536607499017034,,,,,,,3.78680372058491,18.94763760156489,,1.0,,exploratory; insufficient time blocks,False,exploratory; cluster-t assumes independent approximately normal block scores; bootstrap descriptive; no simultaneous CI correction,,1.0,False,False,,1.0
test_01659,results/new_model_calibration/corrected_point_predictions.parquet,bolt_ridge_seasonal_ema/ridge_correction_quarter,bolt_ridge_seasonal_ema/original,targets_dec,6048,2016,1,1,3,"1,2,3",938.9890601178448,932.3191406078004,6.669919510044338,-0.7154116245748277,,,,,,,3.467964777127695,10.074141157836005,,,,exploratory; insufficient time blocks,False,exploratory; cluster-t assumes independent approximately normal block scores; bootstrap descriptive; no simultaneous CI correction,,,False,False,,
test_01660,results/new_model_calibration/corrected_point_predictions.parquet,bolt_ridge_seasonal_ema/ridge_correction_quarter,bolt_ridge_seasonal_ema/original,all_available,30240,2016,6,2,3,"1,2,3",796.4480719232241,746.2914116098767,50.1566603133474,-6.7207875547101645,9.504068731672309,111.13554768585988,12.385314595975656,96.23823773023678,-569.6915217306353,670.0048423573298,39.98568007424476,59.85188504548422,0.5,0.0625,0.5,exploratory; insufficient time blocks,False,exploratory; cluster-t assumes independent approximately normal block scores; bootstrap descriptive; no simultaneous CI correction,1.0,1.0,False,False,1.0,1.0
test_01661,results/new_model_calibration/corrected_point_predictions.parquet,bolt_ridge_seasonal_mean1/log_bias_half,bolt_ridge_seasonal_mean1/original,public_origins_jun_sep,24192,2016,6,2,3,"1,2,3",881.6111342380013,755.5838419652467,126.0272922727546,-16.679458356992136,32.75932869499859,219.295255850511,33.40552381880223,211.73612662933192,-1059.0545482963075,1311.109132841817,101.03928800409412,152.51822246369525,0.5,0.0625,0.5,exploratory; insufficient time blocks,False,exploratory; cluster-t assumes independent approximately normal block scores; bootstrap descriptive; no simultaneous CI correction,1.0,1.0,False,False,1.0,1.0
test_01662,results/new_model_calibration/corrected_point_predictions.parquet,bolt_ridge_seasonal_mean1/log_bias_half,bolt_ridge_seasonal_mean1/original,later_origins,6048,2016,2,1,3,"1,2",840.0209759076298,899.3909793242532,-59.370003416623376,6.60113396525617,,,,,,,-74.1359639739855,-45.3749575053273,,0.5,,exploratory; insufficient time blocks,False,exploratory; cluster-t assumes independent approximately normal block scores; bootstrap descriptive; no simultaneous CI correction,,1.0,False,False,,1.0
test_01663,results/new_model_calibration/corrected_point_predictions.parquet,bolt_ridge_seasonal_mean1/log_bias_half,bolt_ridge_seasonal_mean1/original,targets_jun_sep,12096,2016,3,1,3,"1,2,3",982.604560618584,763.309304768073,219.295255850511,-28.72954049959375,,,116.22259342232805,257.5840324474765,,,176.56182814077192,265.7613816615892,,0.25,,exploratory; insufficient time blocks,False,exploratory; cluster-t assumes independent approximately normal block scores; bootstrap descriptive; no simultaneous CI correction,,1.0,False,False,,1.0
test_01664,results/new_model_calibration/corrected_point_predictions.parquet,bolt_ridge_seasonal_mean1/log_bias_half,bolt_ridge_seasonal_mean1/original,targets_oct_nov,12096,2016,2,1,3,"1,2,3",767.9601500520084,734.5897539281092,33.37039612389924,-4.542725507054247,,,,,,,24.400483161355325,42.63902080200897,,0.5,,exploratory; insufficient time blocks,False,exploratory; cluster-t assumes independent approximately normal block scores; bootstrap descriptive; no simultaneous CI correction,,1.0,False,False,,1.0
test_01665,results/new_model_calibration/corrected_point_predictions.parquet,bolt_ridge_seasonal_mean1/log_bias_half,bolt_ridge_seasonal_mean1/original,targets_dec,6048,2016,1,1,3,"1,2,3",865.3360915184508,925.9282297928758,-60.592138274425,6.543934651174753,,,,,,,-76.69471266309684,-44.635884723021725,,,,exploratory; insufficient time blocks,False,exploratory; cluster-t assumes independent approximately normal block scores; bootstrap descriptive; no simultaneous CI correction,,,False,False,,
test_01666,results/new_model_calibration/corrected_point_predictions.parquet,bolt_ridge_seasonal_mean1/log_bias_half,bolt_ridge_seasonal_mean1/original,all_available,30240,2016,6,2,3,"1,2,3",873.293102571927,784.345269437048,88.94783313487892,-11.340392630750472,2.049551324457956,219.295255850511,2.5995034476775705,195.8380420706224,-1236.028998777983,1413.9246650477412,71.11216662234584,107.56606160545948,0.5,0.15625,0.5,exploratory; insufficient time blocks,False,exploratory; cluster-t assumes independent approximately normal block scores; bootstrap descriptive; no simultaneous CI correction,1.0,1.0,False,False,1.0,1.0
test_01667,results/new_model_calibration/corrected_point_predictions.parquet,bolt_ridge_seasonal_mean1/ridge_correction_half,bolt_ridge_seasonal_mean1/original,public_origins_jun_sep,24192,2016,6,2,3,"1,2,3",840.3316821054708,755.5838419652467,84.74784014022407,-11.216205989767852,23.737964298113155,145.75771598233516,23.73796429811316,140.97823902719065,-690.4561332539407,859.9518135343891,70.52694336527651,98.82613813749256,0.5,0.0625,0.5,exploratory; insufficient time blocks,False,exploratory; cluster-t assumes independent approximately normal block scores; bootstrap descriptive; no simultaneous CI correction,1.0,1.0,False,False,1.0,1.0
test_01668,results/new_model_calibration/corrected_point_predictions.parquet,bolt_ridge_seasonal_mean1/ridge_correction_half,bolt_ridge_seasonal_mean1/original,later_origins,6048,2016,2,1,3,"1,2",839.1039277649334,899.3909793242532,-60.28705155931982,6.703097200798677,,,,,,,-76.45184158422872,-45.05889995911518,,0.5,,exploratory; insufficient time blocks,False,exploratory; cluster-t assumes independent approximately normal block scores; bootstrap descriptive; no simultaneous CI correction,,1.0,False,False,,1.0
test_01669,results/new_model_calibration/corrected_point_predictions.parquet,bolt_ridge_seasonal_mean1/ridge_correction_half,bolt_ridge_seasonal_mean1/original,targets_jun_sep,12096,2016,3,1,3,"1,2,3",909.067020750408,763.309304768073,145.75771598233507,-19.095498387331027,,,68.11355461973798,177.02946353686733,,,124.6980071625723,167.24053618688367,,0.25,,exploratory; insufficient time blocks,False,exploratory; cluster-t assumes independent approximately normal block scores; bootstrap descriptive; no simultaneous CI correction,,1.0,False,False,,1.0
test_01670,results/new_model_calibration/corrected_point_predictions.parquet,bolt_ridge_seasonal_mean1/ridge_correction_half,bolt_ridge_seasonal_mean1/original,targets_oct_nov,12096,2016,2,1,3,"1,2,3",754.2203773495133,734.5897539281092,19.630623421404152,-2.6723246977557635,,,,,,,11.223346761620055,28.206354077530165,,1.0,,exploratory; insufficient time blocks,False,exploratory; cluster-t assumes independent approximately normal block scores; bootstrap descriptive; no simultaneous CI correction,,1.0,False,False,,1.0
test_01671,results/new_model_calibration/corrected_point_predictions.parquet,bolt_ridge_seasonal_mean1/ridge_correction_half,bolt_ridge_seasonal_mean1/original,targets_dec,6048,2016,1,1,3,"1,2,3",873.8558599869739,925.9282297928758,-52.07236980590187,5.623801946026651,,,,,,,-63.64728824710303,-40.00595024743793,,,,exploratory; insufficient time blocks,False,exploratory; cluster-t assumes independent approximately normal block scores; bootstrap descriptive; no simultaneous CI correction,,,False,False,,
test_01672,results/new_model_calibration/corrected_point_predictions.parquet,bolt_ridge_seasonal_mean1/ridge_correction_half,bolt_ridge_seasonal_mean1/original,all_available,30240,2016,6,2,3,"1,2,3",840.0861312373632,784.345269437048,55.7408618003152,-7.106674059540431,-4.270374321031163,145.75771598233516,-9.06613755274692,129.25438700130033,-859.2772013727225,970.7589249733531,46.30287589108004,65.0090102100681,1.0,0.25,0.5,exploratory; insufficient time blocks,False,exploratory; cluster-t assumes independent approximately normal block scores; bootstrap descriptive; no simultaneous CI correction,1.0,1.0,False,False,1.0,1.0
test_01673,results/new_model_calibration/corrected_point_predictions.parquet,bolt_ridge_seasonal_mean1/ridge_correction_quarter,bolt_ridge_seasonal_mean1/original,public_origins_jun_sep,24192,2016,6,2,3,"1,2,3",791.6673752663773,755.5838419652467,36.083533301130615,-4.775582972669006,8.587390725220882,63.579675877040266,9.226918070676128,61.17710846992085,-313.2880837305054,385.4551503327665,29.162439578317088,42.9368443688454,0.5,0.09375,0.5,exploratory; insufficient time blocks,False,exploratory; cluster-t assumes independent approximately normal block scores; bootstrap descriptive; no simultaneous CI correction,1.0,1.0,False,False,1.0,1.0
test_01674,results/new_model_calibration/corrected_point_predictions.parquet,bolt_ridge_seasonal_mean1/ridge_correction_quarter,bolt_ridge_seasonal_mean1/original,later_origins,6048,2016,2,1,3,"1,2",867.7373450702581,899.3909793242532,-31.65363425399505,3.519452049405436,,,,,,,-40.10567689742787,-23.75506115498328,,0.5,,exploratory; insufficient time blocks,False,exploratory; cluster-t assumes independent approximately normal block scores; bootstrap descriptive; no simultaneous CI correction,,1.0,False,False,,1.0
test_01675,results/new_model_calibration/corrected_point_predictions.parquet,bolt_ridge_seasonal_mean1/ridge_correction_quarter,bolt_ridge_seasonal_mean1/original,targets_jun_sep,12096,2016,3,1,3,"1,2,3",826.8889806451133,763.309304768073,63.579675877040245,-8.329477379600206,,,31.44396816593348,77.07505881068714,,,53.2276580047444,74.20522336460715,,0.25,,exploratory; insufficient time blocks,False,exploratory; cluster-t assumes independent approximately normal block scores; bootstrap descriptive; no simultaneous CI correction,,1.0,False,False,,1.0
test_01676,results/new_model_calibration/corrected_point_predictions.parquet,bolt_ridge_seasonal_mean1/ridge_correction_quarter,bolt_ridge_seasonal_mean1/original,targets_oct_nov,12096,2016,2,1,3,"1,2,3",741.2563910779402,734.5897539281092,6.66663714983099,-0.9075320087412247,,,,,,,2.3887167425422065,11.067327081487347,,1.0,,exploratory; insufficient time blocks,False,exploratory; cluster-t assumes independent approximately normal block scores; bootstrap descriptive; no simultaneous CI correction,,1.0,False,False,,1.0
test_01677,results/new_model_calibration/corrected_point_predictions.parquet,bolt_ridge_seasonal_mean1/ridge_correction_quarter,bolt_ridge_seasonal_mean1/original,targets_dec,6048,2016,1,1,3,"1,2,3",898.1161026896605,925.9282297928758,-27.81212710321529,3.0037022534064746,,,,,,,-33.873553224379656,-21.59109830224247,,,,exploratory; insufficient time blocks,False,exploratory; cluster-t assumes independent approximately normal block scores; bootstrap descriptive; no simultaneous CI correction,,,False,False,,
test_01678,results/new_model_calibration/corrected_point_predictions.parquet,bolt_ridge_seasonal_mean1/ridge_correction_quarter,bolt_ridge_seasonal_mean1/original,all_available,30240,2016,6,2,3,"1,2,3",806.8813692271534,784.345269437048,22.536099790105368,-2.873237165856857,-4.826284267851055,63.579675877040266,-7.466606081679918,55.96105652742695,-394.670364910632,439.742564490843,17.98583568041381,26.99095813734659,1.0,0.3125,0.5,exploratory; insufficient time blocks,False,exploratory; cluster-t assumes independent approximately normal block scores; bootstrap descriptive; no simultaneous CI correction,1.0,1.0,False,False,1.0,1.0
test_01679,results/contest_horizons/predictions.parquet,portfolio_early_bolt_seasonal/h1,prophet_monthly/h1,targets_jan_may,128,128,1,1,3,1,1855.727195432501,12168.279335463763,-10312.552140031265,84.74946913797345,,,,,,,-11576.634411048422,-9178.442877098754,,,,exploratory; insufficient time blocks,False,exploratory; cluster-t assumes independent approximately normal block scores; bootstrap descriptive; no simultaneous CI correction,,,False,False,,
test_01680,results/contest_horizons/predictions.parquet,portfolio_early_bolt_seasonal/h1,prophet_monthly/h1,all_available,128,128,1,1,3,1,1855.727195432501,12168.279335463763,-10312.552140031265,84.74946913797345,,,,,,,-11576.634411048422,-9178.442877098754,,,,exploratory; insufficient time blocks,False,exploratory; cluster-t assumes independent approximately normal block scores; bootstrap descriptive; no simultaneous CI correction,,,False,False,,
test_01681,results/contest_horizons/predictions.parquet,portfolio_short_ema/h1,prophet_monthly/h1,public_origins_jun_sep,256,128,2,2,3,1,688.0687329525806,1142.6007359039436,-454.532002951363,39.78047524989295,,,,,-593.8384247217318,-315.22558118099425,-549.6896853676366,-361.1120382840522,0.5,0.5,0.5,exploratory; insufficient time blocks,False,exploratory; cluster-t assumes independent approximately normal block scores; bootstrap descriptive; no simultaneous CI correction,1.0,1.0,False,False,1.0,1.0
test_01682,results/contest_horizons/predictions.parquet,portfolio_short_ema/h1,prophet_monthly/h1,targets_jun_sep,128,128,1,1,3,1,753.9982583854398,1197.5666081720667,-443.56834978662687,37.03913809551501,,,,,,,-592.8258864531948,-288.75762961687747,,,,exploratory; insufficient time blocks,False,exploratory; cluster-t assumes independent approximately normal block scores; bootstrap descriptive; no simultaneous CI correction,,,False,False,,
test_01683,results/contest_horizons/predictions.parquet,portfolio_short_ema/h1,prophet_monthly/h1,targets_oct_nov,128,128,1,1,3,1,622.1392075197214,1087.6348636358205,-465.4956561160991,42.79889066446512,,,,,,,-630.9708711006903,-316.03051812047784,,,,exploratory; insufficient time blocks,False,exploratory; cluster-t assumes independent approximately normal block scores; bootstrap descriptive; no simultaneous CI correction,,,False,False,,
test_01684,results/contest_horizons/predictions.parquet,portfolio_short_ema/h1,prophet_monthly/h1,targets_jan_may,128,128,1,1,3,1,2031.4823964005652,1287.687393087013,743.7950033135521,-57.76207853758893,,,,,,,455.7981450086397,1033.248910713953,,,,exploratory; insufficient time blocks,False,exploratory; cluster-t assumes independent approximately normal block scores; bootstrap descriptive; no simultaneous CI correction,,,False,False,,
test_01685,results/contest_horizons/predictions.parquet,portfolio_short_ema/h1,prophet_monthly/h1,all_available,384,128,3,3,3,1,1135.8732874352422,1190.962954964967,-55.08966752972469,4.625640730474711,,,-465.4956561160992,743.7950033135521,-1773.9671039170526,1663.7877688576032,-181.48950637014497,75.32388909616814,1.0,1.0,0.25,exploratory; insufficient time blocks,False,exploratory; cluster-t assumes independent approximately normal block scores; bootstrap descriptive; no simultaneous CI correction,1.0,1.0,False,False,1.0,1.0
test_01686,results/contest_horizons/predictions.parquet,portfolio_early_bolt_seasonal/h1,seasonal_naive/h1,targets_jan_may,128,128,1,1,3,1,1855.727195432501,2222.578125,-366.85092956749895,16.505648347794253,,,,,,,-526.8974362215358,-204.2990216613644,,,,exploratory; insufficient time blocks,False,exploratory; cluster-t assumes independent approximately normal block scores; bootstrap descriptive; no simultaneous CI correction,,,False,False,,
test_01687,results/contest_horizons/predictions.parquet,portfolio_early_bolt_seasonal/h1,seasonal_naive/h1,all_available,128,128,1,1,3,1,1855.727195432501,2222.578125,-366.85092956749895,16.505648347794253,,,,,,,-526.8974362215358,-204.2990216613644,,,,exploratory; insufficient time blocks,False,exploratory; cluster-t assumes independent approximately normal block scores; bootstrap descriptive; no simultaneous CI correction,,,False,False,,
test_01688,results/contest_horizons/predictions.parquet,portfolio_short_ema/h1,seasonal_naive/h1,public_origins_jun_sep,256,128,2,2,3,1,688.0687329525806,4395.80078125,-3707.732048297419,84.34713565984399,,,,,-5035.975086506567,-2379.489010088272,-4262.860422514652,-3158.3945383143728,0.5,0.5,0.5,exploratory; insufficient time blocks,False,exploratory; cluster-t assumes independent approximately normal block scores; bootstrap descriptive; no simultaneous CI correction,1.0,1.0,False,False,1.0,1.0
test_01689,results/contest_horizons/predictions.parquet,portfolio_short_ema/h1,seasonal_naive/h1,targets_jun_sep,128,128,1,1,3,1,753.9982583854398,4357.1953125,-3603.19705411456,82.69533026847898,,,,,,,-4255.924225381033,-2974.2896488455312,,,,exploratory; insufficient time blocks,False,exploratory; cluster-t assumes independent approximately normal block scores; bootstrap descriptive; no simultaneous CI correction,,,False,False,,
test_01690,results/contest_horizons/predictions.parquet,portfolio_short_ema/h1,seasonal_naive/h1,targets_oct_nov,128,128,1,1,3,1,622.1392075197214,4434.40625,-3812.267042480279,85.97018016741877,,,,,,,-4301.647700290765,-3313.0870096033627,,,,exploratory; insufficient time blocks,False,exploratory; cluster-t assumes independent approximately normal block scores; bootstrap descriptive; no simultaneous CI correction,,,False,False,,
test_01691,results/contest_horizons/predictions.parquet,portfolio_short_ema/h1,seasonal_naive/h1,targets_jan_may,128,128,1,1,3,1,2031.4823964005652,4731.4453125,-2699.9629160994346,57.064231704557706,,,,,,,-3287.9510314813965,-2148.954723214564,,,,exploratory; insufficient time blocks,False,exploratory; cluster-t assumes independent approximately normal block scores; bootstrap descriptive; no simultaneous CI correction,,,False,False,,
test_01692,results/contest_horizons/predictions.parquet,portfolio_short_ema/h1,seasonal_naive/h1,all_available,384,128,3,3,3,1,1135.8732874352422,4507.682291666667,-3371.8090042314248,74.80138985094122,,,-3812.267042480279,-2699.9629160994346,-4840.311460785639,-1903.3065476772117,-3926.873408991304,-2836.52609692738,0.25,0.25,0.25,exploratory; insufficient time blocks,False,exploratory; cluster-t assumes independent approximately normal block scores; bootstrap descriptive; no simultaneous CI correction,1.0,1.0,False,False,1.0,1.0
test_01693,results/contest_horizons/predictions.parquet,portfolio_early_bolt_seasonal/h3,prophet_monthly/h3,targets_jan_may,128,128,1,1,3,3,3491.9497785654776,10220.447618202505,-6728.497839637025,65.83369037236339,,,,,,,-7858.97351890725,-5609.718735962971,,,,exploratory; insufficient time blocks,False,exploratory; cluster-t assumes independent approximately normal block scores; bootstrap descriptive; no simultaneous CI correction,,,False,False,,
test_01694,results/contest_horizons/predictions.parquet,portfolio_early_bolt_seasonal/h3,prophet_monthly/h3,all_available,128,128,1,1,3,3,3491.9497785654776,10220.447618202505,-6728.497839637025,65.83369037236339,,,,,,,-7858.97351890725,-5609.718735962971,,,,exploratory; insufficient time blocks,False,exploratory; cluster-t assumes independent approximately normal block scores; bootstrap descriptive; no simultaneous CI correction,,,False,False,,
test_01695,results/contest_horizons/predictions.parquet,portfolio_short_ema/h3,prophet_monthly/h3,public_origins_jun_sep,256,128,2,2,3,3,904.1294869950844,2364.775442452963,-1460.6459554578787,61.766793126994,,,,,-15712.346216269576,12791.05430535382,-1713.449986877478,-1184.7079620467496,0.5,0.5,0.5,exploratory; insufficient time blocks,False,exploratory; cluster-t assumes independent approximately normal block scores; bootstrap descriptive; no simultaneous CI correction,1.0,1.0,False,False,1.0,1.0
test_01696,results/contest_horizons/predictions.parquet,portfolio_short_ema/h3,prophet_monthly/h3,targets_jun_sep,256,128,2,2,3,3,1437.016850673303,1409.30013958318,27.716711090123,-1.9667003721663288,,,,,-4632.023791319095,4687.4572134993405,-132.0810123448067,198.55552705175865,1.0,1.0,0.5,exploratory; insufficient time blocks,False,exploratory; cluster-t assumes independent approximately normal block scores; bootstrap descriptive; no simultaneous CI correction,1.0,1.0,False,False,1.0,1.0
test_01697,results/contest_horizons/predictions.parquet,portfolio_short_ema/h3,prophet_monthly/h3,targets_dec,128,128,1,1,3,3,938.3749057192454,3520.6539968331435,-2582.279091113898,73.346574058021,,,,,,,-3026.918769538457,-2109.360205200351,,,,exploratory; insufficient time blocks,False,exploratory; cluster-t assumes independent approximately normal block scores; bootstrap descriptive; no simultaneous CI correction,,,False,False,,
test_01698,results/contest_horizons/predictions.parquet,portfolio_short_ema/h3,prophet_monthly/h3,all_available,384,128,3,3,3,3,1270.8028690219503,2113.084758666501,-842.2818896445506,39.86029837137661,,,-2582.2790911138977,394.4462419821045,-4694.844919970341,3010.28114068124,-1002.0067867466548,-673.917825407702,0.75,0.75,0.25,exploratory; insufficient time blocks,False,exploratory; cluster-t assumes independent approximately normal block scores; bootstrap descriptive; no simultaneous CI correction,1.0,1.0,False,False,1.0,1.0
test_01699,results/contest_horizons/predictions.parquet,portfolio_early_bolt_seasonal/h3,seasonal_naive/h3,targets_jan_may,128,128,1,1,3,3,3491.9497785654776,3744.9765625,-253.02678393452243,6.756431708229748,,,,,,,-499.47687231180186,-9.952768386141509,,,,exploratory; insufficient time blocks,False,exploratory; cluster-t assumes independent approximately normal block scores; bootstrap descriptive; no simultaneous CI correction,,,False,False,,
test_01700,results/contest_horizons/predictions.parquet,portfolio_early_bolt_seasonal/h3,seasonal_naive/h3,all_available,128,128,1,1,3,3,3491.9497785654776,3744.9765625,-253.02678393452243,6.756431708229748,,,,,,,-499.47687231180186,-9.952768386141509,,,,exploratory; insufficient time blocks,False,exploratory; cluster-t assumes independent approximately normal block scores; bootstrap descriptive; no simultaneous CI correction,,,False,False,,
test_01701,results/contest_horizons/predictions.parquet,portfolio_short_ema/h3,seasonal_naive/h3,public_origins_jun_sep,256,128,2,2,3,3,904.1294869950844,4233.43359375,-3329.304106754916,78.64311635052243,,,,,-8422.713973039641,1764.105759529809,-3914.435241939804,-2732.364623382598,0.5,0.5,0.5,exploratory; insufficient time blocks,False,exploratory; cluster-t assumes independent approximately normal block scores; bootstrap descriptive; no simultaneous CI correction,1.0,1.0,False,False,1.0,1.0
test_01702,results/contest_horizons/predictions.parquet,portfolio_short_ema/h3,seasonal_naive/h3,targets_jun_sep,256,128,2,2,3,3,1437.016850673303,4216.234375,-2779.217524326697,65.91705482043315,,,,,-4675.320397139146,-883.1146515142484,-3299.835374343332,-2275.784613058368,0.5,0.5,0.5,exploratory; insufficient time blocks,False,exploratory; cluster-t assumes independent approximately normal block scores; bootstrap descriptive; no simultaneous CI correction,1.0,1.0,False,False,1.0,1.0
test_01703,results/contest_horizons/predictions.parquet,portfolio_short_ema/h3,seasonal_naive/h3,targets_dec,128,128,1,1,3,3,938.3749057192454,4668.5390625,-3730.164156780754,79.90003096992946,,,,,,,-4480.714166416613,-2963.442732303366,,,,exploratory; insufficient time blocks,False,exploratory; cluster-t assumes independent approximately normal block scores; bootstrap descriptive; no simultaneous CI correction,,,False,False,,
test_01704,results/contest_horizons/predictions.parquet,portfolio_short_ema/h3,seasonal_naive/h3,all_available,384,128,3,3,3,3,1270.8028690219503,4367.002604166667,-3096.1997351447167,70.89988295840618,,,-3730.164156780754,-2629.9909919243178,-4509.544693516772,-1682.8547767726593,-3679.93657168724,-2521.061964251633,0.25,0.25,0.25,exploratory; insufficient time blocks,False,exploratory; cluster-t assumes independent approximately normal block scores; bootstrap descriptive; no simultaneous CI correction,1.0,1.0,False,False,1.0,1.0
test_01705,results/contest_horizons/predictions.parquet,portfolio_early_bolt_seasonal/h6,prophet_monthly/h6,targets_jun_sep/h6,128,128,1,1,6,6,4972.832349951067,8679.767152560145,-3706.9348026090784,42.70776781743157,,,,,,,-4646.37290962376,-2847.635778605374,,,,exploratory; insufficient time blocks,False,exploratory; cluster-t assumes independent approximately normal block scores; bootstrap descriptive; no simultaneous CI correction,,,False,False,,
test_01706,results/contest_horizons/predictions.parquet,portfolio_early_bolt_seasonal/h6,prophet_monthly/h6,all_available/h6,128,128,1,1,6,6,4972.832349951067,8679.767152560145,-3706.9348026090784,42.70776781743157,,,,,,,-4646.37290962376,-2847.635778605374,,,,exploratory; insufficient time blocks,False,exploratory; cluster-t assumes independent approximately normal block scores; bootstrap descriptive; no simultaneous CI correction,,,False,False,,
test_01707,results/contest_horizons/predictions.parquet,portfolio_h6_ridge_seasonal/h6,prophet_monthly/h6,public_origins_jun_sep/h6,128,128,1,1,6,6,1758.4253782755409,3541.754457240403,-1783.3290789648622,50.3515729420261,,,,,,,-2328.675944359866,-1244.0236560995784,,,,exploratory; insufficient time blocks,False,exploratory; cluster-t assumes independent approximately normal block scores; bootstrap descriptive; no simultaneous CI correction,,,False,False,,
test_01708,results/contest_horizons/predictions.parquet,portfolio_h6_ridge_seasonal/h6,prophet_monthly/h6,targets_jun_sep/h6,128,128,1,1,6,6,1424.9347885802051,1650.74995965374,-225.81517107353488,13.67955030093726,,,,,,,-414.99438815773937,-31.304681418234452,,,,exploratory; insufficient time blocks,False,exploratory; cluster-t assumes independent approximately normal block scores; bootstrap descriptive; no simultaneous CI correction,,,False,False,,
test_01709,results/contest_horizons/predictions.parquet,portfolio_h6_ridge_seasonal/h6,prophet_monthly/h6,targets_dec/h6,128,128,1,1,6,6,1758.4253782755409,3541.754457240403,-1783.3290789648622,50.3515729420261,,,,,,,-2328.675944359866,-1244.0236560995784,,,,exploratory; insufficient time blocks,False,exploratory; cluster-t assumes independent approximately normal block scores; bootstrap descriptive; no simultaneous CI correction,,,False,False,,
test_01710,results/contest_horizons/predictions.parquet,portfolio_h6_ridge_seasonal/h6,prophet_monthly/h6,all_available/h6,256,128,2,1,6,6,1591.680083427873,2596.252208447072,-1004.5721250191992,38.69316400582192,,,,,,,-1307.5424130221743,-699.65404804137,,0.5,,exploratory; insufficient time blocks,False,exploratory; cluster-t assumes independent approximately normal block scores; bootstrap descriptive; no simultaneous CI correction,,1.0,False,False,,1.0
test_01711,results/contest_horizons/predictions.parquet,portfolio_early_bolt_seasonal/h6,seasonal_naive/h6,targets_jun_sep/h6,128,128,1,1,6,6,4972.832349951067,4634.140625,338.69172495106704,-7.308619922406152,,,,,,,154.7450365527674,574.3762911861322,,,,exploratory; insufficient time blocks,False,exploratory; cluster-t assumes independent approximately normal block scores; bootstrap descriptive; no simultaneous CI correction,,,False,False,,
test_01712,results/contest_horizons/predictions.parquet,portfolio_early_bolt_seasonal/h6,seasonal_naive/h6,all_available/h6,128,128,1,1,6,6,4972.832349951067,4634.140625,338.69172495106704,-7.308619922406152,,,,,,,154.7450365527674,574.3762911861322,,,,exploratory; insufficient time blocks,False,exploratory; cluster-t assumes independent approximately normal block scores; bootstrap descriptive; no simultaneous CI correction,,,False,False,,
test_01713,results/contest_horizons/predictions.parquet,portfolio_h6_ridge_seasonal/h6,seasonal_naive/h6,public_origins_jun_sep/h6,128,128,1,1,6,6,1758.4253782755409,4668.5390625,-2910.113684224459,62.33456859341549,,,,,,,-3580.6030139616378,-2183.880527835568,,,,exploratory; insufficient time blocks,False,exploratory; cluster-t assumes independent approximately normal block scores; bootstrap descriptive; no simultaneous CI correction,,,False,False,,
test_01714,results/contest_horizons/predictions.parquet,portfolio_h6_ridge_seasonal/h6,seasonal_naive/h6,targets_jun_sep/h6,128,128,1,1,6,6,1424.9347885802051,3798.328125,-2373.3933364197947,62.48521081679311,,,,,,,-2674.634121997517,-2056.3420965135274,,,,exploratory; insufficient time blocks,False,exploratory; cluster-t assumes independent approximately normal block scores; bootstrap descriptive; no simultaneous CI correction,,,False,False,,
test_01715,results/contest_horizons/predictions.parquet,portfolio_h6_ridge_seasonal/h6,seasonal_naive/h6,targets_dec/h6,128,128,1,1,6,6,1758.4253782755409,4668.5390625,-2910.113684224459,62.33456859341549,,,,,,,-3580.6030139616378,-2183.880527835568,,,,exploratory; insufficient time blocks,False,exploratory; cluster-t assumes independent approximately normal block scores; bootstrap descriptive; no simultaneous CI correction,,,False,False,,
test_01716,results/contest_horizons/predictions.parquet,portfolio_h6_ridge_seasonal/h6,seasonal_naive/h6,all_available/h6,256,128,2,1,6,6,1591.680083427873,4233.43359375,-2641.753510322127,62.4021483228711,,,,,,,-3096.836599247416,-2145.134419050065,,0.5,,exploratory; insufficient time blocks,False,exploratory; cluster-t assumes independent approximately normal block scores; bootstrap descriptive; no simultaneous CI correction,,1.0,False,False,,1.0
test_01717,results/contest_horizons/predictions.parquet,portfolio_early_bolt_seasonal/h12,prophet_monthly/h12,targets_dec/h12,128,128,1,1,12,12,4935.694707999031,7942.611849676517,-3006.917141677486,37.85803962962071,,,,,,,-3910.021483411977,-2146.4296842101644,,,,exploratory; insufficient time blocks,False,exploratory; cluster-t assumes independent approximately normal block scores; bootstrap descriptive; no simultaneous CI correction,,,False,False,,
test_01718,results/contest_horizons/predictions.parquet,portfolio_early_bolt_seasonal/h12,prophet_monthly/h12,all_available/h12,128,128,1,1,12,12,4935.694707999031,7942.611849676517,-3006.917141677486,37.85803962962071,,,,,,,-3910.021483411977,-2146.4296842101644,,,,exploratory; insufficient time blocks,False,exploratory; cluster-t assumes independent approximately normal block scores; bootstrap descriptive; no simultaneous CI correction,,,False,False,,
test_01719,results/contest_horizons/predictions.parquet,portfolio_early_bolt_seasonal/h12,seasonal_naive/h12,targets_dec/h12,128,128,1,1,12,12,4935.694707999031,4668.5390625,267.1556454990314,-5.722467819643126,,,,,,,37.803721480197474,497.3097858649362,,,,exploratory; insufficient time blocks,False,exploratory; cluster-t assumes independent approximately normal block scores; bootstrap descriptive; no simultaneous CI correction,,,False,False,,
test_01720,results/contest_horizons/predictions.parquet,portfolio_early_bolt_seasonal/h12,seasonal_naive/h12,all_available/h12,128,128,1,1,12,12,4935.694707999031,4668.5390625,267.1556454990314,-5.722467819643126,,,,,,,37.803721480197474,497.3097858649362,,,,exploratory; insufficient time blocks,False,exploratory; cluster-t assumes independent approximately normal block scores; bootstrap descriptive; no simultaneous CI correction,,,False,False,,
test_01721,results/hypothesis_analysis/selected_ensemble_predictions.parquet,selected_foundation_ensemble,ridge_seasonal_ensemble,public_origins_jun_sep,24192,2016,6,2,3,"1,2,3",818.089793804466,818.089793804466,0.0,0.0,0.0,0.0,0.0,0.0,0.0,0.0,0.0,0.0,1.0,1.0,0.5,exploratory; insufficient time blocks,False,exploratory; cluster-t assumes independent approximately normal block scores; bootstrap descriptive; no simultaneous CI correction,1.0,1.0,False,False,1.0,1.0
test_01722,results/hypothesis_analysis/selected_ensemble_predictions.parquet,selected_foundation_ensemble,ridge_seasonal_ensemble,later_origins,6048,2016,2,1,3,"1,2",899.3242339958058,899.3242339958058,0.0,0.0,,,,,,,0.0,0.0,,1.0,,exploratory; insufficient time blocks,False,exploratory; cluster-t assumes independent approximately normal block scores; bootstrap descriptive; no simultaneous CI correction,,1.0,False,False,,1.0
test_01723,results/hypothesis_analysis/selected_ensemble_predictions.parquet,selected_foundation_ensemble,ridge_seasonal_ensemble,targets_jun_sep,24192,2016,4,2,3,"1,2,3",950.6647588420032,950.6647588420032,0.0,0.0,,,0.0,0.0,0.0,0.0,0.0,0.0,1.0,1.0,0.5,exploratory; insufficient time blocks,False,exploratory; cluster-t assumes independent approximately normal block scores; bootstrap descriptive; no simultaneous CI correction,1.0,1.0,False,False,1.0,1.0
test_01724,results/hypothesis_analysis/selected_ensemble_predictions.parquet,selected_foundation_ensemble,ridge_seasonal_ensemble,targets_oct_nov,12096,2016,2,1,3,"1,2,3",792.1686357592141,792.1686357592141,0.0,0.0,,,,,,,0.0,0.0,,1.0,,exploratory; insufficient time blocks,False,exploratory; cluster-t assumes independent approximately normal block scores; bootstrap descriptive; no simultaneous CI correction,,1.0,False,False,,1.0
test_01725,results/hypothesis_analysis/selected_ensemble_predictions.parquet,selected_foundation_ensemble,ridge_seasonal_ensemble,targets_dec,6048,2016,1,1,3,"1,2,3",899.3036878733885,899.3036878733885,0.0,0.0,,,,,,,0.0,0.0,,,,exploratory; insufficient time blocks,False,exploratory; cluster-t assumes independent approximately normal block scores; bootstrap descriptive; no simultaneous CI correction,,,False,False,,
test_01726,results/hypothesis_analysis/selected_ensemble_predictions.parquet,selected_foundation_ensemble,ridge_seasonal_ensemble,targets_jan_may,12096,2016,3,1,3,"1,2,3",1268.157895192844,1268.157895192844,0.0,0.0,,,0.0,0.0,,,0.0,0.0,,1.0,,exploratory; insufficient time blocks,False,exploratory; cluster-t assumes independent approximately normal block scores; bootstrap descriptive; no simultaneous CI correction,,1.0,False,False,,1.0
test_01727,results/hypothesis_analysis/selected_ensemble_predictions.parquet,selected_foundation_ensemble,ridge_seasonal_ensemble,all_available,54432,2016,10,4,3,"1,2,3",980.2906427939464,980.2906427939464,0.0,0.0,0.0,0.0,0.0,0.0,0.0,0.0,0.0,0.0,1.0,1.0,0.125,exploratory; insufficient time blocks,False,exploratory; cluster-t assumes independent approximately normal block scores; bootstrap descriptive; no simultaneous CI correction,1.0,1.0,False,False,1.0,1.0
